# SG90
# Autodesk dbId: 71
# Units: mm
o 071_SG90
v -19.750006 -27.718149 19.143413
v -19.750006 -27.623834 18.910808
v -19.818600 -27.715841 19.143900
v -20.008825 -27.261758 18.579684
v -20.183660 -27.249370 18.648786
v -20.104921 -27.455972 18.785167
v -19.933723 -27.455972 18.714254
v -20.250005 -27.208996 18.664514
v -20.616031 -27.015678 18.975323
v -20.715931 -26.888298 19.180122
v -20.683339 -27.009177 19.149812
v -20.715931 -27.010412 19.397900
v -20.750006 -26.751601 19.399898
v -20.616032 -27.251586 19.396037
v -20.587762 -27.249370 19.175422
v -20.457112 -27.458687 19.394438
v -20.435650 -27.455972 19.216180
v -20.250005 -27.617600 19.393211
v -20.237269 -27.615041 19.269337
v -20.008825 -27.717498 19.392440
v -19.750006 -27.751571 19.392177
v -19.937409 -27.715841 19.212495
v -19.882520 -27.715841 19.170377
v -20.002231 -27.615041 18.963031
v -20.106707 -27.615041 19.043197
v -19.880567 -27.615041 18.912636
v -19.750006 -27.474568 18.709016
v -19.750006 -27.279754 18.550749
v -20.363285 -27.249370 18.786618
v -20.251932 -27.455972 18.897972
v -20.457112 -27.125063 18.799459
v -20.501117 -27.249370 18.966244
v -20.364738 -27.455973 19.044983
v -20.186874 -27.615041 19.147672
v -19.979528 -27.715841 19.267384
v -20.006004 -27.715841 19.331304
v -19.750006 -25.260646 16.492404
v -20.008825 -25.231371 16.509841
v -19.750006 -25.821227 17.283118
v -20.250005 -25.145541 16.560961
v -20.008825 -25.795084 17.304971
v -20.457113 -25.009006 16.642282
v -20.250005 -25.718435 17.369041
v -20.616031 -24.831069 16.748262
v -20.457112 -25.596503 17.470962
v -20.715932 -24.623857 16.871678
v -20.616031 -25.437599 17.603788
v -20.750006 -24.401492 17.004119
v -20.715931 -25.252551 17.758467
v -19.750007 -26.499975 17.975056
v -20.008824 -26.477624 18.000774
v -19.750006 -27.279754 18.550749
v -20.750005 -25.053972 17.924458
v -20.715931 -26.013772 18.534479
v -20.616031 -26.171983 18.352443
v -20.457112 -26.307842 18.196124
v -20.250005 -26.412090 18.076176
v -20.750006 -25.843990 18.729828
v -19.750003 -33.251405 19.392180
v -19.882517 -33.287135 19.170379
v -19.818597 -33.287135 19.143903
v -19.750003 -33.284827 19.143416
v -20.008822 -33.285478 19.392442
v -20.006001 -33.287135 19.331307
v -19.979525 -33.287135 19.267387
v -19.937407 -33.287135 19.212497
v -20.250003 -33.385375 19.393214
v -20.715928 -34.114679 19.180126
v -20.715928 -33.992564 19.397904
v -20.750002 -34.251375 19.399902
v -20.616028 -33.987299 18.975327
v -20.683336 -33.993800 19.149816
v -20.501114 -33.753607 18.966247
v -20.587759 -33.753606 19.175426
v -20.457109 -33.877915 18.799463
v -20.363282 -33.753606 18.786621
v -20.250002 -33.793982 18.664517
v -20.008821 -33.741219 18.579687
v -20.183657 -33.753606 18.648790
v -19.933721 -33.547004 18.714257
v -20.104918 -33.547004 18.785170
v -19.750002 -33.723222 18.550753
v -19.750002 -33.528409 18.709019
v -19.880564 -33.387935 18.912639
v -19.750003 -33.379142 18.910811
v -20.237266 -33.387935 19.269340
v -20.002228 -33.387935 18.963034
v -20.616028 -33.751390 19.396041
v -20.364735 -33.547004 19.044986
v -20.435647 -33.547004 19.216184
v -20.457109 -33.544290 19.394441
v -20.186870 -33.387935 19.147676
v -20.251929 -33.547004 18.897975
v -20.106704 -33.387935 19.043200
v -20.750000 -36.601488 17.004126
v -20.715925 -36.379122 16.871684
v -20.750000 -35.949007 17.924463
v -20.616025 -36.171910 16.748268
v -20.715926 -35.750427 17.758472
v -20.457107 -35.993974 16.642288
v -20.616026 -35.565379 17.603793
v -20.250000 -35.857438 16.560967
v -20.457107 -35.406475 17.470967
v -20.008819 -35.771608 16.509847
v -20.250000 -35.284544 17.369046
v -19.750000 -35.742332 16.492411
v -20.008820 -35.207894 17.304976
v -20.750001 -35.158987 18.729833
v -20.715927 -34.989206 18.534484
v -20.750002 -34.251375 19.399902
v -19.750001 -35.181751 17.283123
v -20.008821 -34.525354 18.000779
v -20.250002 -34.590887 18.076180
v -20.457108 -34.695135 18.196128
v -20.616027 -34.830995 18.352446
v -19.750001 -34.503002 17.975061
v -19.750004 -33.153147 20.099774
v -20.008823 -32.905367 20.775374
v -20.008822 -33.186003 20.108805
v -19.750003 -33.251405 19.392180
v -19.750004 -32.875946 20.758185
v -20.008823 -32.462508 21.347167
v -19.750004 -32.438507 21.322980
v -20.008823 -31.887312 21.785596
v -19.750005 -31.870351 21.756043
v -20.008824 -31.218596 22.061076
v -19.750005 -31.209819 22.028152
v -20.008825 -30.501486 22.155015
v -19.750006 -30.501486 22.120941
v -20.008825 -29.784377 22.061075
v -19.750006 -29.793154 22.028151
v -20.008825 -29.115661 21.785595
v -19.750007 -29.132622 21.756042
v -20.008825 -28.540466 21.347165
v -19.750007 -28.564466 21.322977
v -20.008824 -28.097608 20.775372
v -19.750007 -28.127028 20.758182
v -20.008825 -27.816972 20.108802
v -19.750007 -27.849827 20.099772
v -20.008825 -27.717498 19.392440
v -20.715932 -27.135152 20.296206
v -20.750006 -26.751601 19.399898
v -20.750006 -26.885588 20.364800
v -20.715932 -27.487063 21.132072
v -20.616031 -27.367708 20.232286
v -20.715931 -27.010412 19.397900
v -20.616032 -27.695309 21.010408
v -20.457113 -27.567409 20.177397
v -20.616032 -27.251586 19.396037
v -20.457113 -27.874133 20.905933
v -20.250005 -27.720644 20.135279
v -20.457112 -27.458687 19.394438
v -20.250006 -28.011350 20.825766
v -20.250005 -27.617600 19.393211
v -20.750006 -27.263589 21.262634
v -20.715932 -28.042400 21.849091
v -20.616031 -28.212281 21.677893
v -20.457113 -28.358161 21.530882
v -20.250006 -28.470099 21.418077
v -20.750007 -27.860096 22.032808
v -20.715932 -28.763685 22.398875
v -20.616031 -28.883738 22.189696
v -20.457112 -28.986829 22.010071
v -20.250006 -29.065934 21.872239
v -20.750006 -28.634853 22.623351
v -20.715932 -29.602244 22.744322
v -20.616031 -29.664366 22.511280
v -20.457113 -29.717712 22.311161
v -20.250006 -29.758645 22.157604
v -20.750006 -29.535578 22.994408
v -20.715932 -30.501486 22.862121
v -20.616030 -30.501487 22.620941
v -20.457112 -30.501487 22.413834
v -20.250005 -30.501487 22.254916
v -20.750005 -30.501486 23.120941
v -20.715930 -31.400729 22.744323
v -20.616030 -31.338607 22.511280
v -20.457112 -31.285261 22.311162
v -20.250005 -31.244328 22.157605
v -20.750005 -31.467395 22.994409
v -20.715930 -32.239288 22.398877
v -20.616030 -32.119236 22.189698
v -20.457111 -32.016144 22.010072
v -20.250004 -31.937040 21.872241
v -20.750004 -32.368120 22.623353
v -20.715929 -32.960574 21.849093
v -20.616030 -32.790693 21.677895
v -20.457110 -32.644813 21.530885
v -20.250003 -32.532875 21.418079
v -20.750004 -33.142878 22.032811
v -20.715929 -33.515911 21.132075
v -20.616029 -33.307666 21.010411
v -20.457111 -33.128842 20.905936
v -20.250003 -32.991625 20.825769
v -20.750003 -33.739386 21.262637
v -20.715928 -33.867824 20.296210
v -20.616028 -33.635268 20.232289
v -20.457110 -33.435567 20.177400
v -20.250003 -33.282331 20.135282
v -20.750002 -34.117388 20.364805
v -20.749999 -36.601488 16.095832
v -20.697128 -36.512007 16.055412
v -20.708368 -36.491062 16.421980
v -20.720896 -36.477444 16.676105
v -20.749999 -36.601488 15.187536
v -20.735252 -36.599368 13.759030
v -20.721338 -36.593153 14.147542
v -20.709179 -36.583070 14.535200
v -20.693848 -36.552283 15.303334
v -20.692642 -36.532815 15.682009
v -20.749998 -36.601490 13.370947
v -20.406326 -36.549172 14.168016
v -20.494454 -36.563020 14.061511
v -20.621162 -36.591876 13.716121
v -20.749998 -36.601490 13.370947
v -20.093671 -36.390680 14.960770
v -20.067603 -36.254874 15.420253
v -20.155877 -36.360699 15.086207
v -20.258948 -36.447469 14.747659
v -20.372756 -36.514893 14.405795
v -19.853294 -36.122662 15.740000
v -19.953827 -35.987874 16.068550
v -19.998641 -36.130416 15.748279
v -20.749998 -36.601490 13.370947
v -20.720470 -36.597518 13.753432
v -20.531863 -36.563837 14.075258
v -20.639777 -36.592058 13.723077
v -20.334863 -36.451472 14.773609
v -20.429232 -36.516938 14.425948
v -20.633544 -36.508144 15.272527
v -20.628205 -36.470529 15.643301
v -20.633243 -36.429648 16.007537
v -20.650715 -36.387492 16.363271
v -20.135998 -36.148264 15.784836
v -20.183948 -36.266139 15.454870
v -19.940636 -35.876927 16.289170
v -20.114693 -35.913815 16.323101
v -20.112680 -36.015288 16.104731
v -20.715925 -36.379122 16.871684
v -20.750000 -36.601488 17.004126
v -20.671655 -36.359083 16.608266
v -20.616025 -36.171910 16.748268
v -20.591168 -36.232690 16.533577
v -20.487209 -36.120887 16.464869
v -20.462213 -36.184232 16.237225
v -20.362903 -36.026606 16.403973
v -20.457107 -35.993974 16.642288
v -20.343205 -36.105982 16.182023
v -20.221825 -35.952492 16.352608
v -20.250000 -35.857438 16.560967
v -20.211374 -36.045824 16.133784
v -20.008819 -35.771608 16.509847
v -20.559248 -36.463832 15.237451
v -20.545792 -36.407298 15.599525
v -20.546882 -36.344787 15.953856
v -20.480587 -36.427066 15.203209
v -20.455781 -36.354223 15.557284
v -20.448386 -36.272440 15.902820
v -20.398260 -36.398136 15.170093
v -20.359350 -36.311919 15.517101
v -20.339548 -36.213782 15.855296
v -20.312992 -36.377281 15.138391
v -20.257738 -36.280910 15.479486
v -20.222306 -36.169834 15.812123
v -20.251736 -36.367581 15.117122
v -20.565564 -36.278752 16.298095
v -20.699701 -36.569339 14.920728
v -20.647267 -36.540726 14.896932
v -20.584330 -36.512227 14.869697
v -20.519172 -36.488770 14.842875
v -20.452159 -36.470473 14.816614
v -20.383662 -36.457435 14.791059
v -20.749998 -36.601490 13.370947
v -20.556096 -36.565216 14.084255
v -20.651858 -36.592388 13.727602
v -20.749998 -36.601490 13.370947
v -20.590484 -36.568335 14.097142
v -20.669048 -36.593151 13.734050
v -20.749998 -36.601490 13.370947
v -20.624696 -36.572811 14.110107
v -20.686215 -36.594258 13.740506
v -20.749998 -36.601490 13.370947
v -20.658685 -36.578644 14.123133
v -20.703359 -36.595712 13.746967
v -20.749998 -36.601490 13.370947
v -20.692404 -36.585834 14.136203
v -20.749998 -36.601490 13.370947
v -20.465701 -36.520168 14.439281
v -20.517219 -36.527343 14.458551
v -20.568121 -36.537524 14.478109
v -20.618251 -36.550684 14.497892
v -20.667452 -36.566787 14.517841
v -19.853299 -24.880318 15.739994
v -20.058241 -24.762041 15.459888
v -19.986539 -24.902339 15.819330
v -19.945754 -25.064115 16.168627
v -20.093677 -24.612301 14.960764
v -20.284836 -24.537934 14.667610
v -20.153953 -24.644217 15.092946
v -20.406332 -24.453810 14.168009
v -20.588539 -24.416636 13.804225
v -20.431584 -24.462099 14.237318
v -20.750005 -24.401492 15.187530
v -20.692866 -24.472608 15.727036
v -20.693781 -24.451067 15.310961
v -20.701645 -24.430100 14.830391
v -20.714865 -24.414502 14.345437
v -20.731594 -24.404819 13.858108
v -20.750006 -24.401492 16.095825
v -20.750006 -24.401492 17.004119
v -20.713532 -24.518261 16.537061
v -20.698983 -24.495616 16.136541
v -20.715932 -24.623857 16.871678
v -20.659232 -24.628579 16.474420
v -20.008825 -25.231371 16.509841
v -19.750006 -25.260646 16.492404
v -20.128579 -24.882682 15.856027
v -20.111486 -25.032774 16.204037
v -20.635942 -24.582570 16.086449
v -20.628228 -24.537211 15.687304
v -20.250218 -24.637264 15.123949
v -20.177076 -24.750117 15.494841
v -20.651501 -24.455520 14.808152
v -20.679190 -24.425964 14.331071
v -20.478678 -24.460738 14.254395
v -20.356145 -24.534464 14.692263
v -20.214035 -24.998789 16.233395
v -20.217624 -24.859350 15.883789
v -20.350175 -24.932631 16.283100
v -20.250005 -25.145541 16.560961
v -20.338173 -24.812145 15.928123
v -20.471803 -24.847394 16.340836
v -20.457113 -25.009006 16.642282
v -20.449460 -24.749473 15.977301
v -20.575756 -24.745239 16.405129
v -20.616031 -24.831069 16.748262
v -20.549365 -24.672503 16.030398
v -20.252368 -24.734631 15.519816
v -20.311724 -24.627477 15.145290
v -20.355895 -24.702227 15.558119
v -20.397326 -24.606444 15.177113
v -20.453912 -24.658126 15.599165
v -20.479949 -24.577273 15.210369
v -20.545104 -24.602898 15.642414
v -20.558860 -24.540210 15.244766
v -20.633353 -24.495547 15.280006
v -20.402037 -24.529225 14.708770
v -20.509140 -24.458521 14.265625
v -20.466562 -24.517733 14.732860
v -20.552279 -24.453551 14.281778
v -20.529853 -24.501563 14.757535
v -20.595061 -24.446462 14.298093
v -20.591601 -24.480795 14.782672
v -20.750005 -24.401494 13.370940
v -20.611927 -24.416342 13.812938
v -20.627100 -24.415815 13.818610
v -20.750005 -24.401494 13.370940
v -20.648676 -24.414607 13.826704
v -20.750005 -24.401494 13.370940
v -20.670212 -24.412860 13.834813
v -20.750005 -24.401494 13.370940
v -20.750005 -24.401494 13.370940
v -20.691696 -24.410567 13.842935
v -20.750005 -24.401494 13.370940
v -20.713115 -24.407726 13.851065
v -20.637397 -24.437262 14.314535
v -20.750005 -24.401494 13.370940
v -20.749996 -34.134674 7.270947
v -20.715922 -34.002232 7.493312
v -20.749996 -35.089861 7.952748
v -20.616023 -33.878816 7.700525
v -20.715922 -34.922600 8.150260
v -20.457104 -33.772836 7.878461
v -20.616022 -34.766737 8.334312
v -20.249997 -33.691515 8.014997
v -20.457104 -34.632894 8.492362
v -20.008817 -33.640394 8.100827
v -20.249997 -34.530193 8.613636
v -19.749998 -33.622958 8.130101
v -20.008817 -34.465632 8.689873
v -20.008816 -35.771611 10.232046
v -20.008816 -35.182567 9.406808
v -19.749998 -35.156564 9.428828
v -19.749997 -35.742336 10.249482
v -20.249997 -35.857442 10.180926
v -20.249997 -35.258804 9.342246
v -20.457104 -35.993977 10.099605
v -20.457104 -35.380079 9.239546
v -20.616022 -36.171914 9.993625
v -20.616022 -35.538128 9.105704
v -20.715922 -36.379126 9.870208
v -20.715922 -35.722179 8.949841
v -20.749996 -36.601491 9.737766
v -20.749996 -35.919691 8.782579
v -19.749998 -34.443611 8.715875
v -20.749997 -33.226379 7.270948
v -20.697126 -33.185959 7.360429
v -20.708366 -33.552528 7.381373
v -20.720894 -33.806653 7.394990
v -20.749997 -32.318085 7.270946
v -20.735252 -30.889578 7.273066
v -20.721337 -31.278090 7.279280
v -20.709179 -31.665748 7.289365
v -20.693846 -32.433882 7.320151
v -20.692640 -32.812557 7.339619
v -20.749998 -30.501495 7.270945
v -20.406325 -31.298564 7.323263
v -20.494453 -31.192059 7.309414
v -20.621162 -30.846669 7.280558
v -20.749998 -30.501495 7.270945
v -20.093669 -32.091318 7.481755
v -20.067601 -32.550800 7.617560
v -20.155876 -32.216755 7.511736
v -20.258946 -31.878207 7.424965
v -20.372756 -31.536343 7.357542
v -19.853292 -32.870548 7.749773
v -19.953825 -33.199098 7.884560
v -19.998638 -32.878826 7.742019
v -20.749998 -30.501495 7.270945
v -20.720471 -30.883979 7.274917
v -20.531862 -31.205807 7.308598
v -20.639777 -30.853625 7.280377
v -20.334862 -31.904156 7.420962
v -20.429232 -31.556496 7.355498
v -20.633542 -32.403075 7.364290
v -20.628203 -32.773848 7.401905
v -20.633241 -33.138086 7.442786
v -20.650712 -33.493819 7.484942
v -20.135996 -32.915383 7.724169
v -20.183947 -32.585418 7.606295
v -19.940635 -33.419717 7.995507
v -20.114691 -33.453649 7.958622
v -20.112678 -33.235278 7.857146
v -20.715922 -34.002232 7.493312
v -20.749996 -34.134674 7.270947
v -20.671652 -33.738814 7.513351
v -20.616023 -33.878816 7.700525
v -20.591166 -33.664125 7.639744
v -20.487207 -33.595416 7.751548
v -20.462211 -33.367773 7.688203
v -20.362900 -33.534521 7.845829
v -20.457104 -33.772836 7.878461
v -20.343202 -33.312571 7.766452
v -20.221823 -33.483156 7.919942
v -20.249997 -33.691515 8.014997
v -20.211372 -33.264332 7.826611
v -20.008817 -33.640394 8.100827
v -20.559247 -32.367999 7.408603
v -20.545790 -32.730073 7.465135
v -20.546880 -33.084404 7.527648
v -20.480586 -32.333757 7.445369
v -20.455780 -32.687833 7.518212
v -20.448384 -33.033367 7.599994
v -20.398258 -32.300641 7.474299
v -20.359348 -32.647649 7.560516
v -20.339546 -32.985844 7.658652
v -20.312990 -32.268938 7.495154
v -20.257736 -32.610034 7.591524
v -20.222305 -32.942670 7.702601
v -20.251735 -32.247669 7.504854
v -20.565562 -33.428643 7.593684
v -20.699700 -32.051276 7.303095
v -20.647267 -32.027480 7.331709
v -20.584329 -32.000245 7.360208
v -20.519172 -31.973424 7.383665
v -20.452158 -31.947163 7.401962
v -20.383661 -31.921607 7.414998
v -20.749998 -30.501495 7.270945
v -20.556096 -31.214802 7.307219
v -20.651858 -30.858149 7.280045
v -20.749998 -30.501495 7.270945
v -20.590483 -31.227690 7.304100
v -20.669047 -30.864598 7.279284
v -20.749998 -30.501495 7.270945
v -20.624696 -31.240655 7.299624
v -20.686216 -30.871054 7.278178
v -20.749998 -30.501495 7.270945
v -20.658685 -31.253681 7.293790
v -20.703359 -30.877515 7.276724
v -20.749998 -30.501495 7.270945
v -20.692403 -31.266751 7.286601
v -20.749998 -30.501495 7.270945
v -20.465700 -31.569828 7.352267
v -20.517218 -31.589100 7.345091
v -20.568121 -31.608657 7.334910
v -20.618250 -31.628440 7.321750
v -20.667451 -31.648389 7.305648
v -19.853292 -36.122664 11.001894
v -20.058233 -36.240941 11.281999
v -19.986530 -36.100644 10.922558
v -19.945745 -35.938867 10.573260
v -20.093669 -36.390681 11.781123
v -20.284829 -36.465049 12.074277
v -20.153946 -36.358766 11.648942
v -20.406325 -36.549172 12.573878
v -20.588533 -36.586348 12.937662
v -20.431577 -36.540884 12.504569
v -20.749997 -36.601490 11.554357
v -20.692857 -36.530375 11.014850
v -20.693773 -36.551916 11.430926
v -20.701638 -36.572884 11.911496
v -20.714858 -36.588482 12.396450
v -20.731588 -36.598164 12.883779
v -20.749997 -36.601491 10.646062
v -20.749996 -36.601491 9.737766
v -20.713524 -36.484722 10.204827
v -20.698975 -36.507368 10.605346
v -20.715922 -36.379126 9.870208
v -20.659223 -36.374404 10.267466
v -20.008816 -35.771611 10.232046
v -19.749997 -35.742336 10.249482
v -20.128570 -36.120300 10.885859
v -20.111478 -35.970209 10.537849
v -20.635934 -36.420413 10.655437
v -20.628220 -36.465772 11.054583
v -20.250210 -36.365718 11.617938
v -20.177068 -36.252866 11.247046
v -20.651493 -36.547463 11.933735
v -20.679183 -36.577019 12.410816
v -20.478671 -36.542245 12.487492
v -20.356139 -36.468520 12.049624
v -20.214028 -36.004194 10.508493
v -20.217616 -36.143633 10.858097
v -20.350167 -36.070352 10.458787
v -20.249997 -35.857442 10.180926
v -20.338164 -36.190838 10.813764
v -20.471794 -36.155589 10.401051
v -20.457104 -35.993977 10.099605
v -20.449450 -36.253510 10.764586
v -20.575747 -36.257745 10.336757
v -20.616022 -36.171914 9.993625
v -20.549356 -36.330480 10.711489
v -20.252359 -36.268351 11.222070
v -20.311716 -36.375505 11.596597
v -20.355887 -36.300756 11.183767
v -20.397318 -36.396539 11.564774
v -20.453904 -36.344857 11.142722
v -20.479941 -36.425710 11.531518
v -20.545096 -36.400085 11.099474
v -20.558853 -36.462773 11.497121
v -20.633345 -36.507436 11.461880
v -20.402029 -36.473757 12.033117
v -20.509133 -36.544463 12.476263
v -20.466554 -36.485250 12.009026
v -20.552271 -36.549431 12.460110
v -20.529847 -36.501419 11.984353
v -20.595054 -36.556521 12.443794
v -20.591594 -36.522188 11.959215
v -20.749998 -36.601490 13.370947
v -20.611921 -36.586641 12.928949
v -20.627093 -36.587168 12.923276
v -20.749998 -36.601490 13.370947
v -20.648670 -36.588376 12.915184
v -20.749998 -36.601490 13.370947
v -20.670206 -36.590124 12.907074
v -20.749998 -36.601490 13.370947
v -20.749998 -36.601490 13.370947
v -20.691689 -36.592416 12.898952
v -20.749998 -36.601490 13.370947
v -20.713108 -36.595257 12.890822
v -20.637389 -36.565721 12.427352
v -20.749998 -36.601490 13.370947
v -20.750002 -24.401495 9.737760
v -20.715928 -24.623861 9.870203
v -20.750002 -25.083297 8.782574
v -20.616028 -24.831073 9.993619
v -20.715928 -25.280809 8.949836
v -20.457109 -25.009009 10.099598
v -20.616027 -25.464860 9.105698
v -20.250002 -25.145545 10.180919
v -20.457109 -25.622909 9.239542
v -20.008822 -25.231375 10.232040
v -20.250002 -25.744184 9.342241
v -19.750003 -25.260650 10.249477
v -20.008821 -25.820420 9.406803
v -20.008820 -27.362594 8.100824
v -20.008821 -26.537356 8.689868
v -19.750002 -26.559376 8.715871
v -19.750001 -27.380030 8.130098
v -20.250000 -27.311473 8.014992
v -20.250002 -26.472795 8.613632
v -20.457107 -27.230153 7.878458
v -20.457108 -26.370094 8.492356
v -20.616026 -27.124173 7.700521
v -20.616027 -26.236252 8.334308
v -20.715926 -27.000757 7.493309
v -20.715927 -26.080390 8.150255
v -20.750000 -26.868315 7.270943
v -20.750001 -25.913128 7.952743
v -19.750003 -25.846423 9.428823
v -20.750003 -24.401495 10.646057
v -20.697131 -24.490976 10.686475
v -20.708372 -24.511921 10.319907
v -20.720900 -24.525539 10.065781
v -20.750003 -24.401494 11.554350
v -20.735257 -24.403615 12.982857
v -20.721343 -24.409830 12.594345
v -20.709185 -24.419913 12.206687
v -20.693852 -24.450699 11.438552
v -20.692646 -24.470168 11.059878
v -20.406332 -24.453811 12.573871
v -20.494459 -24.439963 12.680376
v -20.621168 -24.411107 13.025766
v -20.750005 -24.401494 13.370940
v -20.093675 -24.612303 11.781117
v -20.067607 -24.748108 11.321633
v -20.155881 -24.642284 11.655680
v -20.258953 -24.555514 11.994228
v -20.372761 -24.488090 12.336091
v -19.853298 -24.880320 11.001887
v -19.953831 -25.015108 10.673336
v -19.998644 -24.872566 10.993608
v -20.750005 -24.401494 13.370940
v -20.720476 -24.405466 12.988455
v -20.531868 -24.439147 12.666628
v -20.639783 -24.410925 13.018809
v -20.334868 -24.551511 11.968278
v -20.429238 -24.486045 12.315939
v -20.633547 -24.494839 11.469359
v -20.628209 -24.532454 11.098587
v -20.633248 -24.573335 10.734350
v -20.650717 -24.615491 10.378616
v -20.136002 -24.854718 10.957051
v -20.183952 -24.736843 11.287016
v -19.940640 -25.126055 10.452717
v -20.114696 -25.089168 10.418786
v -20.112684 -24.987695 10.637156
v -20.715928 -24.623861 9.870203
v -20.750002 -24.401495 9.737760
v -20.671659 -24.643900 10.133621
v -20.616028 -24.831073 9.993619
v -20.591172 -24.770293 10.208310
v -20.487213 -24.882095 10.277019
v -20.462217 -24.818751 10.504662
v -20.362906 -24.976376 10.337914
v -20.457109 -25.009009 10.099598
v -20.343208 -24.897000 10.559863
v -20.221828 -25.050491 10.389279
v -20.250002 -25.145545 10.180919
v -20.211378 -24.957159 10.608102
v -20.008822 -25.231375 10.232040
v -20.559253 -24.539151 11.504436
v -20.545796 -24.595684 11.142362
v -20.546886 -24.658196 10.788030
v -20.480592 -24.575917 11.538678
v -20.455785 -24.648759 11.184603
v -20.448390 -24.730543 10.839068
v -20.398265 -24.604847 11.571794
v -20.359354 -24.691063 11.224786
v -20.339551 -24.789201 10.886591
v -20.312996 -24.625702 11.603495
v -20.257742 -24.722073 11.262400
v -20.222310 -24.833149 10.929765
v -20.251740 -24.635401 11.624766
v -20.565568 -24.724231 10.443792
v -20.699706 -24.433644 11.821159
v -20.647272 -24.462258 11.844955
v -20.584335 -24.490756 11.872190
v -20.519178 -24.514213 11.899011
v -20.452164 -24.532510 11.925273
v -20.383666 -24.545547 11.950828
v -20.750005 -24.401494 13.370940
v -20.556101 -24.437767 12.657632
v -20.651864 -24.410594 13.014286
v -20.750005 -24.401494 13.370940
v -20.590490 -24.434649 12.644745
v -20.669053 -24.409832 13.007837
v -20.750005 -24.401494 13.370940
v -20.624702 -24.430172 12.631780
v -20.686221 -24.408725 13.001381
v -20.750005 -24.401494 13.370940
v -20.658691 -24.424339 12.618755
v -20.703365 -24.407271 12.994920
v -20.750005 -24.401494 13.370940
v -20.692410 -24.417149 12.605685
v -20.750005 -24.401494 13.370940
v -20.465706 -24.482815 12.302607
v -20.517224 -24.475640 12.283336
v -20.568126 -24.465459 12.263778
v -20.618256 -24.452299 12.243995
v -20.667457 -24.436196 12.224045
v -19.853294 -28.132441 7.749770
v -20.058235 -28.412547 7.631492
v -19.986533 -28.053105 7.771791
v -19.945748 -27.703808 7.933568
v -20.093671 -28.911671 7.481752
v -20.284831 -29.204825 7.407385
v -20.153948 -28.779489 7.513669
v -20.406326 -29.704426 7.323262
v -20.588534 -30.068210 7.286087
v -20.431578 -29.635117 7.331550
v -20.749999 -28.684905 7.270945
v -20.692859 -28.145398 7.342059
v -20.693775 -28.561474 7.320518
v -20.701639 -29.042044 7.299551
v -20.714859 -29.526998 7.283953
v -20.731588 -30.014327 7.274270
v -20.749999 -27.776610 7.270944
v -20.750000 -26.868315 7.270943
v -20.713527 -27.335375 7.387713
v -20.698978 -27.735894 7.365067
v -20.715926 -27.000757 7.493309
v -20.659226 -27.398015 7.498031
v -20.008820 -27.362594 8.100824
v -19.750001 -27.380030 8.130098
v -20.128574 -28.016408 7.752134
v -20.111481 -27.668398 7.902226
v -20.635937 -27.785985 7.452022
v -20.628223 -28.185131 7.406662
v -20.250212 -28.748486 7.506717
v -20.177071 -28.377594 7.619570
v -20.651494 -29.064283 7.324971
v -20.679184 -29.541364 7.295416
v -20.478672 -29.618040 7.330189
v -20.356140 -29.180171 7.403916
v -20.214031 -27.639041 7.868240
v -20.217618 -27.988646 7.728802
v -20.350170 -27.589335 7.802083
v -20.250000 -27.311473 8.014992
v -20.338167 -27.944312 7.681596
v -20.471797 -27.531599 7.716845
v -20.457107 -27.230153 7.878458
v -20.449454 -27.895134 7.618925
v -20.575750 -27.467306 7.614690
v -20.616026 -27.124173 7.700521
v -20.549359 -27.842037 7.541955
v -20.252363 -28.352618 7.604083
v -20.311719 -28.727145 7.496929
v -20.355890 -28.314316 7.571680
v -20.397320 -28.695321 7.475896
v -20.453906 -28.273270 7.527577
v -20.479944 -28.662066 7.446725
v -20.545099 -28.230022 7.472350
v -20.558855 -28.627670 7.409661
v -20.633348 -28.592429 7.364999
v -20.402031 -29.163665 7.398677
v -20.509134 -29.606810 7.327972
v -20.466556 -29.139575 7.387184
v -20.552272 -29.590657 7.323003
v -20.529848 -29.114901 7.371015
v -20.595055 -29.574342 7.315914
v -20.591595 -29.089763 7.350246
v -20.749998 -30.501495 7.270945
v -20.611921 -30.059498 7.285792
v -20.627094 -30.053825 7.285265
v -20.749998 -30.501495 7.270945
v -20.648670 -30.045732 7.284059
v -20.749998 -30.501495 7.270945
v -20.670207 -30.037622 7.282311
v -20.749998 -30.501495 7.270945
v -20.749998 -30.501495 7.270945
v -20.691690 -30.029501 7.280018
v -20.749998 -30.501495 7.270945
v -20.713110 -30.021370 7.277178
v -20.637390 -29.557900 7.306714
v -20.749998 -30.501495 7.270945
v -20.750010 -24.401485 28.770936
v -20.750006 -28.634853 22.623351
v -20.750007 -27.860096 22.032808
v -20.750006 -27.263589 21.262634
v -20.750006 -26.885588 20.364800
v -20.750006 -25.843990 18.729828
v -20.750005 -25.053972 17.924458
v -20.750011 -24.535459 29.270937
v -20.750011 -24.694379 29.478042
v -20.750012 -24.901485 29.636961
v -20.750011 -25.142666 29.736863
v -20.750011 -25.401485 29.770936
v -20.750012 -24.435559 29.029754
v -20.750005 -30.501486 23.120941
v -20.750006 -29.535578 22.994408
v -20.750006 -35.601481 29.770941
v -20.750004 -32.368120 22.623353
v -20.750005 -31.467395 22.994409
v -20.750006 -35.860300 29.736868
v -20.750005 -36.601482 28.770942
v -20.750005 -36.308587 29.478049
v -20.750005 -36.467506 29.270943
v -20.750000 -35.949007 17.924463
v -20.750001 -35.158987 18.729833
v -20.750002 -34.117388 20.364805
v -20.750003 -33.739386 21.262637
v -20.750004 -33.142878 22.032811
v -20.750005 -36.101481 29.636967
v -20.750005 -36.567407 29.029761
v -16.350008 -26.162157 17.658154
v -19.750006 -25.821227 17.283118
v -19.750007 -26.499975 17.975056
v -16.350007 -27.279752 18.550751
v -16.350007 -25.283131 16.529855
v -19.853299 -24.880318 15.739994
v -19.750006 -25.260646 16.492404
v -16.350006 -24.691003 15.227884
v -20.093677 -24.612301 14.960764
v -16.350007 -24.418326 13.823820
v -20.750005 -24.401494 13.370940
v -20.406332 -24.453810 14.168009
v -16.350006 -24.480092 12.394859
v -20.093675 -24.612303 11.781117
v -20.406332 -24.453811 12.573871
v -16.350005 -24.872904 11.019560
v -19.750003 -25.260650 10.249477
v -19.853298 -24.880320 11.001887
v -16.350004 -25.575168 9.773537
v -19.750003 -25.846423 9.428823
v -16.350003 -26.548273 8.725294
v -19.750001 -27.380030 8.130098
v -19.750002 -26.559376 8.715871
v -16.350003 -27.738720 7.932463
v -19.853294 -28.132441 7.749770
v -16.350002 -29.081060 7.438631
v -20.406326 -29.704426 7.323262
v -20.093671 -28.911671 7.481752
v -16.350000 -30.501492 7.270946
v -20.406325 -31.298564 7.323263
v -20.749998 -30.501495 7.270945
v -16.349999 -31.921925 7.438631
v -19.853292 -32.870548 7.749773
v -20.093669 -32.091318 7.481755
v -16.350000 -33.264264 7.932465
v -19.749998 -33.622958 8.130101
v -16.349999 -34.454710 8.725299
v -19.749998 -35.156564 9.428828
v -19.749998 -34.443611 8.715875
v -16.350000 -35.427814 9.773542
v -19.749997 -35.742336 10.249482
v -16.349999 -36.130077 11.019567
v -20.093669 -36.390681 11.781123
v -19.853292 -36.122664 11.001894
v -16.349999 -36.522888 12.394865
v -20.406325 -36.549172 12.573878
v -16.350000 -36.584652 13.823826
v -20.406326 -36.549172 14.168016
v -20.749998 -36.601490 13.370947
v -16.350001 -36.311974 15.227889
v -19.853294 -36.122662 15.740000
v -20.093671 -36.390680 14.960770
v -16.350001 -35.719844 16.529861
v -19.750001 -35.181751 17.283123
v -19.750000 -35.742332 16.492411
v -16.350003 -34.840817 17.658160
v -19.750001 -34.503002 17.975061
v -27.360004 -35.601482 34.670938
v -25.000005 -35.860299 34.636864
v -25.000007 -35.601481 34.670939
v -27.360004 -35.860301 34.636864
v -25.000005 -36.101480 34.536964
v -27.360004 -36.101482 34.536964
v -25.000005 -36.308587 34.378046
v -27.360004 -36.308588 34.378046
v -25.000005 -36.467507 34.170941
v -27.360004 -36.467507 34.170940
v -25.000005 -36.567407 33.929759
v -27.360003 -36.567408 33.929757
v -25.000005 -36.601481 33.670940
v -27.360003 -36.601482 33.670940
v -25.000003 -36.601484 28.770941
v -25.000003 -36.567409 29.029760
v -25.000005 -36.601481 33.670940
v -25.000004 -36.308590 29.478047
v -25.000003 -36.101483 29.636966
v -25.000008 -25.401487 29.770935
v -25.000009 -25.142668 29.736861
v -25.000011 -24.401485 33.670933
v -25.000009 -24.694381 29.478041
v -25.000009 -24.535462 29.270935
v -25.000009 -24.901487 29.636960
v -25.000009 -24.435562 29.029753
v -25.000010 -24.401488 28.770934
v -25.000012 -24.435559 33.929751
v -25.000011 -25.401484 34.670934
v -25.000011 -24.694378 34.378040
v -25.000012 -24.901484 34.536959
v -25.000011 -24.535459 34.170934
v -25.000011 -25.142665 34.636858
v -25.000008 -30.001483 33.286961
v -25.000008 -30.001483 34.670936
v -25.000008 -29.794377 33.128042
v -25.000008 -29.635458 32.920937
v -25.000008 -29.535558 32.679756
v -25.000008 -29.501484 32.420936
v -25.000008 -29.535558 32.162118
v -25.000008 -29.635459 31.920937
v -25.000008 -29.794377 31.713830
v -25.000008 -30.001484 31.554911
v -25.000007 -30.242665 31.455011
v -25.000007 -30.501484 31.420937
v -25.000003 -35.601483 29.770941
v -25.000006 -30.760303 31.455012
v -25.000006 -31.001484 31.554912
v -25.000007 -31.208591 31.713831
v -25.000006 -31.367509 31.920938
v -25.000007 -31.467409 32.162119
v -25.000007 -31.501483 32.420938
v -25.000007 -31.467409 32.679756
v -25.000007 -31.367509 32.920938
v -25.000008 -31.208590 33.128045
v -25.000008 -31.001483 33.286963
v -25.000007 -35.601481 34.670939
v -27.360010 -24.401486 33.670933
v -25.000012 -24.435559 33.929751
v -25.000011 -24.401485 33.670933
v -27.360010 -24.435560 33.929752
v -25.000011 -24.535459 34.170934
v -27.360010 -24.535460 34.170933
v -25.000011 -24.694378 34.378040
v -27.360010 -24.694379 34.378039
v -25.000012 -24.901484 34.536959
v -27.360010 -24.901486 34.536958
v -25.000011 -25.142665 34.636858
v -27.360009 -25.142667 34.636858
v -25.000011 -25.401484 34.670934
v -27.360010 -25.401485 34.670934
v -27.359990 -36.601499 3.370949
v -24.999991 -36.567423 3.112129
v -24.999991 -36.601497 3.370949
v -27.359990 -36.567425 3.112129
v -24.999991 -36.467523 2.870947
v -27.359990 -36.467524 2.870947
v -24.999991 -36.308604 2.663842
v -27.359990 -36.308606 2.663842
v -24.999991 -36.101498 2.504924
v -27.359990 -36.101499 2.504922
v -24.999991 -35.860317 2.405022
v -27.359990 -35.860318 2.405022
v -24.999991 -35.601498 2.370948
v -27.359990 -35.601499 2.370948
v -27.360001 -36.601485 28.770941
v -43.359984 -36.601505 8.270943
v -27.359992 -36.601496 8.270947
v -20.750000 -36.601488 17.004126
v -43.359994 -36.601494 28.770937
v -27.359990 -36.601499 3.370949
v -24.999993 -36.601495 8.270947
v -24.999991 -36.601497 3.370949
v -24.999994 -31.001500 2.370945
v -24.999994 -31.001499 3.754920
v -24.999991 -35.601498 2.370948
v -24.999994 -31.367524 4.120945
v -24.999995 -31.467424 4.362127
v -24.999991 -36.601497 3.370949
v -24.999995 -31.208605 5.328051
v -24.999995 -31.001498 5.486970
v -24.999993 -35.601495 7.270946
v -24.999996 -30.001498 5.486970
v -24.999996 -29.794392 5.328051
v -24.999999 -25.401499 7.270941
v -24.999996 -29.535573 4.362126
v -24.999995 -29.635474 4.120944
v -24.999997 -24.401501 3.370941
v -24.999996 -25.401502 2.370942
v -24.999995 -29.794392 3.913838
v -24.999995 -30.001499 3.754919
v -24.999994 -30.001500 2.370945
v -24.999997 -24.901502 2.504917
v -24.999997 -24.694395 2.663835
v -24.999997 -24.535476 2.870941
v -24.999998 -24.435575 3.112124
v -24.999997 -25.142683 2.405017
v -24.999995 -29.535573 4.879763
v -24.999996 -29.501499 4.620945
v -24.999999 -24.435573 8.012122
v -25.000000 -24.535473 7.770941
v -24.999999 -24.694393 7.563835
v -24.999999 -24.901499 7.404916
v -24.999999 -25.142680 7.305015
v -25.000000 -24.401499 8.270941
v -24.999995 -30.501498 5.620945
v -24.999996 -30.242679 5.586870
v -24.999995 -29.635473 5.120944
v -24.999995 -31.467424 4.879764
v -24.999995 -31.367523 5.120945
v -24.999996 -30.760317 5.586871
v -24.999993 -35.860314 7.305020
v -24.999993 -36.308602 7.563841
v -24.999993 -36.467520 7.770947
v -27.359995 -25.401503 2.370942
v -24.999997 -25.142683 2.405017
v -24.999996 -25.401502 2.370942
v -27.359996 -25.142684 2.405017
v -24.999997 -24.901502 2.504917
v -27.359995 -24.901503 2.504916
v -24.999997 -24.694395 2.663835
v -27.359996 -24.694397 2.663835
v -24.999997 -24.535476 2.870941
v -27.359996 -24.535477 2.870941
v -24.999998 -24.435575 3.112124
v -27.359996 -24.435577 3.112123
v -24.999997 -24.401501 3.370941
v -27.359996 -24.401502 3.370941
v -27.359999 -24.401500 8.270940
v -20.750006 -24.401492 17.004119
v -20.750006 -24.401492 16.095825
v -20.750005 -24.401492 15.187530
v -25.000000 -24.401499 8.270941
v -24.999997 -24.401501 3.370941
v -27.359996 -24.401502 3.370941
v -43.360000 -24.401497 28.770930
v -27.360008 -24.401489 28.770934
v -43.359991 -24.401509 8.270936
v -25.000010 -24.401488 28.770934
v -27.360008 -25.401488 29.770934
v -43.360000 -25.142678 29.736857
v -43.360000 -25.401497 29.770930
v -27.360008 -25.142669 29.736861
v -43.360000 -24.901497 29.636956
v -27.360008 -24.901488 29.636960
v -43.360000 -24.694391 29.478036
v -27.360008 -24.694382 29.478040
v -43.360000 -24.535472 29.270931
v -27.360008 -24.535463 29.270935
v -43.360000 -24.435572 29.029749
v -27.360007 -24.435563 29.029753
v -43.360000 -24.401497 28.770930
v -43.359990 -24.535483 7.770936
v -43.359991 -24.401509 8.270936
v -43.359991 -24.435583 8.012117
v -43.359990 -24.694402 7.563830
v -43.359991 -24.901509 7.404911
v -43.359990 -25.142690 7.305010
v -43.359990 -25.401509 7.270937
v -43.359985 -35.601505 7.270942
v -43.359984 -36.601505 8.270943
v -43.359994 -36.601494 28.770937
v -43.359995 -35.601493 29.770936
v -43.359985 -35.860324 7.305015
v -43.359984 -36.101506 7.404917
v -43.359985 -36.467530 7.770942
v -43.359984 -36.567431 8.012124
v -43.359994 -36.467519 29.270937
v -43.359993 -36.567419 29.029755
v -43.359994 -36.308600 29.478043
v -43.359995 -36.101493 29.636962
v -43.359994 -35.860312 29.736862
v -43.360000 -25.401497 29.770930
v -27.360002 -36.567411 29.029759
v -43.359994 -36.467519 29.270937
v -43.359993 -36.567419 29.029755
v -27.360001 -36.601485 28.770941
v -27.360002 -36.467510 29.270941
v -43.359994 -36.308600 29.478043
v -27.360002 -36.308591 29.478047
v -43.359995 -36.101493 29.636962
v -27.360002 -36.101484 29.636965
v -43.359994 -35.860312 29.736862
v -27.360002 -35.860303 29.736866
v -43.359995 -35.601493 29.770936
v -27.360002 -35.601484 29.770940
v -27.359999 -24.435574 8.012121
v -43.359990 -24.535483 7.770936
v -43.359991 -24.435583 8.012117
v -27.359999 -24.401500 8.270940
v -27.359998 -24.535474 7.770939
v -43.359990 -24.694402 7.563830
v -27.359999 -24.694394 7.563835
v -43.359991 -24.901509 7.404911
v -27.359998 -24.901500 7.404915
v -43.359990 -25.142690 7.305010
v -27.359998 -25.142682 7.305014
v -43.359990 -25.401509 7.270937
v -27.359998 -25.401500 7.270941
v -27.359993 -35.601497 7.270946
v -43.359985 -35.860324 7.305015
v -43.359985 -35.601505 7.270942
v -27.359992 -35.860316 7.305020
v -43.359984 -36.101506 7.404917
v -27.359992 -36.101496 7.404921
v -43.359985 -36.308611 7.563836
v -27.359992 -36.308603 7.563840
v -43.359985 -36.467530 7.770942
v -27.359992 -36.467522 7.770947
v -43.359984 -36.567431 8.012124
v -27.359992 -36.567422 8.012127
v -43.359984 -36.601505 8.270943
v -27.359993 -31.001501 2.370945
v -27.359993 -31.001500 3.754919
v -24.999994 -31.001500 2.370945
v -16.350008 -28.127026 20.758184
v -16.350008 -27.751569 19.392177
v -16.350007 -27.849826 20.099773
v -16.350008 -28.564464 21.322978
v -16.350007 -29.132620 21.756043
v -16.350007 -29.793152 22.028152
v -16.350008 -30.501484 22.120942
v -16.350007 -31.209817 22.028152
v -16.350006 -31.870349 21.756044
v -16.350006 -32.438505 21.322980
v -16.350005 -32.875944 20.758186
v -16.350004 -33.153145 20.099776
v -20.008825 -27.261758 18.579684
v -20.250005 -27.208996 18.664514
v -20.457112 -27.125063 18.799459
v -20.616031 -27.015678 18.975323
v -20.715931 -26.888298 19.180122
v -20.750006 -26.751601 19.399898
v -20.715928 -34.114679 19.180126
v -20.616028 -33.987299 18.975327
v -20.457109 -33.877915 18.799463
v -20.250002 -33.793982 18.664517
v -20.008821 -33.741219 18.579687
v -19.750002 -33.723222 18.550753
v -19.750002 -33.723222 18.550753
v -16.350004 -33.723220 18.550754
v -19.750002 -33.528409 18.709019
v -16.350004 -33.528407 18.709020
v -19.750003 -33.379142 18.910811
v -16.350005 -33.379140 18.910812
v -19.750003 -33.284827 19.143416
v -16.350004 -33.284825 19.143417
v -19.750003 -33.251405 19.392180
v -16.350004 -33.251403 19.392181
v -19.750006 -27.751571 19.392177
v -20.008822 -33.285478 19.392442
v -20.250003 -33.385375 19.393214
v -20.457109 -33.544290 19.394441
v -20.616028 -33.751390 19.396041
v -20.715928 -33.992564 19.397904
v -20.750002 -34.251375 19.399902
v -19.750006 -27.751571 19.392177
v -16.350008 -27.751569 19.392177
v -19.750006 -27.718149 19.143413
v -16.350007 -27.718147 19.143414
v -19.750006 -27.623834 18.910808
v -16.350007 -27.623832 18.910809
v -19.750006 -27.474568 18.709016
v -16.350006 -27.474566 18.709017
v -19.750006 -27.279754 18.550749
v -16.350007 -27.279752 18.550751
v -19.750000 -35.742332 16.492411
v -20.750005 -24.401494 13.370940
v -20.750005 -24.401494 13.370940
v -19.749998 -33.622958 8.130101
v -20.749998 -36.601490 13.370947
v -20.749998 -36.601490 13.370947
v -19.750003 -25.260650 10.249477
v -20.750005 -24.401494 13.370940
v -20.749998 -30.501495 7.270945
v -20.749998 -30.501495 7.270945
v -20.750000 -36.601488 17.004126
v -20.750002 -34.251375 19.399902
v -20.750006 -26.751601 19.399898
v -20.750006 -24.401492 17.004119
v -19.750002 -33.723222 18.550753
v -16.350004 -33.723220 18.550754
v -19.750006 -27.279754 18.550749
v -25.000007 -35.601481 34.670939
v -25.000008 -31.001482 34.670937
v -27.360004 -35.601482 34.670938
v -27.360006 -31.001484 34.670936
v -25.000005 -35.860299 34.636864
v -25.000005 -36.101480 34.536964
v -25.000005 -36.308587 34.378046
v -25.000005 -36.467507 34.170941
v -25.000005 -36.567407 33.929759
v -25.000008 -31.001482 34.670937
v -25.000003 -36.467509 29.270941
v -25.000004 -35.860302 29.736867
v -27.360010 -25.401485 34.670934
v -27.360007 -30.001484 34.670936
v -25.000011 -25.401484 34.670934
v -25.000008 -30.001483 34.670936
v -27.360003 -36.601482 33.670940
v -25.000005 -36.601481 33.670940
v -25.000003 -36.601484 28.770941
v -20.750005 -36.601482 28.770942
v -20.749999 -36.601488 16.095832
v -20.749999 -36.601488 15.187536
v -20.749998 -36.601490 13.370947
v -20.749997 -36.601490 11.554357
v -20.749997 -36.601491 10.646062
v -20.749996 -36.601491 9.737766
v -20.749996 -36.601492 8.270948
v -24.999991 -36.567423 3.112129
v -24.999991 -36.467523 2.870947
v -24.999991 -36.308604 2.663842
v -24.999991 -36.101498 2.504924
v -24.999994 -31.208606 3.913839
v -24.999994 -31.501498 4.620945
v -24.999993 -36.101495 7.404922
v -24.999994 -36.567421 8.012129
v -24.999993 -36.601495 8.270947
v -24.999991 -35.860317 2.405022
v -25.000011 -24.401485 33.670933
v -27.360010 -24.401486 33.670933
v -20.750010 -24.401485 28.770936
v -20.750005 -24.401494 13.370940
v -20.750003 -24.401494 11.554350
v -20.750003 -24.401495 10.646057
v -20.750002 -24.401495 9.737760
v -20.750002 -24.401496 8.270942
v -27.360008 -24.401489 28.770934
v -43.360000 -25.142678 29.736857
v -43.360000 -24.401497 28.770930
v -43.360000 -24.901497 29.636956
v -43.360000 -24.694391 29.478036
v -43.360000 -24.535472 29.270931
v -43.360000 -24.435572 29.029749
v -43.359985 -36.308611 7.563836
v -25.000008 -25.401487 29.770935
v -20.750011 -25.401485 29.770936
v -25.000009 -25.142668 29.736861
v -20.750011 -25.142666 29.736863
v -25.000009 -24.901487 29.636960
v -20.750012 -24.901485 29.636961
v -25.000009 -24.694381 29.478041
v -20.750011 -24.694379 29.478042
v -25.000009 -24.535462 29.270935
v -20.750011 -24.535459 29.270937
v -25.000009 -24.435562 29.029753
v -20.750012 -24.435559 29.029754
v -25.000010 -24.401488 28.770934
v -20.750010 -24.401485 28.770936
v -43.359994 -36.601494 28.770937
v -43.360000 -25.401497 29.770930
v -43.359995 -35.601493 29.770936
v -27.360008 -25.401488 29.770934
v -27.360002 -35.601484 29.770940
v -25.000003 -36.601484 28.770941
v -20.750005 -36.601482 28.770942
v -25.000003 -36.567409 29.029760
v -20.750005 -36.567407 29.029761
v -25.000003 -36.467509 29.270941
v -20.750005 -36.467506 29.270943
v -25.000004 -36.308590 29.478047
v -20.750005 -36.308587 29.478049
v -25.000003 -36.101483 29.636966
v -20.750005 -36.101481 29.636967
v -25.000004 -35.860302 29.736867
v -20.750006 -35.860300 29.736868
v -25.000003 -35.601483 29.770941
v -20.750006 -35.601481 29.770941
v -43.359991 -24.401509 8.270936
v -27.359992 -36.601496 8.270947
v -25.000000 -24.401499 8.270941
v -20.750002 -24.401496 8.270942
v -24.999999 -24.435573 8.012122
v -20.750002 -24.435570 8.012123
v -25.000000 -24.535473 7.770941
v -20.750002 -24.535471 7.770941
v -24.999999 -24.694393 7.563835
v -20.750002 -24.694390 7.563835
v -24.999999 -24.901499 7.404916
v -20.750001 -24.901497 7.404916
v -24.999999 -25.142680 7.305015
v -20.750001 -25.142678 7.305016
v -24.999999 -25.401499 7.270941
v -20.750001 -25.401497 7.270943
v -20.750001 -25.401497 7.270943
v -20.750000 -26.868315 7.270943
v -24.999999 -25.401499 7.270941
v -20.749999 -27.776610 7.270944
v -20.749999 -28.684905 7.270945
v -20.749998 -30.501495 7.270945
v -24.999993 -35.601495 7.270946
v -20.749997 -32.318085 7.270946
v -20.749997 -33.226379 7.270948
v -20.749996 -34.134674 7.270947
v -20.749996 -35.601493 7.270948
v -20.750002 -24.401495 9.737760
v -20.750002 -25.083297 8.782574
v -20.750002 -24.401496 8.270942
v -20.750002 -24.435570 8.012123
v -20.750002 -24.535471 7.770941
v -20.750002 -24.694390 7.563835
v -20.750001 -25.913128 7.952743
v -20.750001 -24.901497 7.404916
v -20.750001 -25.142678 7.305016
v -20.750001 -25.401497 7.270943
v -20.750000 -26.868315 7.270943
v -24.999993 -35.601495 7.270946
v -20.749996 -35.601493 7.270948
v -24.999993 -35.860314 7.305020
v -20.749996 -35.860312 7.305022
v -24.999993 -36.101495 7.404922
v -20.749995 -36.101493 7.404922
v -24.999993 -36.308602 7.563841
v -20.749996 -36.308599 7.563842
v -24.999993 -36.467520 7.770947
v -20.749995 -36.467518 7.770948
v -24.999994 -36.567421 8.012129
v -20.749995 -36.567418 8.012129
v -24.999993 -36.601495 8.270947
v -20.749996 -36.601492 8.270948
v -20.749996 -34.134674 7.270947
v -20.749996 -35.089861 7.952748
v -20.749996 -35.601493 7.270948
v -20.749996 -35.860312 7.305022
v -20.749995 -36.101493 7.404922
v -20.749996 -36.308599 7.563842
v -20.749996 -35.919691 8.782579
v -20.749995 -36.467518 7.770948
v -20.749995 -36.567418 8.012129
v -20.749996 -36.601492 8.270948
v -20.749996 -36.601491 9.737766
v -27.360007 -30.001484 34.670936
v -27.360007 -30.001485 33.286961
v -25.000008 -30.001483 34.670936
v -25.000008 -30.001483 33.286961
v -25.000008 -30.001483 33.286961
v -27.360007 -30.001485 33.286961
v -25.000008 -29.794377 33.128042
v -27.360007 -29.794378 33.128042
v -25.000008 -29.635458 32.920937
v -27.360007 -29.635460 32.920936
v -25.000008 -29.535558 32.679756
v -27.360006 -29.535559 32.679754
v -25.000008 -29.501484 32.420936
v -27.360007 -29.501485 32.420936
v -25.000008 -29.535558 32.162118
v -27.360007 -29.535560 32.162117
v -25.000008 -29.635459 31.920937
v -27.360007 -29.635460 31.920936
v -25.000008 -29.794377 31.713830
v -27.360006 -29.794379 31.713830
v -25.000008 -30.001484 31.554911
v -27.360006 -30.001486 31.554911
v -25.000007 -30.242665 31.455011
v -27.360006 -30.242666 31.455011
v -25.000007 -30.501484 31.420937
v -27.360006 -30.501485 31.420937
v -25.000006 -30.760303 31.455012
v -27.360005 -30.760304 31.455012
v -25.000006 -31.001484 31.554912
v -27.360006 -31.001485 31.554911
v -25.000007 -31.208591 31.713831
v -27.360005 -31.208592 31.713830
v -25.000006 -31.367509 31.920938
v -27.360006 -31.367510 31.920937
v -25.000007 -31.467409 32.162119
v -27.360006 -31.467411 32.162118
v -25.000007 -31.501483 32.420938
v -27.360006 -31.501485 32.420936
v -25.000007 -31.467409 32.679756
v -27.360006 -31.467410 32.679756
v -25.000007 -31.367509 32.920938
v -27.360006 -31.367510 32.920937
v -25.000008 -31.208590 33.128045
v -27.360006 -31.208591 33.128043
v -25.000008 -31.001483 33.286963
v -27.360007 -31.001484 33.286963
v -27.360007 -31.001484 33.286963
v -27.360006 -31.001484 34.670936
v -25.000008 -31.001483 33.286963
v -25.000008 -31.001482 34.670937
v -24.999994 -31.001499 3.754920
v -27.359993 -31.001500 3.754919
v -24.999994 -31.208606 3.913839
v -27.359993 -31.208607 3.913839
v -24.999994 -31.367524 4.120945
v -27.359993 -31.367525 4.120945
v -24.999995 -31.467424 4.362127
v -27.359993 -31.467426 4.362126
v -24.999994 -31.501498 4.620945
v -27.359993 -31.501500 4.620945
v -24.999995 -31.467424 4.879764
v -27.359994 -31.467425 4.879764
v -24.999995 -31.367523 5.120945
v -27.359993 -31.367525 5.120944
v -24.999995 -31.208605 5.328051
v -27.359994 -31.208606 5.328051
v -24.999995 -31.001498 5.486970
v -27.359994 -31.001499 5.486969
v -24.999996 -30.760317 5.586871
v -27.359994 -30.760318 5.586870
v -24.999995 -30.501498 5.620945
v -27.359995 -30.501499 5.620945
v -24.999996 -30.242679 5.586870
v -27.359995 -30.242680 5.586870
v -24.999996 -30.001498 5.486970
v -27.359994 -30.001500 5.486970
v -24.999996 -29.794392 5.328051
v -27.359995 -29.794393 5.328051
v -24.999995 -29.635473 5.120944
v -27.359995 -29.635475 5.120943
v -24.999995 -29.535573 4.879763
v -27.359994 -29.535574 4.879762
v -24.999996 -29.501499 4.620945
v -27.359994 -29.501500 4.620944
v -24.999996 -29.535573 4.362126
v -27.359994 -29.535575 4.362125
v -24.999995 -29.635474 4.120944
v -27.359994 -29.635475 4.120944
v -24.999995 -29.794392 3.913838
v -27.359994 -29.794394 3.913837
v -24.999995 -30.001499 3.754919
v -27.359994 -30.001501 3.754919
v -24.999994 -31.001499 3.754920
v -27.359994 -30.001501 3.754919
v -27.359993 -30.001501 2.370945
v -24.999995 -30.001499 3.754919
v -24.999994 -30.001500 2.370945
v -27.359990 -35.860318 2.405022
v -27.359990 -36.101499 2.504922
v -27.359990 -35.601499 2.370948
v -27.359990 -36.308606 2.663842
v -27.359990 -36.467524 2.870947
v -27.359990 -36.567425 3.112129
v -27.359990 -36.601499 3.370949
v -27.359993 -31.208607 3.913839
v -27.359993 -31.001500 3.754919
v -27.359993 -31.001501 2.370945
v -27.359992 -36.567422 8.012127
v -27.359992 -36.467522 7.770947
v -27.359992 -36.308603 7.563840
v -27.359992 -36.101496 7.404921
v -27.359992 -35.860316 7.305020
v -27.359993 -35.601497 7.270946
v -27.359993 -31.367525 4.120945
v -27.359993 -31.467426 4.362126
v -27.359993 -31.501500 4.620945
v -27.359994 -31.467425 4.879764
v -27.359993 -31.367525 5.120944
v -27.359994 -31.208606 5.328051
v -27.359994 -31.001499 5.486969
v -27.359994 -30.760318 5.586870
v -27.359995 -30.501499 5.620945
v -27.359998 -25.401500 7.270941
v -27.359995 -30.242680 5.586870
v -27.359998 -25.142682 7.305014
v -27.359996 -24.401502 3.370941
v -27.359994 -30.001500 5.486970
v -27.359995 -29.794393 5.328051
v -27.359995 -29.635475 5.120943
v -27.359994 -29.535574 4.879762
v -27.359994 -29.501500 4.620944
v -27.359998 -24.901500 7.404915
v -27.359999 -24.694394 7.563835
v -27.359998 -24.535474 7.770939
v -27.359999 -24.435574 8.012121
v -27.359999 -24.401500 8.270940
v -27.359996 -24.435577 3.112123
v -27.359995 -25.401503 2.370942
v -27.359994 -29.535575 4.362125
v -27.359994 -29.635475 4.120944
v -27.359994 -29.794394 3.913837
v -27.359994 -30.001501 3.754919
v -27.359996 -24.535477 2.870941
v -27.359996 -24.694397 2.663835
v -27.359995 -24.901503 2.504916
v -27.359996 -25.142684 2.405017
v -27.359993 -30.001501 2.370945
v -27.359992 -36.601496 8.270947
v -27.359990 -35.601499 2.370948
v -27.359993 -31.001501 2.370945
v -24.999991 -35.601498 2.370948
v -24.999994 -31.001500 2.370945
v -16.350003 -34.840817 17.658160
v -16.349999 -34.454710 8.725299
v -16.350004 -33.723220 18.550754
v -16.350000 -35.427814 9.773542
v -16.350000 -33.264264 7.932465
v -16.349999 -31.921925 7.438631
v -16.350000 -30.501492 7.270946
v -16.350002 -29.081060 7.438631
v -16.350003 -27.738720 7.932463
v -16.350003 -26.548273 8.725294
v -16.350004 -25.575168 9.773537
v -16.350005 -24.872904 11.019560
v -16.350006 -24.480092 12.394859
v -16.350007 -24.418326 13.823820
v -16.350006 -24.691003 15.227884
v -16.350007 -25.283131 16.529855
v -16.350008 -26.162157 17.658154
v -16.350007 -27.279752 18.550751
v -16.350004 -33.528407 18.709020
v -16.350001 -35.719844 16.529861
v -16.349999 -36.130077 11.019567
v -16.350001 -36.311974 15.227889
v -16.349999 -36.522888 12.394865
v -16.350000 -36.584652 13.823826
v -16.350006 -27.474566 18.709017
v -16.350005 -33.379140 18.910812
v -16.350007 -27.623832 18.910809
v -16.350004 -33.284825 19.143417
v -16.350007 -27.718147 19.143414
v -16.350004 -33.251403 19.392181
v -19.750003 -33.251405 19.392180
v -16.350004 -33.251403 19.392181
v -19.750004 -33.153147 20.099774
v -16.350004 -33.153145 20.099776
v -19.750004 -32.875946 20.758185
v -16.350005 -32.875944 20.758186
v -19.750004 -32.438507 21.322980
v -16.350006 -32.438505 21.322980
v -19.750005 -31.870351 21.756043
v -16.350006 -31.870349 21.756044
v -19.750005 -31.209819 22.028152
v -16.350007 -31.209817 22.028152
v -19.750006 -30.501486 22.120941
v -16.350008 -30.501484 22.120942
v -19.750006 -29.793154 22.028151
v -16.350007 -29.793152 22.028152
v -19.750007 -29.132622 21.756042
v -16.350007 -29.132620 21.756043
v -19.750007 -28.564466 21.322977
v -16.350008 -28.564464 21.322978
v -19.750007 -28.127028 20.758182
v -16.350008 -28.127026 20.758184
v -19.750007 -27.849827 20.099772
v -16.350007 -27.849826 20.099773
v -19.750006 -27.751571 19.392177
v -16.350008 -27.751569 19.392177
v -25.000008 -25.401487 29.770935
v -25.000003 -35.601483 29.770941
v -20.750011 -25.401485 29.770936
v -20.750006 -35.601481 29.770941
v -27.360003 -36.567408 33.929757
v -27.360004 -35.601482 34.670938
v -27.360003 -36.601482 33.670940
v -27.360004 -36.467507 34.170940
v -27.360004 -36.308588 34.378046
v -27.360004 -36.101482 34.536964
v -27.360007 -31.001484 33.286963
v -27.360006 -31.208591 33.128043
v -27.360006 -31.367510 32.920937
v -27.360006 -31.467410 32.679756
v -27.360006 -31.501485 32.420936
v -27.360006 -31.467411 32.162118
v -27.360002 -35.601484 29.770940
v -27.360002 -35.860303 29.736866
v -27.360002 -36.101484 29.636965
v -27.360002 -36.308591 29.478047
v -27.360002 -36.467510 29.270941
v -27.360002 -36.567411 29.029759
v -27.360001 -36.601485 28.770941
v -27.360004 -35.860301 34.636864
v -27.360006 -31.001484 34.670936
v -27.360006 -31.367510 31.920937
v -27.360005 -31.208592 31.713830
v -27.360006 -31.001485 31.554911
v -27.360005 -30.760304 31.455012
v -27.360006 -30.501485 31.420937
v -27.360008 -25.401488 29.770934
v -27.360006 -30.242666 31.455011
v -27.360006 -30.001486 31.554911
v -27.360006 -29.794379 31.713830
v -27.360007 -29.635460 31.920936
v -27.360007 -29.535560 32.162117
v -27.360010 -24.401486 33.670933
v -27.360007 -29.501485 32.420936
v -27.360006 -29.535559 32.679754
v -27.360007 -29.635460 32.920936
v -27.360007 -29.794378 33.128042
v -27.360010 -25.401485 34.670934
v -27.360007 -24.435563 29.029753
v -27.360008 -24.535463 29.270935
v -27.360008 -24.694382 29.478040
v -27.360008 -24.901488 29.636960
v -27.360008 -25.142669 29.736861
v -27.360007 -30.001485 33.286961
v -27.360007 -30.001484 34.670936
v -27.360010 -24.901486 34.536958
v -27.360010 -24.694379 34.378039
v -27.360010 -24.535460 34.170933
v -27.360010 -24.435560 33.929752
v -27.360009 -25.142667 34.636858
v -27.360008 -24.401489 28.770934
v -24.999996 -25.401502 2.370942
v -24.999994 -30.001500 2.370945
v -27.359995 -25.401503 2.370942
v -27.359993 -30.001501 2.370945
v -27.359998 -25.401500 7.270941
v -27.359993 -35.601497 7.270946
v -43.359990 -25.401509 7.270937
v -43.359985 -35.601505 7.270942
v -13.590001 -30.876933 11.000489
v -13.590001 -30.501490 10.970941
v -13.090002 -30.501489 11.470941
v -13.090002 -30.831421 11.499806
v -13.590001 -31.243131 11.088406
v -13.090002 -31.151327 11.585525
v -13.590001 -31.591067 11.232526
v -13.090001 -31.451488 11.725493
v -13.590001 -31.912173 11.429301
v -13.090001 -31.722785 11.915457
v -13.590001 -32.198545 11.673886
v -13.090001 -31.956972 12.149645
v -13.590001 -32.443129 11.960258
v -13.090002 -32.146936 12.420942
v -13.590001 -32.639903 12.281365
v -13.090002 -32.286903 12.721103
v -13.590001 -32.784023 12.629301
v -13.090002 -32.372621 13.041010
v -13.590001 -32.871939 12.995499
v -13.090002 -32.401486 13.370941
v -13.590002 -32.871938 13.746384
v -13.590001 -32.901486 13.370942
v -13.090002 -32.372621 13.700873
v -13.590002 -32.784022 14.112582
v -13.090003 -32.286902 14.020779
v -13.590003 -32.639902 14.460518
v -13.090003 -32.146934 14.320940
v -13.590003 -32.443126 14.781625
v -13.090003 -31.956970 14.592236
v -13.590003 -32.198542 15.067996
v -13.090004 -31.722782 14.826424
v -13.590004 -31.912170 15.312580
v -13.090004 -31.451486 15.016387
v -13.590004 -31.591063 15.509354
v -13.090005 -31.151324 15.156354
v -13.590005 -31.243127 15.653473
v -13.090005 -30.831418 15.242073
v -13.590005 -30.876929 15.741389
v -13.090005 -30.501486 15.270938
v -13.590005 -30.126044 15.741388
v -13.590005 -30.501486 15.770937
v -13.090005 -30.171555 15.242072
v -13.590006 -29.759846 15.653472
v -13.090005 -29.851649 15.156353
v -13.590006 -29.411910 15.509352
v -13.090006 -29.551487 15.016385
v -13.590006 -29.090803 15.312576
v -13.090006 -29.280191 14.826421
v -13.590006 -28.804432 15.067992
v -13.090006 -29.046004 14.592233
v -13.590006 -28.559848 14.781620
v -13.090005 -28.856040 14.320936
v -13.590006 -28.363074 14.460513
v -13.090005 -28.716073 14.020775
v -13.590005 -28.218954 14.112576
v -13.090005 -28.630354 13.700868
v -13.590005 -28.131038 13.746378
v -13.090005 -28.601489 13.370937
v -13.590005 -28.131039 12.995494
v -13.590005 -28.101490 13.370936
v -13.090005 -28.630355 13.041006
v -13.590004 -28.218955 12.629296
v -13.090004 -28.716074 12.721099
v -13.590004 -28.363075 12.281360
v -13.090004 -28.856042 12.420938
v -13.590003 -28.559850 11.960253
v -13.090004 -29.046006 12.149642
v -13.590003 -28.804435 11.673882
v -13.090003 -29.280194 11.915454
v -13.590003 -29.090807 11.429298
v -13.090003 -29.551490 11.725491
v -13.590002 -29.411914 11.232524
v -13.090002 -29.851652 11.585524
v -13.590002 -29.759850 11.088404
v -13.090002 -30.171558 11.499805
v -13.590001 -30.126048 11.000488
v -16.349999 -30.501493 10.970940
v -13.590001 -30.126048 11.000488
v -13.590001 -30.501490 10.970941
v -16.349999 -30.126051 11.000487
v -13.590002 -29.759850 11.088404
v -16.349999 -29.759853 11.088403
v -13.590002 -29.411914 11.232524
v -16.350000 -29.411917 11.232522
v -13.590003 -29.090807 11.429298
v -16.350000 -29.090810 11.429297
v -13.590003 -28.804435 11.673882
v -16.350001 -28.804438 11.673881
v -13.590003 -28.559850 11.960253
v -16.350001 -28.559853 11.960252
v -13.590004 -28.363075 12.281360
v -16.350001 -28.363078 12.281359
v -13.590004 -28.218955 12.629296
v -16.350002 -28.218958 12.629295
v -13.590005 -28.131039 12.995494
v -16.350002 -28.131042 12.995492
v -13.590005 -28.101490 13.370936
v -16.350003 -28.101493 13.370935
v -13.590005 -28.131038 13.746378
v -16.350003 -28.131041 13.746377
v -13.590005 -28.218954 14.112576
v -16.350003 -28.218957 14.112575
v -13.590006 -28.363074 14.460513
v -16.350003 -28.363076 14.460511
v -13.590006 -28.559848 14.781620
v -16.350003 -28.559851 14.781619
v -13.590006 -28.804432 15.067992
v -16.350003 -28.804435 15.067990
v -13.590006 -29.090803 15.312576
v -16.350003 -29.090806 15.312575
v -13.590006 -29.411910 15.509352
v -16.350003 -29.411913 15.509350
v -13.590006 -29.759846 15.653472
v -16.350003 -29.759849 15.653470
v -13.590005 -30.126044 15.741388
v -16.350003 -30.126047 15.741387
v -13.590005 -30.501486 15.770937
v -16.350003 -30.501489 15.770935
v -13.590005 -30.876929 15.741389
v -16.350003 -30.876932 15.741388
v -13.590005 -31.243127 15.653473
v -16.350002 -31.243130 15.653472
v -13.590004 -31.591063 15.509354
v -16.350002 -31.591066 15.509353
v -13.590004 -31.912170 15.312580
v -16.350001 -31.912173 15.312578
v -13.590003 -32.198542 15.067996
v -16.350001 -32.198545 15.067994
v -13.590003 -32.443126 14.781625
v -16.350001 -32.443129 14.781623
v -13.590003 -32.639902 14.460518
v -16.350000 -32.639904 14.460516
v -13.590002 -32.784022 14.112582
v -16.350000 -32.784025 14.112580
v -13.590002 -32.871938 13.746384
v -16.349999 -32.871941 13.746383
v -13.590001 -32.901486 13.370942
v -16.349999 -32.901489 13.370940
v -13.590001 -32.871939 12.995499
v -16.349999 -32.871942 12.995498
v -13.590001 -32.784023 12.629301
v -16.349999 -32.784026 12.629300
v -13.590001 -32.639903 12.281365
v -16.349998 -32.639906 12.281364
v -13.590001 -32.443129 11.960258
v -16.349998 -32.443132 11.960256
v -13.590001 -32.198545 11.673886
v -16.349998 -32.198548 11.673885
v -13.590001 -31.912173 11.429301
v -16.349998 -31.912176 11.429300
v -13.590001 -31.591067 11.232526
v -16.349998 -31.591069 11.232525
v -13.590001 -31.243131 11.088406
v -16.349998 -31.243133 11.088405
v -13.590001 -30.876933 11.000489
v -16.349999 -30.876936 11.000488
v -13.590001 -30.501490 10.970941
v -13.090002 -30.501489 11.470941
v -13.590001 -30.501490 10.970941
v -16.349999 -30.501493 10.970940
v -13.090002 -30.501489 11.470941
v -13.090002 -30.171558 11.499805
v -13.090002 -30.831421 11.499806
v -13.090002 -31.151327 11.585525
v -13.090002 -29.851652 11.585524
v -13.090001 -31.451488 11.725493
v -13.090003 -29.551490 11.725491
v -13.090001 -31.722785 11.915457
v -13.090003 -29.280194 11.915454
v -13.090001 -31.956972 12.149645
v -13.090004 -29.046006 12.149642
v -13.090002 -32.146936 12.420942
v -13.090004 -28.856042 12.420938
v -13.090002 -32.286903 12.721103
v -13.090004 -28.716074 12.721099
v -13.090002 -32.372621 13.041010
v -13.090005 -28.630355 13.041006
v -13.090002 -32.401486 13.370941
v -13.090005 -28.601489 13.370937
v -13.090002 -32.372621 13.700873
v -13.090005 -28.630354 13.700868
v -13.090003 -32.286902 14.020779
v -13.090005 -28.716073 14.020775
v -13.090003 -32.146934 14.320940
v -13.090005 -28.856040 14.320936
v -13.090003 -31.956970 14.592236
v -13.090006 -29.046004 14.592233
v -13.090004 -31.722782 14.826424
v -13.090006 -29.280191 14.826421
v -13.090004 -31.451486 15.016387
v -13.090006 -29.551487 15.016385
v -13.090005 -31.151324 15.156354
v -13.090005 -29.851649 15.156353
v -13.090005 -30.831418 15.242073
v -13.090005 -30.171555 15.242072
v -13.090005 -30.501486 15.270938
v -16.349999 -30.501493 10.970940
v -16.349999 -30.876936 11.000488
v -16.349999 -30.126051 11.000487
v -16.349999 -29.759853 11.088403
v -16.349998 -31.243133 11.088405
v -16.350000 -29.411917 11.232522
v -16.349998 -31.591069 11.232525
v -16.350000 -29.090810 11.429297
v -16.349998 -31.912176 11.429300
v -16.350001 -28.804438 11.673881
v -16.349998 -32.198548 11.673885
v -16.350001 -28.559853 11.960252
v -16.349998 -32.443132 11.960256
v -16.350001 -28.363078 12.281359
v -16.349998 -32.639906 12.281364
v -16.350002 -28.218958 12.629295
v -16.349999 -32.784026 12.629300
v -16.350002 -28.131042 12.995492
v -16.349999 -32.871942 12.995498
v -16.350003 -28.101493 13.370935
v -16.349999 -32.901489 13.370940
v -16.350003 -28.131041 13.746377
v -16.349999 -32.871941 13.746383
v -16.350003 -28.218957 14.112575
v -16.350000 -32.784025 14.112580
v -16.350003 -28.363076 14.460511
v -16.350000 -32.639904 14.460516
v -16.350003 -28.559851 14.781619
v -16.350001 -32.443129 14.781623
v -16.350003 -28.804435 15.067990
v -16.350001 -32.198545 15.067994
v -16.350003 -29.090806 15.312575
v -16.350001 -31.912173 15.312578
v -16.350003 -29.411913 15.509350
v -16.350002 -31.591066 15.509353
v -16.350003 -29.759849 15.653470
v -16.350002 -31.243130 15.653472
v -16.350003 -30.126047 15.741387
v -16.350003 -30.876932 15.741388
v -16.350003 -30.501489 15.770935
v -38.060002 -29.876496 7.270938
v -38.059994 -29.876503 -1.729055
v -38.221764 -29.897792 7.270938
v -37.898232 -29.897800 -1.729055
v -38.059993 -31.126502 -1.729054
v -37.898239 -31.105198 7.270940
v -38.060001 -31.126495 7.270940
v -37.898232 -31.105206 -1.729054
v -37.747501 -31.042761 7.270940
v -37.747494 -31.042768 -1.729054
v -37.618060 -30.943436 7.270940
v -37.618052 -30.943444 -1.729054
v -37.518736 -30.813995 7.270940
v -37.518728 -30.814002 -1.729054
v -37.456298 -30.663257 7.270939
v -37.456291 -30.663264 -1.729054
v -37.435002 -30.501495 7.270939
v -37.434994 -30.501502 -1.729054
v -37.456298 -30.339733 7.270939
v -37.456291 -30.339741 -1.729054
v -37.518736 -30.188995 7.270939
v -37.518729 -30.189003 -1.729055
v -37.618060 -30.059554 7.270939
v -37.618053 -30.059561 -1.729055
v -37.747502 -29.960230 7.270938
v -37.747494 -29.960237 -1.729055
v -37.898240 -29.897792 7.270938
v -38.221763 -31.105199 7.270940
v -38.372493 -31.042769 -1.729054
v -38.221755 -31.105206 -1.729054
v -38.060001 -31.126495 7.270940
v -38.372501 -31.042761 7.270939
v -38.501935 -30.943445 -1.729054
v -38.501942 -30.943437 7.270939
v -38.601259 -30.814003 -1.729054
v -38.601267 -30.813996 7.270939
v -38.663697 -30.663265 -1.729055
v -38.663704 -30.663258 7.270939
v -38.684993 -30.501504 -1.729055
v -38.685001 -30.501496 7.270939
v -38.663697 -30.339742 -1.729055
v -38.663705 -30.339734 7.270938
v -38.601259 -30.189004 -1.729055
v -38.601267 -30.188996 7.270938
v -38.501936 -30.059562 -1.729055
v -38.501943 -30.059555 7.270938
v -38.372494 -29.960238 -1.729055
v -38.372501 -29.960230 7.270938
v -38.221756 -29.897800 -1.729055
v -38.059994 -29.876503 -1.729055
v -38.059993 -31.126502 -1.729054
v -38.221755 -31.105206 -1.729054
v -38.221756 -29.897800 -1.729055
v -38.059993 -31.126502 -1.729054
v -38.372494 -29.960238 -1.729055
v -38.059994 -29.876503 -1.729055
v -37.898232 -31.105206 -1.729054
v -37.898232 -29.897800 -1.729055
v -37.747494 -31.042768 -1.729054
v -37.747494 -29.960237 -1.729055
v -37.618052 -30.943444 -1.729054
v -37.618053 -30.059561 -1.729055
v -37.518728 -30.814002 -1.729054
v -37.518729 -30.189003 -1.729055
v -37.456291 -30.663264 -1.729054
v -37.456291 -30.339741 -1.729054
v -37.434994 -30.501502 -1.729054
v -38.372493 -31.042769 -1.729054
v -38.501936 -30.059562 -1.729055
v -38.501935 -30.943445 -1.729054
v -38.601259 -30.189004 -1.729055
v -38.601259 -30.814003 -1.729054
v -38.663697 -30.339742 -1.729055
v -38.663697 -30.663265 -1.729055
v -38.684993 -30.501504 -1.729055
v -38.059993 -29.876502 -1.729054
v -38.060001 -29.876495 7.270939
v -38.221755 -29.855206 -1.729054
v -37.898239 -29.855198 7.270939
v -37.898232 -29.855206 -1.729054
v -37.747501 -29.792761 7.270939
v -37.747494 -29.792768 -1.729054
v -37.618060 -29.693436 7.270939
v -37.618052 -29.693444 -1.729054
v -37.518736 -29.563995 7.270939
v -37.518728 -29.564002 -1.729054
v -37.456298 -29.413257 7.270939
v -37.456291 -29.413264 -1.729054
v -37.435002 -29.251495 7.270939
v -37.434994 -29.251502 -1.729054
v -37.456298 -29.089733 7.270939
v -37.456291 -29.089741 -1.729055
v -37.518736 -28.938995 7.270939
v -37.518729 -28.939003 -1.729055
v -37.618060 -28.809554 7.270938
v -37.618053 -28.809561 -1.729055
v -37.747502 -28.710230 7.270938
v -37.747494 -28.710237 -1.729055
v -37.898240 -28.647792 7.270938
v -37.898232 -28.647800 -1.729055
v -38.060002 -28.626496 7.270938
v -38.059994 -28.626503 -1.729055
v -38.221764 -28.647792 7.270938
v -38.060002 -28.626496 7.270938
v -38.221756 -28.647800 -1.729055
v -38.372501 -28.710230 7.270938
v -38.372494 -28.710238 -1.729055
v -38.501943 -28.809555 7.270938
v -38.501936 -28.809562 -1.729055
v -38.601267 -28.938996 7.270938
v -38.601259 -28.939004 -1.729055
v -38.663705 -29.089734 7.270938
v -38.663697 -29.089742 -1.729055
v -38.685001 -29.251496 7.270938
v -38.684993 -29.251504 -1.729055
v -38.663704 -29.413258 7.270939
v -38.663697 -29.413265 -1.729055
v -38.601267 -29.563996 7.270939
v -38.601259 -29.564003 -1.729055
v -38.501942 -29.693437 7.270939
v -38.501935 -29.693445 -1.729054
v -38.372501 -29.792761 7.270939
v -38.372493 -29.792769 -1.729054
v -38.221763 -29.855199 7.270939
v -38.059994 -28.626503 -1.729055
v -38.221755 -29.855206 -1.729054
v -38.221756 -28.647800 -1.729055
v -38.059993 -29.876502 -1.729054
v -38.372494 -28.710238 -1.729055
v -38.059994 -28.626503 -1.729055
v -37.898232 -29.855206 -1.729054
v -37.898232 -28.647800 -1.729055
v -37.747494 -29.792768 -1.729054
v -37.747494 -28.710237 -1.729055
v -37.618052 -29.693444 -1.729054
v -37.618053 -28.809561 -1.729055
v -37.518728 -29.564002 -1.729054
v -37.518729 -28.939003 -1.729055
v -37.456291 -29.413264 -1.729054
v -37.456291 -29.089741 -1.729055
v -37.434994 -29.251502 -1.729054
v -38.372493 -29.792769 -1.729054
v -38.501936 -28.809562 -1.729055
v -38.501935 -29.693445 -1.729054
v -38.601259 -28.939004 -1.729055
v -38.601259 -29.564003 -1.729055
v -38.663697 -29.089742 -1.729055
v -38.663697 -29.413265 -1.729055
v -38.684993 -29.251504 -1.729055
v -38.059993 -31.126502 -1.729054
v -38.060001 -31.126495 7.270939
v -37.898231 -31.147799 -1.729054
v -38.221755 -31.147799 -1.729054
v -38.372500 -31.210229 7.270939
v -38.221762 -31.147791 7.270939
v -38.059993 -31.126502 -1.729054
v -38.372493 -31.210237 -1.729054
v -38.501942 -31.309553 7.270939
v -38.501934 -31.309561 -1.729054
v -38.601266 -31.438995 7.270939
v -38.601258 -31.439003 -1.729054
v -38.663703 -31.589733 7.270939
v -38.663696 -31.589741 -1.729054
v -38.685000 -31.751495 7.270940
v -38.684992 -31.751503 -1.729054
v -38.663703 -31.913257 7.270940
v -38.663696 -31.913264 -1.729053
v -38.601265 -32.063995 7.270940
v -38.601258 -32.064002 -1.729053
v -38.501941 -32.193436 7.270940
v -38.501934 -32.193444 -1.729053
v -38.372500 -32.292760 7.270940
v -38.372492 -32.292768 -1.729053
v -38.221761 -32.355198 7.270941
v -38.221754 -32.355205 -1.729053
v -38.060000 -32.376494 7.270941
v -38.059992 -32.376501 -1.729053
v -37.898238 -32.355197 7.270941
v -37.898230 -32.355205 -1.729053
v -37.747500 -32.292760 7.270941
v -37.747493 -32.292767 -1.729053
v -37.618058 -32.193435 7.270941
v -37.618051 -32.193443 -1.729053
v -37.518734 -32.063994 7.270941
v -37.518727 -32.064001 -1.729053
v -37.456297 -31.913256 7.270940
v -37.456289 -31.913263 -1.729053
v -37.435001 -31.751494 7.270940
v -37.434993 -31.751501 -1.729053
v -37.456297 -31.589732 7.270940
v -37.456290 -31.589740 -1.729053
v -37.518735 -31.438994 7.270940
v -37.518727 -31.439002 -1.729053
v -37.618059 -31.309553 7.270940
v -37.618052 -31.309560 -1.729054
v -37.747501 -31.210229 7.270939
v -37.747493 -31.210236 -1.729054
v -37.898239 -31.147791 7.270939
v -38.060001 -31.126495 7.270939
v -37.898231 -31.147799 -1.729054
v -37.898230 -32.355205 -1.729053
v -38.059993 -31.126502 -1.729054
v -37.747493 -32.292767 -1.729053
v -38.059992 -32.376501 -1.729053
v -38.221755 -31.147799 -1.729054
v -38.221754 -32.355205 -1.729053
v -38.372493 -31.210237 -1.729054
v -38.372492 -32.292768 -1.729053
v -38.501934 -31.309561 -1.729054
v -38.501934 -32.193444 -1.729053
v -38.601258 -31.439003 -1.729054
v -38.601258 -32.064002 -1.729053
v -38.663696 -31.589741 -1.729054
v -38.663696 -31.913264 -1.729053
v -38.684992 -31.751503 -1.729054
v -37.747493 -31.210236 -1.729054
v -37.618051 -32.193443 -1.729053
v -37.618052 -31.309560 -1.729054
v -37.518727 -32.064001 -1.729053
v -37.518727 -31.439002 -1.729053
v -37.456289 -31.913263 -1.729053
v -37.456290 -31.589740 -1.729053
v -37.434993 -31.751501 -1.729053
v -38.060002 -29.876496 7.270938
v -37.898240 -29.855199 7.270938
v -37.747502 -29.792762 7.270938
v -37.618060 -29.693437 7.270938
v -37.518736 -29.563996 7.270938
v -37.456298 -29.413258 7.270937
v -37.435003 -29.251496 7.270937
v -37.456299 -29.089734 7.270937
v -37.518737 -28.938996 7.270937
v -37.618061 -28.809555 7.270937
v -37.747503 -28.710231 7.270936
v -37.898241 -28.647793 7.270936
v -38.060003 -28.626497 7.270936
v -38.221764 -28.647794 7.270936
v -38.372503 -28.710231 7.270936
v -38.501943 -28.809556 7.270936
v -38.601267 -28.938997 7.270936
v -38.663705 -29.089735 7.270936
v -38.685002 -29.251497 7.270937
v -38.663705 -29.413259 7.270937
v -38.601267 -29.563997 7.270937
v -38.501943 -29.693438 7.270937
v -38.372502 -29.792762 7.270937
v -38.221763 -29.855200 7.270938
v -38.059995 -29.876503 -1.729057
v -38.221755 -29.855207 -1.729057
v -38.372494 -29.792770 -1.729057
v -38.501935 -29.693446 -1.729057
v -38.601259 -29.564004 -1.729057
v -38.663698 -29.413266 -1.729057
v -38.684994 -29.251505 -1.729058
v -38.663698 -29.089743 -1.729058
v -38.601260 -28.939005 -1.729058
v -38.501936 -28.809563 -1.729058
v -38.372495 -28.710239 -1.729058
v -38.221756 -28.647801 -1.729058
v -38.059995 -28.626504 -1.729058
v -37.898233 -28.647801 -1.729058
v -37.747496 -28.710238 -1.729058
v -37.618053 -28.809562 -1.729058
v -37.518729 -28.939004 -1.729057
v -37.456291 -29.089742 -1.729057
v -37.434995 -29.251503 -1.729057
v -37.456291 -29.413265 -1.729057
v -37.518729 -29.564003 -1.729057
v -37.618053 -29.693445 -1.729057
v -37.747495 -29.792769 -1.729057
v -37.898232 -29.855207 -1.729057
v -37.898239 -31.105198 7.270939
v -37.747501 -31.042761 7.270939
v -37.618059 -30.943436 7.270939
v -37.518736 -30.813995 7.270939
v -37.456297 -30.663257 7.270939
v -37.435002 -30.501495 7.270939
v -37.456298 -30.339733 7.270938
v -37.518736 -30.188995 7.270938
v -37.618060 -30.059554 7.270938
v -37.747502 -29.960230 7.270938
v -37.898240 -29.897792 7.270938
v -37.898232 -29.897800 -1.729057
v -37.747495 -29.960237 -1.729056
v -37.618053 -30.059561 -1.729056
v -37.518729 -30.189003 -1.729056
v -37.456290 -30.339740 -1.729056
v -37.434995 -30.501502 -1.729056
v -37.456290 -30.663264 -1.729055
v -37.518728 -30.814002 -1.729055
v -37.618052 -30.943444 -1.729055
v -37.747494 -31.042768 -1.729055
v -37.898232 -31.105206 -1.729055
v -38.221755 -31.105206 -1.729055
v -38.372493 -31.042769 -1.729055
v -38.501934 -30.943445 -1.729056
v -38.601258 -30.814003 -1.729056
v -38.663697 -30.663265 -1.729056
v -38.684994 -30.501504 -1.729056
v -38.663697 -30.339742 -1.729056
v -38.601259 -30.189004 -1.729057
v -38.501935 -30.059562 -1.729057
v -38.372494 -29.960238 -1.729057
v -38.221755 -29.897800 -1.729057
v -38.221763 -29.897793 7.270938
v -38.372502 -29.960230 7.270938
v -38.501943 -30.059554 7.270938
v -38.601266 -30.188996 7.270938
v -38.663704 -30.339734 7.270938
v -38.685001 -30.501496 7.270938
v -38.663704 -30.663258 7.270938
v -38.601266 -30.813996 7.270939
v -38.501942 -30.943437 7.270939
v -38.372501 -31.042761 7.270939
v -38.221762 -31.105199 7.270939
v -38.059998 -29.876500 7.270941
v -37.898237 -28.647797 7.270939
v -38.059999 -28.626501 7.270939
v -38.221760 -29.855204 7.270940
v -38.221761 -28.647797 7.270939
v -38.372498 -29.792766 7.270940
v -38.372499 -28.710235 7.270939
v -38.501940 -29.693442 7.270940
v -38.501940 -28.809559 7.270939
v -38.601264 -29.564001 7.270940
v -38.601264 -28.939001 7.270939
v -38.663702 -29.413263 7.270940
v -38.663702 -29.089739 7.270939
v -38.684998 -29.251501 7.270939
v -37.898236 -29.855203 7.270941
v -37.747499 -28.710234 7.270939
v -37.747498 -29.792765 7.270941
v -37.618057 -28.809558 7.270939
v -37.618057 -29.693441 7.270941
v -37.518733 -28.939000 7.270940
v -37.518733 -29.563999 7.270940
v -37.456295 -29.089738 7.270940
v -37.456295 -29.413261 7.270940
v -37.434999 -29.251500 7.270940
v -37.898236 -29.897796 7.270941
v -37.898235 -31.105202 7.270942
v -37.747498 -29.960233 7.270941
v -37.747497 -31.042764 7.270942
v -37.618056 -30.059557 7.270941
v -37.618056 -30.943440 7.270942
v -37.518732 -30.188999 7.270941
v -37.518732 -30.813998 7.270942
v -37.456295 -30.339737 7.270941
v -37.456294 -30.663260 7.270942
v -37.434998 -30.501499 7.270942
v -38.059997 -31.126499 7.270942
v -38.059998 -29.876500 7.270941
v -38.221759 -31.105202 7.270942
v -38.221760 -29.897796 7.270940
v -38.372497 -31.042765 7.270942
v -38.372498 -29.960234 7.270940
v -38.501939 -30.943441 7.270942
v -38.501939 -30.059558 7.270941
v -38.601263 -30.814000 7.270941
v -38.601263 -30.189000 7.270941
v -38.663701 -30.663262 7.270941
v -38.663701 -30.339738 7.270941
v -38.684997 -30.501500 7.270941
v -37.898235 -31.147795 7.270942
v -38.059996 -32.376498 7.270943
v -37.898234 -32.355201 7.270944
v -37.747497 -31.210232 7.270942
v -37.747497 -32.292763 7.270944
v -37.618056 -31.309556 7.270942
v -37.618055 -32.193439 7.270943
v -37.518731 -31.438998 7.270943
v -37.518731 -32.063997 7.270943
v -37.456294 -31.589736 7.270943
v -37.456293 -31.913259 7.270943
v -37.434997 -31.751498 7.270943
v -38.221758 -32.355202 7.270943
v -38.221759 -31.147795 7.270942
v -38.372496 -32.292764 7.270943
v -38.372497 -31.210233 7.270942
v -38.501938 -32.193440 7.270943
v -38.501938 -31.309557 7.270942
v -38.601262 -32.063998 7.270943
v -38.601262 -31.438999 7.270942
v -38.663700 -31.913261 7.270943
v -38.663700 -31.589737 7.270942
v -38.684996 -31.751499 7.270942
v -38.059997 -31.126499 7.270942
f 1 2 3
f 1 22 21
f 1 23 22
f 1 3 23
f 2 26 3
f 2 27 26
f 3 26 23
f 4 5 6
f 4 6 7
f 4 8 5
f 4 7 28
f 5 8 29
f 5 30 6
f 5 29 30
f 6 24 7
f 6 25 24
f 6 30 25
f 7 27 28
f 7 24 26
f 7 26 27
f 8 31 29
f 9 10 11
f 9 32 31
f 9 15 32
f 9 11 15
f 10 12 11
f 10 13 12
f 11 12 15
f 12 14 15
f 14 16 17
f 14 17 15
f 15 17 32
f 16 18 19
f 16 19 17
f 17 33 32
f 17 19 33
f 18 20 19
f 19 34 33
f 19 20 36
f 19 36 34
f 20 21 22
f 20 22 35
f 20 35 36
f 22 23 24
f 22 24 25
f 22 25 35
f 23 26 24
f 25 30 34
f 25 34 35
f 29 31 32
f 29 33 30
f 29 32 33
f 30 33 34
f 34 36 35
f 37 38 39
f 38 40 41
f 38 41 39
f 39 41 50
f 40 42 43
f 40 43 41
f 41 51 50
f 41 43 51
f 42 44 45
f 42 45 43
f 43 45 57
f 43 57 51
f 44 46 47
f 44 47 45
f 45 47 56
f 45 56 57
f 46 48 49
f 46 49 47
f 47 49 55
f 47 55 56
f 48 53 49
f 49 53 54
f 49 54 55
f 50 51 52
f 51 1090 52
f 51 57 1090
f 53 58 54
f 54 1093 55
f 54 1094 1093
f 54 58 1094
f 55 1092 56
f 55 1093 1092
f 56 1091 57
f 56 1092 1091
f 57 1091 1090
f 58 1095 1094
f 59 60 61
f 59 61 62
f 59 63 60
f 60 63 66
f 60 66 94
f 60 87 61
f 60 94 87
f 61 84 85
f 61 85 62
f 61 87 84
f 63 64 65
f 63 65 66
f 63 67 64
f 64 86 65
f 64 67 86
f 65 86 92
f 65 92 66
f 66 92 94
f 67 91 86
f 68 69 70
f 68 71 72
f 68 72 69
f 69 72 74
f 69 74 88
f 71 73 74
f 71 74 72
f 71 75 73
f 73 75 76
f 73 89 74
f 73 93 89
f 73 76 93
f 74 89 90
f 74 90 88
f 75 77 76
f 76 79 81
f 76 77 79
f 76 81 93
f 77 78 79
f 78 80 81
f 78 81 79
f 78 82 80
f 80 83 84
f 80 82 83
f 80 84 81
f 81 84 87
f 81 87 93
f 83 85 84
f 86 90 92
f 86 91 90
f 87 94 93
f 88 90 91
f 89 92 90
f 89 94 92
f 89 93 94
f 95 96 97
f 96 98 99
f 96 99 97
f 97 99 108
f 98 100 101
f 98 101 99
f 99 109 108
f 99 101 109
f 100 102 103
f 100 103 101
f 101 103 115
f 101 115 109
f 102 104 105
f 102 105 103
f 103 105 114
f 103 114 115
f 104 106 107
f 104 107 105
f 105 107 113
f 105 113 114
f 106 111 107
f 107 111 112
f 107 112 113
f 108 109 110
f 109 1096 110
f 109 115 1096
f 111 116 112
f 112 1099 113
f 112 1100 1099
f 112 116 1100
f 113 1098 114
f 113 1099 1098
f 114 1097 115
f 114 1098 1097
f 115 1097 1096
f 116 1101 1100
f 117 118 119
f 117 119 120
f 117 121 118
f 118 121 122
f 118 122 189
f 118 189 194
f 118 194 119
f 119 194 199
f 119 1113 120
f 119 199 1113
f 121 123 122
f 122 123 124
f 122 124 184
f 122 184 189
f 123 125 124
f 124 125 126
f 124 126 179
f 124 179 184
f 125 127 126
f 126 127 128
f 126 128 174
f 126 174 179
f 127 129 128
f 128 129 130
f 128 130 169
f 128 169 174
f 129 131 130
f 130 131 132
f 130 132 164
f 130 164 169
f 131 133 132
f 132 133 134
f 132 134 159
f 132 159 164
f 133 135 134
f 134 135 136
f 134 136 153
f 134 153 159
f 135 137 136
f 136 137 138
f 136 138 151
f 136 151 153
f 137 139 138
f 138 139 140
f 138 154 151
f 138 140 154
f 139 1112 140
f 141 142 143
f 141 143 144
f 141 145 146
f 141 147 145
f 141 144 147
f 141 146 142
f 143 155 144
f 144 155 156
f 144 157 147
f 144 156 157
f 145 148 149
f 145 150 148
f 145 147 150
f 145 149 146
f 147 158 150
f 147 157 158
f 148 151 152
f 148 153 151
f 148 150 153
f 148 152 149
f 150 159 153
f 150 158 159
f 151 154 152
f 155 160 156
f 156 160 161
f 156 162 157
f 156 161 162
f 157 163 158
f 157 162 163
f 158 164 159
f 158 163 164
f 160 165 161
f 161 165 166
f 161 167 162
f 161 166 167
f 162 168 163
f 162 167 168
f 163 169 164
f 163 168 169
f 165 170 166
f 166 170 171
f 166 172 167
f 166 171 172
f 167 173 168
f 167 172 173
f 168 174 169
f 168 173 174
f 170 175 171
f 171 175 176
f 171 177 172
f 171 176 177
f 172 178 173
f 172 177 178
f 173 179 174
f 173 178 179
f 175 180 176
f 176 180 181
f 176 182 177
f 176 181 182
f 177 183 178
f 177 182 183
f 178 184 179
f 178 183 184
f 180 185 181
f 181 185 186
f 181 187 182
f 181 186 187
f 182 188 183
f 182 187 188
f 183 189 184
f 183 188 189
f 185 190 186
f 186 190 191
f 186 192 187
f 186 191 192
f 187 193 188
f 187 192 193
f 188 194 189
f 188 193 194
f 190 195 191
f 191 195 196
f 191 197 192
f 191 196 197
f 192 198 193
f 192 197 198
f 193 199 194
f 193 198 199
f 195 200 196
f 196 1116 197
f 196 1117 1116
f 196 200 1117
f 197 1115 198
f 197 1116 1115
f 198 1114 199
f 198 1115 1114
f 199 1114 1113
f 200 1118 1117
f 201 202 203
f 201 203 204
f 201 210 202
f 201 205 210
f 201 204 240
f 202 232 203
f 202 231 232
f 202 210 231
f 203 232 233
f 203 233 204
f 204 239 240
f 204 233 241
f 204 241 239
f 205 206 207
f 205 207 208
f 205 209 210
f 205 211 206
f 205 267 209
f 205 208 267
f 206 224 225
f 206 225 207
f 207 225 286
f 207 286 208
f 208 292 267
f 208 286 292
f 209 230 210
f 209 268 230
f 209 267 268
f 210 230 231
f 212 213 214
f 212 214 215
f 212 220 213
f 212 216 220
f 213 226 214
f 213 229 226
f 213 220 229
f 214 226 227
f 214 227 273
f 216 217 218
f 216 218 219
f 216 219 220
f 216 221 217
f 217 221 223
f 217 223 234
f 217 234 235
f 217 235 218
f 218 235 265
f 218 265 219
f 219 228 220
f 219 265 228
f 220 228 229
f 221 222 223
f 221 1129 222
f 222 236 237
f 222 238 223
f 222 237 238
f 222 1129 236
f 223 238 234
f 225 284 286
f 225 287 284
f 226 274 227
f 226 288 274
f 226 229 288
f 227 274 275
f 227 275 276
f 228 265 262
f 228 262 272
f 228 272 229
f 229 272 288
f 230 253 231
f 230 269 253
f 230 268 269
f 231 253 254
f 231 254 232
f 232 254 255
f 232 255 233
f 233 255 266
f 233 266 241
f 234 264 235
f 234 251 264
f 234 238 251
f 235 263 265
f 235 264 263
f 236 252 237
f 236 1129 252
f 237 252 250
f 237 250 249
f 237 249 238
f 238 249 251
f 239 241 242
f 241 243 242
f 241 266 243
f 242 243 244
f 242 244 247
f 243 245 244
f 243 266 245
f 244 246 247
f 244 248 246
f 244 245 248
f 245 258 261
f 245 261 248
f 245 266 258
f 246 249 250
f 246 251 249
f 246 248 251
f 246 250 247
f 248 261 264
f 248 264 251
f 253 256 254
f 253 270 256
f 253 269 270
f 254 256 257
f 254 257 255
f 255 257 258
f 255 258 266
f 256 259 257
f 256 271 259
f 256 270 271
f 257 259 260
f 257 260 258
f 258 260 261
f 259 262 260
f 259 272 262
f 259 271 272
f 260 262 263
f 260 263 261
f 261 263 264
f 262 265 263
f 267 292 268
f 268 291 269
f 268 292 291
f 269 290 270
f 269 291 290
f 270 289 271
f 270 290 289
f 271 288 272
f 271 289 288
f 274 277 275
f 274 289 277
f 274 288 289
f 275 277 278
f 275 278 279
f 277 280 278
f 277 290 280
f 277 289 290
f 278 280 281
f 278 281 282
f 280 283 281
f 280 291 283
f 280 290 291
f 281 283 284
f 281 284 285
f 283 286 284
f 283 292 286
f 283 291 292
f 293 294 295
f 293 295 296
f 293 297 294
f 293 296 316
f 294 297 299
f 294 299 321
f 294 321 322
f 294 322 295
f 295 317 296
f 295 322 317
f 296 315 316
f 296 317 318
f 296 318 315
f 297 298 299
f 297 300 298
f 298 300 302
f 298 302 325
f 298 325 326
f 298 326 299
f 299 326 321
f 300 301 302
f 300 1130 301
f 301 354 355
f 301 355 302
f 302 355 325
f 303 304 305
f 303 305 306
f 303 306 307
f 303 307 308
f 303 309 304
f 303 308 1131
f 304 309 312
f 304 319 320
f 304 320 305
f 304 312 319
f 305 346 306
f 305 320 346
f 306 323 307
f 306 346 323
f 307 323 324
f 307 324 308
f 308 365 367
f 308 324 365
f 309 310 311
f 309 311 312
f 310 313 311
f 311 313 314
f 311 314 312
f 312 314 319
f 313 336 314
f 314 336 335
f 314 335 319
f 315 318 327
f 315 327 330
f 317 322 338
f 317 328 318
f 317 338 328
f 318 328 327
f 319 335 337
f 319 337 320
f 320 337 344
f 320 344 346
f 321 326 347
f 321 339 322
f 321 347 339
f 322 339 338
f 323 346 345
f 323 345 353
f 323 353 324
f 324 366 365
f 324 353 366
f 325 355 356
f 325 348 326
f 325 356 348
f 326 348 347
f 327 329 330
f 327 331 329
f 327 328 331
f 328 338 340
f 328 340 331
f 329 332 333
f 329 334 332
f 329 331 334
f 329 333 330
f 331 340 342
f 331 342 334
f 332 335 333
f 332 337 335
f 332 334 337
f 333 335 336
f 334 342 344
f 334 344 337
f 338 341 340
f 338 339 341
f 339 347 349
f 339 349 341
f 340 343 342
f 340 341 343
f 341 349 351
f 341 351 343
f 342 345 344
f 342 343 345
f 343 353 345
f 343 351 353
f 344 345 346
f 347 350 349
f 347 348 350
f 348 356 358
f 348 358 350
f 349 352 351
f 349 350 352
f 350 358 360
f 350 360 352
f 351 366 353
f 351 352 366
f 352 363 366
f 352 360 363
f 355 357 356
f 356 359 358
f 358 361 360
f 360 362 363
f 363 364 365
f 363 365 366
f 368 369 370
f 369 371 372
f 369 372 370
f 370 372 394
f 371 373 374
f 371 374 372
f 372 392 394
f 372 374 392
f 373 375 376
f 373 376 374
f 374 376 390
f 374 390 392
f 375 377 378
f 375 378 376
f 376 378 388
f 376 388 390
f 377 379 380
f 377 380 378
f 378 380 386
f 378 386 388
f 379 395 380
f 380 395 382
f 380 382 386
f 381 382 383
f 381 383 384
f 381 385 382
f 382 385 386
f 382 395 383
f 385 387 386
f 386 387 388
f 387 389 388
f 388 389 390
f 389 391 390
f 390 391 392
f 391 393 392
f 392 393 394
f 396 397 398
f 396 398 399
f 396 405 397
f 396 400 405
f 396 399 435
f 397 427 398
f 397 426 427
f 397 405 426
f 398 427 428
f 398 428 399
f 399 434 435
f 399 428 436
f 399 436 434
f 400 401 402
f 400 402 403
f 400 404 405
f 400 406 401
f 400 462 404
f 400 403 462
f 401 419 420
f 401 420 402
f 402 420 481
f 402 481 403
f 403 487 462
f 403 481 487
f 404 425 405
f 404 463 425
f 404 462 463
f 405 425 426
f 407 408 409
f 407 409 410
f 407 415 408
f 407 411 415
f 408 421 409
f 408 424 421
f 408 415 424
f 409 421 422
f 409 422 468
f 411 412 413
f 411 413 414
f 411 414 415
f 411 416 412
f 412 416 418
f 412 418 429
f 412 429 430
f 412 430 413
f 413 430 460
f 413 460 414
f 414 423 415
f 414 460 423
f 415 423 424
f 416 417 418
f 416 1132 417
f 417 431 432
f 417 433 418
f 417 432 433
f 417 1132 431
f 418 433 429
f 420 479 481
f 420 482 479
f 421 469 422
f 421 483 469
f 421 424 483
f 422 469 470
f 422 470 471
f 423 460 457
f 423 457 467
f 423 467 424
f 424 467 483
f 425 448 426
f 425 464 448
f 425 463 464
f 426 448 449
f 426 449 427
f 427 449 450
f 427 450 428
f 428 450 461
f 428 461 436
f 429 459 430
f 429 446 459
f 429 433 446
f 430 458 460
f 430 459 458
f 431 447 432
f 431 1132 447
f 432 447 445
f 432 445 444
f 432 444 433
f 433 444 446
f 434 436 437
f 436 438 437
f 436 461 438
f 437 438 439
f 437 439 442
f 438 440 439
f 438 461 440
f 439 441 442
f 439 443 441
f 439 440 443
f 440 453 456
f 440 456 443
f 440 461 453
f 441 444 445
f 441 446 444
f 441 443 446
f 441 445 442
f 443 456 459
f 443 459 446
f 448 451 449
f 448 465 451
f 448 464 465
f 449 451 452
f 449 452 450
f 450 452 453
f 450 453 461
f 451 454 452
f 451 466 454
f 451 465 466
f 452 454 455
f 452 455 453
f 453 455 456
f 454 457 455
f 454 467 457
f 454 466 467
f 455 457 458
f 455 458 456
f 456 458 459
f 457 460 458
f 462 487 463
f 463 486 464
f 463 487 486
f 464 485 465
f 464 486 485
f 465 484 466
f 465 485 484
f 466 483 467
f 466 484 483
f 469 472 470
f 469 484 472
f 469 483 484
f 470 472 473
f 470 473 474
f 472 475 473
f 472 485 475
f 472 484 485
f 473 475 476
f 473 476 477
f 475 478 476
f 475 486 478
f 475 485 486
f 476 478 479
f 476 479 480
f 478 481 479
f 478 487 481
f 478 486 487
f 488 489 490
f 488 490 491
f 488 492 489
f 488 491 511
f 489 492 494
f 489 494 516
f 489 516 517
f 489 517 490
f 490 512 491
f 490 517 512
f 491 510 511
f 491 512 513
f 491 513 510
f 492 493 494
f 492 495 493
f 493 495 497
f 493 497 520
f 493 520 521
f 493 521 494
f 494 521 516
f 495 496 497
f 495 1133 496
f 496 549 550
f 496 550 497
f 497 550 520
f 498 499 500
f 498 500 501
f 498 501 502
f 498 502 503
f 498 504 499
f 498 503 1134
f 499 504 507
f 499 514 515
f 499 515 500
f 499 507 514
f 500 541 501
f 500 515 541
f 501 518 502
f 501 541 518
f 502 518 519
f 502 519 503
f 503 560 562
f 503 519 560
f 504 505 506
f 504 506 507
f 505 508 506
f 506 508 509
f 506 509 507
f 507 509 514
f 508 531 509
f 509 531 530
f 509 530 514
f 510 513 522
f 510 522 525
f 512 517 533
f 512 523 513
f 512 533 523
f 513 523 522
f 514 530 532
f 514 532 515
f 515 532 539
f 515 539 541
f 516 521 542
f 516 534 517
f 516 542 534
f 517 534 533
f 518 541 540
f 518 540 548
f 518 548 519
f 519 561 560
f 519 548 561
f 520 550 551
f 520 543 521
f 520 551 543
f 521 543 542
f 522 524 525
f 522 526 524
f 522 523 526
f 523 533 535
f 523 535 526
f 524 527 528
f 524 529 527
f 524 526 529
f 524 528 525
f 526 535 537
f 526 537 529
f 527 530 528
f 527 532 530
f 527 529 532
f 528 530 531
f 529 537 539
f 529 539 532
f 533 536 535
f 533 534 536
f 534 542 544
f 534 544 536
f 535 538 537
f 535 536 538
f 536 544 546
f 536 546 538
f 537 540 539
f 537 538 540
f 538 548 540
f 538 546 548
f 539 540 541
f 542 545 544
f 542 543 545
f 543 551 553
f 543 553 545
f 544 547 546
f 544 545 547
f 545 553 555
f 545 555 547
f 546 561 548
f 546 547 561
f 547 558 561
f 547 555 558
f 550 552 551
f 551 554 553
f 553 556 555
f 555 557 558
f 558 559 560
f 558 560 561
f 563 564 565
f 564 566 567
f 564 567 565
f 565 567 589
f 566 568 569
f 566 569 567
f 567 587 589
f 567 569 587
f 568 570 571
f 568 571 569
f 569 571 585
f 569 585 587
f 570 572 573
f 570 573 571
f 571 573 583
f 571 583 585
f 572 574 575
f 572 575 573
f 573 575 581
f 573 581 583
f 574 590 575
f 575 590 577
f 575 577 581
f 576 577 578
f 576 578 579
f 576 580 577
f 577 580 581
f 577 590 578
f 580 582 581
f 581 582 583
f 582 584 583
f 583 584 585
f 584 586 585
f 585 586 587
f 586 588 587
f 587 588 589
f 591 592 593
f 591 593 594
f 591 600 592
f 591 595 600
f 591 594 629
f 592 621 593
f 592 620 621
f 592 600 620
f 593 621 622
f 593 622 594
f 594 628 629
f 594 622 630
f 594 630 628
f 595 596 597
f 595 597 598
f 595 599 600
f 595 656 599
f 595 598 656
f 595 1136 596
f 596 613 614
f 596 614 597
f 597 614 675
f 597 675 598
f 598 681 656
f 598 675 681
f 599 619 600
f 599 657 619
f 599 656 657
f 600 619 620
f 601 602 603
f 601 603 604
f 601 609 602
f 601 605 609
f 602 615 603
f 602 618 615
f 602 609 618
f 603 615 616
f 603 616 662
f 605 606 607
f 605 607 608
f 605 608 609
f 605 610 606
f 606 610 612
f 606 612 623
f 606 623 624
f 606 624 607
f 607 624 654
f 607 654 608
f 608 617 609
f 608 654 617
f 609 617 618
f 610 611 612
f 610 1135 611
f 611 625 626
f 611 627 612
f 611 626 627
f 611 1135 625
f 612 627 623
f 614 673 675
f 614 676 673
f 615 663 616
f 615 677 663
f 615 618 677
f 616 663 664
f 616 664 665
f 617 654 651
f 617 651 661
f 617 661 618
f 618 661 677
f 619 642 620
f 619 658 642
f 619 657 658
f 620 642 643
f 620 643 621
f 621 643 644
f 621 644 622
f 622 644 655
f 622 655 630
f 623 653 624
f 623 640 653
f 623 627 640
f 624 652 654
f 624 653 652
f 625 641 626
f 625 1135 641
f 626 641 639
f 626 639 638
f 626 638 627
f 627 638 640
f 628 630 631
f 630 632 631
f 630 655 632
f 631 632 633
f 631 633 636
f 632 634 633
f 632 655 634
f 633 635 636
f 633 637 635
f 633 634 637
f 634 647 650
f 634 650 637
f 634 655 647
f 635 638 639
f 635 640 638
f 635 637 640
f 635 639 636
f 637 650 653
f 637 653 640
f 642 645 643
f 642 659 645
f 642 658 659
f 643 645 646
f 643 646 644
f 644 646 647
f 644 647 655
f 645 648 646
f 645 660 648
f 645 659 660
f 646 648 649
f 646 649 647
f 647 649 650
f 648 651 649
f 648 661 651
f 648 660 661
f 649 651 652
f 649 652 650
f 650 652 653
f 651 654 652
f 656 681 657
f 657 680 658
f 657 681 680
f 658 679 659
f 658 680 679
f 659 678 660
f 659 679 678
f 660 677 661
f 660 678 677
f 663 666 664
f 663 678 666
f 663 677 678
f 664 666 667
f 664 667 668
f 666 669 667
f 666 679 669
f 666 678 679
f 667 669 670
f 667 670 671
f 669 672 670
f 669 680 672
f 669 679 680
f 670 672 673
f 670 673 674
f 672 675 673
f 672 681 675
f 672 680 681
f 682 683 684
f 682 684 685
f 682 686 683
f 682 685 705
f 683 686 688
f 683 688 710
f 683 710 711
f 683 711 684
f 684 706 685
f 684 711 706
f 685 704 705
f 685 706 707
f 685 707 704
f 686 687 688
f 686 689 687
f 687 689 691
f 687 691 714
f 687 714 715
f 687 715 688
f 688 715 710
f 689 690 691
f 689 1137 690
f 690 743 744
f 690 744 691
f 691 744 714
f 692 693 694
f 692 694 695
f 692 695 696
f 692 696 697
f 692 698 693
f 692 697 1138
f 693 698 701
f 693 708 709
f 693 709 694
f 693 701 708
f 694 735 695
f 694 709 735
f 695 712 696
f 695 735 712
f 696 712 713
f 696 713 697
f 697 754 756
f 697 713 754
f 698 699 700
f 698 700 701
f 699 702 700
f 700 702 703
f 700 703 701
f 701 703 708
f 702 725 703
f 703 725 724
f 703 724 708
f 704 707 716
f 704 716 719
f 706 711 727
f 706 717 707
f 706 727 717
f 707 717 716
f 708 724 726
f 708 726 709
f 709 726 733
f 709 733 735
f 710 715 736
f 710 728 711
f 710 736 728
f 711 728 727
f 712 735 734
f 712 734 742
f 712 742 713
f 713 755 754
f 713 742 755
f 714 744 745
f 714 737 715
f 714 745 737
f 715 737 736
f 716 718 719
f 716 720 718
f 716 717 720
f 717 727 729
f 717 729 720
f 718 721 722
f 718 723 721
f 718 720 723
f 718 722 719
f 720 729 731
f 720 731 723
f 721 724 722
f 721 726 724
f 721 723 726
f 722 724 725
f 723 731 733
f 723 733 726
f 727 730 729
f 727 728 730
f 728 736 738
f 728 738 730
f 729 732 731
f 729 730 732
f 730 738 740
f 730 740 732
f 731 734 733
f 731 732 734
f 732 742 734
f 732 740 742
f 733 734 735
f 736 739 738
f 736 737 739
f 737 745 747
f 737 747 739
f 738 741 740
f 738 739 741
f 739 747 749
f 739 749 741
f 740 755 742
f 740 741 755
f 741 752 755
f 741 749 752
f 744 746 745
f 745 748 747
f 747 750 749
f 749 751 752
f 752 753 754
f 752 754 755
f 757 758 759
f 757 759 760
f 757 761 762
f 757 762 763
f 757 764 765
f 757 765 766
f 757 767 768
f 757 769 764
f 757 766 767
f 757 768 758
f 757 760 761
f 757 763 1142
f 758 768 771
f 761 1141 762
f 768 770 771
f 768 772 770
f 770 772 774
f 772 773 774
f 772 775 776
f 772 776 773
f 773 776 783
f 775 784 776
f 776 777 778
f 776 779 780
f 776 780 781
f 776 782 783
f 776 784 777
f 776 778 785
f 776 1139 779
f 776 781 782
f 780 1140 781
f 786 787 788
f 786 788 789
f 786 790 787
f 787 790 792
f 788 1145 789
f 790 791 792
f 790 793 791
f 791 793 794
f 793 795 794
f 794 795 797
f 795 796 797
f 795 798 796
f 796 798 800
f 798 799 800
f 798 801 799
f 799 801 803
f 801 802 803
f 801 804 802
f 802 804 805
f 804 806 805
f 805 806 808
f 806 807 808
f 806 809 807
f 807 809 810
f 809 811 810
f 810 811 813
f 811 812 813
f 811 814 812
f 812 814 816
f 814 815 816
f 814 817 815
f 815 817 819
f 817 818 819
f 817 820 818
f 818 820 821
f 820 822 821
f 821 822 824
f 822 823 824
f 822 825 823
f 823 825 826
f 825 827 826
f 826 827 829
f 827 828 829
f 827 830 828
f 828 830 831
f 830 832 831
f 831 832 834
f 832 833 834
f 832 835 833
f 833 835 837
f 835 836 837
f 835 838 836
f 836 838 840
f 838 839 840
f 838 841 839
f 839 841 842
f 841 1144 842
f 842 1144 1143
f 843 844 845
f 843 846 844
f 844 846 847
f 846 848 847
f 847 848 849
f 848 850 849
f 849 850 851
f 850 852 851
f 851 852 853
f 852 854 853
f 853 854 855
f 854 856 855
f 857 858 859
f 858 1156 859
f 859 860 861
f 859 888 893
f 859 893 894
f 859 894 895
f 859 895 896
f 859 896 897
f 859 899 1154
f 859 897 899
f 859 1156 860
f 859 861 1157
f 859 1157 888
f 862 863 864
f 862 864 882
f 862 882 883
f 862 883 884
f 862 884 885
f 862 885 886
f 862 887 888
f 862 886 887
f 863 867 864
f 864 865 866
f 864 867 865
f 864 866 868
f 864 868 869
f 864 870 871
f 864 871 878
f 864 878 879
f 864 879 880
f 864 880 881
f 864 881 882
f 870 874 871
f 871 872 873
f 871 874 872
f 871 873 875
f 871 877 876
f 871 876 878
f 887 889 888
f 888 889 890
f 888 890 891
f 888 891 892
f 888 892 893
f 897 898 899
f 898 1155 899
f 899 1150 1151
f 899 1151 1152
f 899 1152 1153
f 899 1153 1154
f 900 901 902
f 900 903 901
f 901 903 904
f 903 905 904
f 904 905 906
f 905 907 906
f 906 907 908
f 907 909 908
f 908 909 910
f 909 911 910
f 910 911 912
f 911 913 912
f 914 915 916
f 914 917 915
f 915 917 918
f 917 919 918
f 918 919 920
f 919 921 920
f 920 921 922
f 921 923 922
f 922 923 924
f 923 925 924
f 924 925 926
f 925 927 926
f 928 929 930
f 928 930 931
f 928 932 929
f 928 1163 1162
f 928 1164 1163
f 928 931 1164
f 930 933 934
f 930 1166 931
f 930 1167 1166
f 930 934 1167
f 931 1165 1164
f 933 935 934
f 934 1168 1167
f 934 1169 1168
f 934 1170 1169
f 934 1171 1170
f 934 1172 1171
f 936 937 938
f 937 1177 938
f 938 941 1173
f 938 1173 1174
f 938 1174 1175
f 938 1175 1176
f 938 1177 941
f 938 1176 1182
f 939 940 941
f 939 941 1177
f 940 1178 941
f 941 944 974
f 941 975 976
f 941 1178 971
f 941 971 944
f 941 974 1179
f 941 1179 975
f 941 976 1180
f 941 1180 1181
f 942 943 944
f 942 944 972
f 943 973 944
f 944 971 972
f 944 973 968
f 944 968 947
f 945 946 947
f 945 947 969
f 946 970 947
f 947 950 966
f 947 968 969
f 947 970 960
f 947 960 950
f 948 949 950
f 948 950 961
f 949 952 950
f 950 951 958
f 950 960 961
f 950 952 951
f 950 962 963
f 950 963 964
f 950 965 966
f 950 967 962
f 950 964 965
f 951 952 953
f 951 953 954
f 951 955 956
f 951 956 957
f 951 959 955
f 951 957 958
f 977 978 979
f 977 980 978
f 978 980 981
f 980 982 981
f 981 982 983
f 982 984 983
f 983 984 985
f 984 986 985
f 985 986 987
f 986 988 987
f 987 988 989
f 988 990 989
f 991 992 993
f 991 993 994
f 991 994 995
f 991 996 997
f 991 998 999
f 991 1000 998
f 991 999 992
f 991 995 996
f 992 999 1001
f 992 1001 1185
f 994 1186 995
f 995 1186 1187
f 995 1188 1189
f 995 1189 1190
f 995 1187 1188
f 999 1184 1001
f 1001 1184 1183
f 1002 1003 1004
f 1002 1005 1003
f 1003 1005 1006
f 1005 1007 1006
f 1006 1007 1008
f 1007 1009 1008
f 1008 1009 1010
f 1009 1011 1010
f 1010 1011 1012
f 1011 1013 1012
f 1012 1013 1014
f 1013 1191 1014
f 1015 1016 1017
f 1015 1018 1016
f 1016 1018 1019
f 1016 1019 1020
f 1016 1020 1021
f 1016 1021 1193
f 1021 1035 1193
f 1021 1022 1035
f 1022 1023 1024
f 1022 1024 1025
f 1022 1026 1023
f 1022 1025 1035
f 1023 1026 1027
f 1023 1028 1029
f 1023 1027 1198
f 1023 1198 1028
f 1024 1031 1030
f 1024 1030 1032
f 1024 1032 1033
f 1024 1033 1034
f 1024 1034 1025
f 1035 1192 1193
f 1036 1037 1038
f 1036 1038 1039
f 1036 1040 1037
f 1037 1040 1041
f 1038 1213 1039
f 1040 1042 1041
f 1041 1042 1043
f 1042 1044 1043
f 1043 1044 1045
f 1044 1046 1045
f 1045 1046 1047
f 1046 1048 1047
f 1049 1050 1051
f 1049 1051 1052
f 1049 1053 1050
f 1050 1053 1054
f 1051 1232 1052
f 1053 1055 1054
f 1054 1055 1056
f 1055 1057 1056
f 1056 1057 1058
f 1057 1059 1058
f 1058 1059 1060
f 1059 1061 1060
f 1062 1063 1064
f 1062 1065 1063
f 1063 1065 1066
f 1065 1067 1066
f 1066 1067 1068
f 1067 1069 1068
f 1068 1069 1070
f 1069 1071 1070
f 1070 1071 1072
f 1071 1073 1072
f 1072 1073 1074
f 1073 1233 1074
f 1075 1076 1077
f 1076 1387 1077
f 1078 1079 1080
f 1078 1081 1079
f 1079 1081 1082
f 1079 1082 1083
f 1079 1083 1084
f 1079 1084 1085
f 1079 1085 1086
f 1079 1086 1087
f 1079 1087 1088
f 1079 1088 1089
f 1079 1476 1475
f 1079 1089 1476
f 1102 1103 1104
f 1103 1105 1104
f 1104 1105 1106
f 1105 1107 1106
f 1106 1107 1108
f 1107 1109 1108
f 1108 1109 1110
f 1109 1111 1110
f 1119 1120 1121
f 1120 1122 1121
f 1121 1122 1123
f 1122 1124 1123
f 1123 1124 1125
f 1124 1126 1125
f 1125 1126 1127
f 1126 1128 1127
f 1146 1147 1148
f 1147 1149 1148
f 1158 1159 1160
f 1159 1161 1160
f 1192 1194 1193
f 1193 1194 1195
f 1193 1195 1196
f 1193 1196 1197
f 1199 1200 1201
f 1200 1202 1201
f 1201 1202 1203
f 1202 1204 1203
f 1203 1204 1205
f 1204 1206 1205
f 1205 1206 1207
f 1206 1208 1207
f 1207 1208 1209
f 1208 1210 1209
f 1209 1210 1211
f 1210 1212 1211
f 1214 1215 1216
f 1215 1217 1216
f 1218 1219 1220
f 1219 1221 1220
f 1220 1221 1222
f 1221 1223 1222
f 1222 1223 1224
f 1223 1225 1224
f 1224 1225 1226
f 1225 1227 1226
f 1226 1227 1228
f 1227 1229 1228
f 1228 1229 1230
f 1229 1231 1230
f 1234 1235 1236
f 1235 1237 1236
f 1236 1237 1238
f 1237 1239 1238
f 1238 1239 1240
f 1239 1241 1240
f 1240 1241 1242
f 1241 1243 1242
f 1242 1243 1244
f 1243 1245 1244
f 1244 1245 1246
f 1245 1247 1246
f 1248 1249 1250
f 1249 1251 1250
f 1250 1251 1252
f 1250 1253 1254
f 1250 1252 1253
f 1253 1255 1254
f 1254 1255 1256
f 1254 1257 1258
f 1254 1256 1257
f 1259 1260 1261
f 1260 1262 1261
f 1260 1263 1262
f 1260 1264 1263
f 1260 1265 1264
f 1264 1265 1266
f 1265 1267 1266
f 1265 1268 1267
f 1265 1269 1268
f 1270 1271 1272
f 1271 1273 1272
f 1272 1273 1274
f 1273 1275 1274
f 1274 1275 1276
f 1275 1277 1276
f 1276 1277 1278
f 1277 1279 1278
f 1278 1279 1280
f 1279 1281 1280
f 1280 1281 1282
f 1281 1283 1282
f 1284 1285 1286
f 1285 1287 1286
f 1285 1288 1287
f 1285 1289 1288
f 1285 1290 1289
f 1289 1290 1291
f 1290 1292 1291
f 1290 1293 1292
f 1290 1294 1293
f 1295 1296 1297
f 1296 1298 1297
f 1299 1300 1301
f 1300 1302 1301
f 1301 1302 1303
f 1302 1304 1303
f 1303 1304 1305
f 1304 1306 1305
f 1305 1306 1307
f 1306 1308 1307
f 1307 1308 1309
f 1308 1310 1309
f 1309 1310 1311
f 1310 1312 1311
f 1311 1312 1313
f 1312 1314 1313
f 1313 1314 1315
f 1314 1316 1315
f 1315 1316 1317
f 1316 1318 1317
f 1317 1318 1319
f 1318 1320 1319
f 1319 1320 1321
f 1320 1322 1321
f 1321 1322 1323
f 1322 1324 1323
f 1323 1324 1325
f 1324 1326 1325
f 1325 1326 1327
f 1326 1328 1327
f 1327 1328 1329
f 1328 1330 1329
f 1329 1330 1331
f 1330 1332 1331
f 1331 1332 1333
f 1332 1334 1333
f 1333 1334 1335
f 1334 1336 1335
f 1335 1336 1337
f 1336 1338 1337
f 1337 1338 1339
f 1338 1340 1339
f 1341 1342 1343
f 1342 1344 1343
f 1345 1346 1347
f 1346 1348 1347
f 1347 1348 1349
f 1348 1350 1349
f 1349 1350 1351
f 1350 1352 1351
f 1351 1352 1353
f 1352 1354 1353
f 1353 1354 1355
f 1354 1356 1355
f 1355 1356 1357
f 1356 1358 1357
f 1357 1358 1359
f 1358 1360 1359
f 1359 1360 1361
f 1360 1362 1361
f 1361 1362 1363
f 1362 1364 1363
f 1363 1364 1365
f 1364 1366 1365
f 1365 1366 1367
f 1366 1368 1367
f 1367 1368 1369
f 1368 1370 1369
f 1369 1370 1371
f 1370 1372 1371
f 1371 1372 1373
f 1372 1374 1373
f 1373 1374 1375
f 1374 1376 1375
f 1375 1376 1377
f 1376 1378 1377
f 1377 1378 1379
f 1378 1380 1379
f 1379 1380 1381
f 1380 1382 1381
f 1381 1382 1383
f 1382 1384 1383
f 1383 1384 1385
f 1384 1386 1385
f 1388 1389 1390
f 1389 1391 1390
f 1392 1393 1394
f 1393 1395 1394
f 1394 1395 1396
f 1394 1397 1398
f 1394 1398 1399
f 1394 1400 1401
f 1394 1396 1397
f 1394 1399 1400
f 1398 1402 1403
f 1398 1403 1404
f 1398 1405 1406
f 1398 1406 1407
f 1398 1408 1399
f 1398 1409 1408
f 1398 1410 1409
f 1398 1411 1410
f 1398 1407 1411
f 1398 1442 1402
f 1398 1404 1405
f 1407 1412 1411
f 1407 1413 1412
f 1407 1414 1413
f 1407 1415 1414
f 1407 1416 1415
f 1407 1417 1416
f 1416 1417 1418
f 1417 1419 1420
f 1417 1421 1418
f 1417 1422 1421
f 1417 1423 1422
f 1417 1424 1423
f 1417 1420 1424
f 1419 1426 1420
f 1420 1425 1424
f 1420 1426 1427
f 1420 1428 1429
f 1420 1429 1430
f 1420 1431 1432
f 1420 1433 1425
f 1420 1434 1433
f 1420 1435 1434
f 1420 1432 1435
f 1420 1427 1428
f 1431 1437 1432
f 1432 1436 1435
f 1432 1437 1438
f 1432 1439 1440
f 1432 1441 1436
f 1432 1438 1439
f 1443 1444 1445
f 1444 1446 1445
f 1447 1448 1449
f 1447 1450 1448
f 1447 1466 1450
f 1448 1451 1449
f 1449 1451 1452
f 1449 1453 1454
f 1449 1454 1455
f 1449 1456 1457
f 1449 1457 1458
f 1449 1459 1460
f 1449 1460 1461
f 1449 1462 1463
f 1449 1463 1464
f 1449 1464 1465
f 1449 1452 1453
f 1449 1455 1456
f 1449 1458 1459
f 1449 1461 1462
f 1450 1466 1467
f 1464 1471 1465
f 1465 1471 1472
f 1466 1468 1467
f 1467 1468 1469
f 1468 1470 1469
f 1471 1473 1472
f 1472 1473 1474
f 1473 1475 1474
f 1474 1475 1476
f 1477 1478 1479
f 1478 1480 1479
f 1479 1480 1481
f 1480 1482 1481
f 1481 1482 1483
f 1482 1484 1483
f 1483 1484 1485
f 1484 1486 1485
f 1485 1486 1487
f 1486 1488 1487
f 1487 1488 1489
f 1488 1490 1489
f 1489 1490 1491
f 1490 1492 1491
f 1491 1492 1493
f 1492 1494 1493
f 1493 1494 1495
f 1494 1496 1495
f 1495 1496 1497
f 1496 1498 1497
f 1497 1498 1499
f 1498 1500 1499
f 1499 1500 1501
f 1500 1502 1501
f 1503 1504 1505
f 1504 1506 1505
f 1507 1508 1509
f 1507 1510 1508
f 1508 1510 1511
f 1508 1511 1512
f 1508 1513 1514
f 1508 1514 1509
f 1508 1512 1526
f 1508 1527 1513
f 1509 1514 1515
f 1509 1516 1517
f 1509 1517 1518
f 1509 1518 1519
f 1509 1520 1521
f 1509 1521 1522
f 1509 1523 1524
f 1509 1524 1525
f 1509 1515 1516
f 1509 1519 1520
f 1509 1522 1523
f 1518 1528 1519
f 1519 1528 1529
f 1519 1530 1531
f 1519 1531 1532
f 1519 1532 1533
f 1519 1529 1530
f 1532 1534 1533
f 1533 1534 1535
f 1533 1536 1537
f 1533 1537 1538
f 1533 1538 1539
f 1533 1535 1536
f 1533 1539 1549
f 1538 1540 1539
f 1539 1540 1541
f 1539 1542 1543
f 1539 1543 1544
f 1539 1545 1546
f 1539 1546 1547
f 1539 1548 1549
f 1539 1541 1542
f 1539 1544 1555
f 1539 1557 1545
f 1539 1547 1548
f 1543 1550 1544
f 1544 1550 1551
f 1544 1552 1553
f 1544 1553 1554
f 1544 1556 1552
f 1544 1554 1555
f 1558 1559 1560
f 1559 1561 1560
f 1562 1563 1564
f 1563 1565 1564
f 1566 1567 1568
f 1566 1569 1570
f 1566 1568 1569
f 1569 1571 1570
f 1570 1571 1572
f 1571 1573 1572
f 1572 1573 1574
f 1573 1575 1574
f 1574 1575 1576
f 1575 1577 1576
f 1576 1577 1578
f 1577 1579 1578
f 1578 1579 1580
f 1579 1581 1580
f 1580 1581 1582
f 1581 1583 1582
f 1582 1583 1584
f 1583 1585 1584
f 1584 1585 1587
f 1585 1586 1587
f 1585 1588 1586
f 1586 1588 1589
f 1588 1590 1589
f 1589 1590 1591
f 1590 1592 1591
f 1591 1592 1593
f 1592 1594 1593
f 1593 1594 1595
f 1594 1596 1595
f 1595 1596 1597
f 1596 1598 1597
f 1597 1598 1599
f 1598 1600 1599
f 1599 1600 1601
f 1600 1602 1601
f 1601 1602 1603
f 1602 1604 1603
f 1603 1604 1606
f 1604 1605 1606
f 1604 1607 1605
f 1605 1607 1608
f 1607 1609 1608
f 1608 1609 1610
f 1609 1611 1610
f 1610 1611 1612
f 1611 1613 1612
f 1612 1613 1614
f 1613 1615 1614
f 1614 1615 1616
f 1615 1617 1616
f 1616 1617 1618
f 1617 1619 1618
f 1618 1619 1620
f 1619 1621 1620
f 1620 1621 1622
f 1621 1623 1622
f 1622 1623 1625
f 1623 1624 1625
f 1623 1626 1624
f 1624 1626 1627
f 1626 1628 1627
f 1627 1628 1629
f 1628 1630 1629
f 1629 1630 1631
f 1630 1632 1631
f 1631 1632 1633
f 1632 1634 1633
f 1633 1634 1635
f 1634 1636 1635
f 1635 1636 1637
f 1636 1638 1637
f 1637 1638 1639
f 1638 1640 1639
f 1639 1640 1641
f 1640 1723 1641
f 1641 1723 1724
f 1642 1643 1644
f 1642 1645 1643
f 1643 1645 1646
f 1645 1647 1646
f 1646 1647 1648
f 1647 1649 1648
f 1648 1649 1650
f 1649 1651 1650
f 1650 1651 1652
f 1651 1653 1652
f 1652 1653 1654
f 1653 1655 1654
f 1654 1655 1656
f 1655 1657 1656
f 1656 1657 1658
f 1657 1659 1658
f 1658 1659 1660
f 1659 1661 1660
f 1660 1661 1662
f 1661 1663 1662
f 1662 1663 1664
f 1663 1665 1664
f 1664 1665 1666
f 1665 1667 1666
f 1666 1667 1668
f 1667 1669 1668
f 1668 1669 1670
f 1669 1671 1670
f 1670 1671 1672
f 1671 1673 1672
f 1672 1673 1674
f 1673 1675 1674
f 1674 1675 1676
f 1675 1677 1676
f 1676 1677 1678
f 1677 1679 1678
f 1678 1679 1680
f 1679 1681 1680
f 1680 1681 1682
f 1681 1683 1682
f 1682 1683 1684
f 1683 1685 1684
f 1684 1685 1686
f 1685 1687 1686
f 1686 1687 1688
f 1687 1689 1688
f 1688 1689 1690
f 1689 1691 1690
f 1690 1691 1692
f 1691 1693 1692
f 1692 1693 1694
f 1693 1695 1694
f 1694 1695 1696
f 1695 1697 1696
f 1696 1697 1698
f 1697 1699 1698
f 1698 1699 1700
f 1699 1701 1700
f 1700 1701 1702
f 1701 1703 1702
f 1702 1703 1704
f 1703 1705 1704
f 1704 1705 1706
f 1705 1707 1706
f 1706 1707 1708
f 1707 1709 1708
f 1708 1709 1710
f 1709 1711 1710
f 1710 1711 1712
f 1711 1713 1712
f 1712 1713 1714
f 1713 1715 1714
f 1714 1715 1716
f 1715 1717 1716
f 1716 1717 1718
f 1717 1719 1718
f 1718 1719 1720
f 1719 1721 1720
f 1720 1721 1722
f 1721 1725 1722
f 1726 1727 1728
f 1727 1729 1728
f 1727 1730 1729
f 1729 1730 1731
f 1730 1732 1731
f 1731 1732 1733
f 1732 1734 1733
f 1733 1734 1735
f 1734 1736 1735
f 1735 1736 1737
f 1736 1738 1737
f 1737 1738 1739
f 1738 1740 1739
f 1739 1740 1741
f 1740 1742 1741
f 1741 1742 1743
f 1742 1744 1743
f 1743 1744 1745
f 1744 1746 1745
f 1745 1746 1747
f 1746 1748 1747
f 1747 1748 1749
f 1748 1750 1749
f 1749 1750 1751
f 1750 1752 1751
f 1751 1752 1753
f 1752 1754 1753
f 1753 1754 1755
f 1754 1756 1755
f 1755 1756 1757
f 1756 1758 1757
f 1757 1758 1759
f 1758 1760 1759
f 1759 1760 1761
f 1762 1763 1764
f 1763 1765 1764
f 1763 1766 1765
f 1765 1766 1767
f 1766 1768 1767
f 1767 1768 1769
f 1768 1770 1769
f 1769 1770 1771
f 1770 1772 1771
f 1771 1772 1773
f 1772 1774 1773
f 1773 1774 1775
f 1774 1776 1775
f 1775 1776 1777
f 1776 1778 1777
f 1777 1778 1779
f 1778 1780 1779
f 1779 1780 1781
f 1780 1782 1781
f 1781 1782 1783
f 1782 1784 1783
f 1783 1784 1785
f 1784 1786 1785
f 1785 1786 1787
f 1786 1788 1787
f 1787 1788 1789
f 1788 1790 1789
f 1789 1790 1791
f 1790 1792 1791
f 1791 1792 1793
f 1792 1794 1793
f 1793 1794 1795
f 1794 1796 1795
f 1795 1796 1797
f 1796 1798 1797
f 1797 1798 1799
f 1798 1800 1799
f 1799 1800 1801
f 1802 1803 1804
f 1802 1805 1803
f 1802 1828 1805
f 1804 1851 1850
f 1804 1850 1849
f 1805 1828 1827
f 1806 1807 1808
f 1806 1809 1807
f 1807 1809 1810
f 1809 1811 1810
f 1810 1811 1812
f 1811 1813 1812
f 1812 1813 1814
f 1813 1815 1814
f 1814 1815 1816
f 1815 1817 1816
f 1816 1817 1818
f 1817 1819 1818
f 1818 1819 1820
f 1819 1821 1820
f 1820 1821 1822
f 1821 1823 1822
f 1822 1823 1824
f 1823 1825 1824
f 1824 1825 1826
f 1825 1827 1826
f 1826 1827 1828
f 1829 1830 1831
f 1829 1831 1832
f 1829 1833 1830
f 1830 1833 1834
f 1831 1852 1832
f 1833 1835 1834
f 1834 1835 1836
f 1835 1837 1836
f 1836 1837 1838
f 1837 1839 1838
f 1838 1839 1840
f 1839 1841 1840
f 1840 1841 1842
f 1841 1843 1842
f 1842 1843 1844
f 1843 1845 1844
f 1844 1845 1846
f 1845 1847 1846
f 1846 1847 1848
f 1847 1849 1848
f 1848 1849 1850
f 1853 1854 1855
f 1853 1856 1854
f 1853 1869 1856
f 1854 1857 1855
f 1855 1857 1858
f 1856 1869 1870
f 1857 1859 1858
f 1858 1859 1860
f 1859 1861 1860
f 1860 1861 1862
f 1861 1863 1862
f 1862 1863 1864
f 1863 1865 1864
f 1864 1865 1866
f 1865 1867 1866
f 1866 1867 1868
f 1869 1871 1870
f 1870 1871 1872
f 1871 1873 1872
f 1872 1873 1874
f 1873 1875 1874
f 1874 1875 1876
f 1877 1878 1879
f 1877 1880 1878
f 1877 1881 1880
f 1878 1925 1879
f 1879 1925 1924
f 1880 1881 1882
f 1881 1883 1882
f 1882 1883 1884
f 1883 1885 1884
f 1884 1885 1886
f 1885 1887 1886
f 1886 1887 1888
f 1887 1889 1888
f 1888 1889 1890
f 1889 1891 1890
f 1890 1891 1892
f 1891 1893 1892
f 1892 1893 1894
f 1893 1895 1894
f 1894 1895 1896
f 1895 1897 1896
f 1896 1897 1898
f 1897 1899 1898
f 1898 1899 1900
f 1899 1901 1900
f 1900 1901 1902
f 1901 1926 1902
f 1903 1904 1905
f 1903 1906 1904
f 1904 1906 1907
f 1906 1908 1907
f 1907 1908 1909
f 1908 1910 1909
f 1909 1910 1911
f 1910 1912 1911
f 1911 1912 1913
f 1912 1914 1913
f 1913 1914 1915
f 1914 1916 1915
f 1915 1916 1917
f 1916 1918 1917
f 1917 1918 1919
f 1918 1920 1919
f 1919 1920 1921
f 1920 1922 1921
f 1921 1922 1923
f 1922 1924 1923
f 1923 1924 1925
f 1927 1928 1929
f 1927 1930 1928
f 1927 1943 1930
f 1928 1931 1929
f 1929 1931 1932
f 1930 1943 1944
f 1931 1933 1932
f 1932 1933 1934
f 1933 1935 1934
f 1934 1935 1936
f 1935 1937 1936
f 1936 1937 1938
f 1937 1939 1938
f 1938 1939 1940
f 1939 1941 1940
f 1940 1941 1942
f 1943 1945 1944
f 1944 1945 1946
f 1945 1947 1946
f 1946 1947 1948
f 1947 1949 1948
f 1948 1949 1950
f 1951 1952 1953
f 1952 1999 1953
f 1953 1999 1998
f 1954 1955 1956
f 1954 1956 1957
f 1954 1958 1955
f 1955 1958 1959
f 1956 2000 1957
f 1958 1960 1959
f 1959 1960 1961
f 1960 1962 1961
f 1961 1962 1963
f 1962 1964 1963
f 1963 1964 1965
f 1964 1966 1965
f 1965 1966 1967
f 1966 1968 1967
f 1967 1968 1969
f 1968 1970 1969
f 1969 1970 1971
f 1970 1972 1971
f 1971 1972 1973
f 1972 1974 1973
f 1973 1974 1975
f 1974 1976 1975
f 1975 1976 1977
f 1976 1978 1977
f 1977 1978 1979
f 1978 1980 1979
f 1979 1980 1981
f 1980 1982 1981
f 1981 1982 1983
f 1982 1984 1983
f 1983 1984 1985
f 1984 1986 1985
f 1985 1986 1987
f 1986 1988 1987
f 1987 1988 1989
f 1988 1990 1989
f 1989 1990 1991
f 1990 1992 1991
f 1991 1992 1993
f 1992 1994 1993
f 1993 1994 1995
f 1994 1996 1995
f 1995 1996 1997
f 1996 1998 1997
f 1997 1998 1999
f 2001 2002 2003
f 2001 2004 2002
f 2001 2017 2004
f 2002 2005 2003
f 2003 2005 2006
f 2004 2017 2018
f 2005 2007 2006
f 2006 2007 2008
f 2007 2009 2008
f 2008 2009 2010
f 2009 2011 2010
f 2010 2011 2012
f 2011 2013 2012
f 2012 2013 2014
f 2013 2015 2014
f 2014 2015 2016
f 2017 2019 2018
f 2018 2019 2020
f 2019 2021 2020
f 2020 2021 2022
f 2021 2023 2022
f 2022 2023 2024
f 2117 2118 2119
f 2117 2119 2120
f 2117 2131 2118
f 2118 2131 2132
f 2119 2121 2120
f 2120 2121 2122
f 2121 2123 2122
f 2122 2123 2124
f 2123 2125 2124
f 2124 2125 2126
f 2125 2127 2126
f 2126 2127 2128
f 2127 2129 2128
f 2128 2129 2130
f 2131 2133 2132
f 2132 2133 2134
f 2133 2135 2134
f 2134 2135 2136
f 2135 2137 2136
f 2136 2137 2138
f 2137 2139 2138
f 2138 2139 2140
f 2141 2142 2143
f 2141 2152 2142
f 2141 2153 2152
f 2142 2144 2143
f 2143 2144 2145
f 2144 2146 2145
f 2145 2146 2147
f 2146 2148 2147
f 2147 2148 2149
f 2148 2150 2149
f 2149 2150 2151
f 2152 2153 2154
f 2153 2155 2154
f 2154 2155 2156
f 2155 2157 2156
f 2156 2157 2158
f 2157 2159 2158
f 2158 2159 2160
f 2159 2161 2160
f 2160 2161 2162
f 2161 2163 2162
f 2162 2163 2164
f 2165 2166 2167
f 2165 2167 2168
f 2165 2188 2166
f 2166 2188 2177
f 2167 2169 2168
f 2168 2169 2170
f 2169 2171 2170
f 2170 2171 2172
f 2171 2173 2172
f 2172 2173 2174
f 2173 2175 2174
f 2174 2175 2176
f 2177 2178 2179
f 2177 2188 2178
f 2178 2180 2179
f 2179 2180 2181
f 2180 2182 2181
f 2181 2182 2183
f 2182 2184 2183
f 2183 2184 2185
f 2184 2186 2185
f 2185 2186 2187