# SG90
# Autodesk dbId: 9
# Units: mm
o 009_SG90
v 2.783339 -63.851492 22.548465
v 2.877654 -63.851492 22.781070
v 2.785647 -63.920086 22.547978
v 3.239730 -64.110311 23.112194
v 3.252118 -64.285146 23.043091
v 3.045516 -64.206407 22.906711
v 3.045516 -64.035209 22.977624
v 3.292493 -64.351492 23.027364
v 3.485811 -64.717517 22.716554
v 3.613191 -64.817417 22.511755
v 3.492311 -64.784826 22.542066
v 3.491076 -64.817417 22.293978
v 3.749888 -64.851491 22.291979
v 3.249902 -64.717518 22.295841
v 3.252118 -64.689248 22.516456
v 3.042801 -64.558599 22.297440
v 3.045516 -64.537136 22.475698
v 2.883888 -64.351492 22.298667
v 2.886447 -64.338755 22.422541
v 2.783990 -64.110311 22.299438
v 2.749917 -63.851492 22.299702
v 2.785647 -64.038896 22.479384
v 2.785647 -63.984006 22.521502
v 2.886447 -64.103718 22.728847
v 2.886447 -64.208193 22.648681
v 2.886447 -63.982053 22.779242
v 3.026920 -63.851492 22.982862
v 3.221734 -63.851492 23.141129
v 3.252118 -64.464772 22.905260
v 3.045516 -64.353419 22.793906
v 3.376426 -64.558598 22.892418
v 3.252118 -64.602604 22.725634
v 3.045516 -64.466224 22.646895
v 2.886447 -64.288360 22.544206
v 2.785647 -64.081014 22.424494
v 2.785647 -64.107490 22.360574
v 5.240844 -63.851492 25.199473
v 5.270119 -64.110311 25.182036
v 4.680262 -63.851492 24.408760
v 5.355949 -64.351491 25.130916
v 4.706406 -64.110311 24.386907
v 5.492485 -64.558599 25.049595
v 4.783055 -64.351491 24.322836
v 5.670421 -64.717517 24.943615
v 4.904987 -64.558598 24.220915
v 5.877633 -64.817418 24.820199
v 5.063891 -64.717517 24.088089
v 6.099999 -64.851492 24.687758
v 5.248939 -64.817417 23.933410
v 4.001513 -63.851492 23.716822
v 4.023866 -64.110310 23.691103
v 3.221734 -63.851492 23.141129
v 5.447518 -64.851491 23.767419
v 4.487718 -64.817417 23.157398
v 4.329506 -64.717517 23.339435
v 4.193647 -64.558598 23.495753
v 4.089399 -64.351491 23.615701
v 4.657500 -64.851491 22.962049
v -2.749919 -63.851492 22.299702
v -2.785649 -63.984007 22.521502
v -2.785649 -63.920087 22.547979
v -2.783341 -63.851493 22.548465
v -2.783992 -64.110312 22.299439
v -2.785649 -64.107491 22.360574
v -2.785649 -64.081015 22.424494
v -2.785649 -64.038896 22.479384
v -2.883889 -64.351492 22.298667
v -3.613193 -64.817418 22.511756
v -3.491077 -64.817418 22.293978
v -3.749889 -64.851492 22.291980
v -3.485813 -64.717518 22.716554
v -3.492313 -64.784826 22.542066
v -3.252120 -64.602604 22.725635
v -3.252120 -64.689249 22.516456
v -3.376428 -64.558599 22.892419
v -3.252120 -64.464773 22.905260
v -3.292495 -64.351493 23.027364
v -3.239732 -64.110312 23.112194
v -3.252120 -64.285147 23.043092
v -3.045518 -64.035211 22.977625
v -3.045518 -64.206408 22.906712
v -3.221736 -63.851493 23.141129
v -3.026922 -63.851492 22.982862
v -2.886449 -63.982054 22.779243
v -2.877656 -63.851492 22.781070
v -2.886449 -64.338756 22.422542
v -2.886449 -64.103718 22.728848
v -3.249904 -64.717518 22.295841
v -3.045518 -64.466225 22.646895
v -3.045518 -64.537137 22.475697
v -3.042803 -64.558599 22.297440
v -2.886449 -64.288360 22.544205
v -3.045518 -64.353419 22.793907
v -2.886449 -64.208194 22.648681
v -6.100001 -64.851493 24.687757
v -5.877635 -64.817418 24.820199
v -5.447520 -64.851493 23.767420
v -5.670423 -64.717518 24.943615
v -5.248940 -64.817419 23.933411
v -5.492486 -64.558600 25.049595
v -5.063892 -64.717518 24.088090
v -5.355951 -64.351493 25.130916
v -4.904988 -64.558599 24.220916
v -5.270121 -64.110312 25.182036
v -4.783057 -64.351492 24.322836
v -5.240846 -63.851493 25.199473
v -4.706408 -64.110311 24.386907
v -4.657501 -64.851493 22.962049
v -4.487719 -64.817418 23.157398
v -3.749889 -64.851492 22.291980
v -4.680264 -63.851493 24.408760
v -4.023867 -64.110312 23.691104
v -4.089401 -64.351493 23.615702
v -4.193649 -64.558600 23.495754
v -4.329508 -64.717518 23.339436
v -4.001515 -63.851492 23.716822
v -2.651661 -63.851493 21.592107
v -2.403881 -64.110312 20.916507
v -2.684517 -64.110311 21.583076
v -2.749919 -63.851492 22.299702
v -2.374460 -63.851493 20.933695
v -1.961023 -64.110312 20.344714
v -1.937022 -63.851492 20.368901
v -1.385827 -64.110311 19.906284
v -1.368866 -63.851493 19.935837
v -0.717111 -64.110311 19.630803
v -0.708334 -63.851492 19.663728
v -0.000001 -64.110311 19.536864
v -0.000001 -63.851492 19.570938
v 0.717109 -64.110311 19.630803
v 0.708332 -63.851492 19.663728
v 1.385825 -64.110310 19.906283
v 1.368864 -63.851492 19.935837
v 1.961021 -64.110311 20.344714
v 1.937020 -63.851492 20.368901
v 2.403879 -64.110310 20.916506
v 2.374458 -63.851493 20.933696
v 2.684515 -64.110311 21.583076
v 2.651660 -63.851493 21.592106
v 2.783990 -64.110311 22.299438
v 3.366337 -64.817417 21.395671
v 3.749888 -64.851491 22.291979
v 3.615900 -64.851492 21.327077
v 3.014424 -64.817418 20.559805
v 3.133780 -64.717517 21.459592
v 3.491076 -64.817417 22.293978
v 2.806179 -64.717517 20.681469
v 2.934079 -64.558599 21.514481
v 3.249902 -64.717518 22.295841
v 2.627354 -64.558598 20.785945
v 2.780844 -64.351491 21.556599
v 3.042801 -64.558599 22.297440
v 2.490137 -64.351491 20.866112
v 2.883888 -64.351492 22.298667
v 3.237899 -64.851492 20.429243
v 2.459087 -64.817417 19.842787
v 2.289206 -64.717517 20.013984
v 2.143326 -64.558599 20.160996
v 2.031388 -64.351491 20.273801
v 2.641391 -64.851492 19.659069
v 1.737801 -64.817418 19.293003
v 1.617749 -64.717517 19.502182
v 1.514657 -64.558598 19.681807
v 1.435553 -64.351492 19.819639
v 1.866633 -64.851491 19.068527
v 0.899242 -64.817418 18.947556
v 0.837120 -64.717517 19.180599
v 0.783774 -64.558599 19.380718
v 0.742841 -64.351492 19.534274
v 0.965908 -64.851492 18.697470
v -0.000001 -64.817418 18.829757
v -0.000001 -64.717517 19.070938
v -0.000001 -64.558598 19.278045
v -0.000001 -64.351492 19.436963
v -0.000001 -64.851491 18.570938
v -0.899244 -64.817418 18.947556
v -0.837122 -64.717517 19.180599
v -0.783776 -64.558599 19.380718
v -0.742843 -64.351492 19.534274
v -0.965909 -64.851493 18.697470
v -1.737803 -64.817417 19.293003
v -1.617750 -64.717518 19.502182
v -1.514659 -64.558599 19.681808
v -1.435554 -64.351492 19.819639
v -1.866635 -64.851492 19.068527
v -2.459088 -64.817418 19.842787
v -2.289207 -64.717518 20.013985
v -2.143327 -64.558599 20.160996
v -2.031390 -64.351492 20.273801
v -2.641393 -64.851492 19.659069
v -3.014425 -64.817418 20.559806
v -2.806180 -64.717518 20.681470
v -2.627356 -64.558599 20.785945
v -2.490139 -64.351492 20.866112
v -3.237900 -64.851492 20.429244
v -3.366338 -64.817418 21.395672
v -3.133782 -64.717517 21.459592
v -2.934081 -64.558599 21.514481
v -2.780845 -64.351492 21.556599
v -3.615902 -64.851492 21.327077
v -6.100001 -64.851492 25.596052
v -6.010519 -64.798621 25.636472
v -5.989575 -64.809862 25.269904
v -5.975957 -64.822390 25.015778
v -6.100000 -64.851493 26.504347
v -6.097879 -64.836746 27.932854
v -6.091665 -64.822833 27.544342
v -6.081582 -64.810673 27.156684
v -6.050796 -64.795341 26.388549
v -6.031328 -64.794136 26.009875
v -6.100001 -64.851493 28.320938
v -6.047683 -64.507820 27.523868
v -6.061531 -64.595948 27.630374
v -6.090388 -64.722657 27.975764
v -6.100001 -64.851493 28.320938
v -5.889192 -64.195164 26.731114
v -5.753387 -64.169096 26.271631
v -5.859211 -64.257371 26.605677
v -5.945981 -64.360442 26.944225
v -6.013405 -64.474250 27.286089
v -5.621175 -63.954787 25.951884
v -5.486387 -64.055320 25.623333
v -5.628928 -64.100134 25.943605
v -6.100001 -64.851493 28.320938
v -6.096029 -64.821965 27.938452
v -6.062348 -64.633357 27.616626
v -6.090569 -64.741272 27.968807
v -5.949984 -64.436357 26.918275
v -6.015450 -64.530726 27.265936
v -6.006656 -64.735037 26.419357
v -5.969041 -64.729698 26.048583
v -5.928161 -64.734737 25.684346
v -5.886004 -64.752208 25.328612
v -5.646777 -64.237492 25.907048
v -5.764652 -64.285442 26.237014
v -5.375440 -64.042129 25.402713
v -5.412327 -64.216185 25.368783
v -5.513801 -64.214173 25.587153
v -5.877635 -64.817418 24.820199
v -6.100001 -64.851493 24.687757
v -5.857596 -64.773148 25.083617
v -5.670423 -64.717518 24.943615
v -5.731203 -64.692661 25.158306
v -5.619400 -64.588702 25.227014
v -5.682744 -64.563706 25.454659
v -5.525119 -64.464396 25.287910
v -5.492486 -64.558600 25.049595
v -5.604495 -64.444698 25.509860
v -5.451005 -64.323318 25.339275
v -5.355951 -64.351493 25.130916
v -5.544336 -64.312867 25.558099
v -5.270121 -64.110312 25.182036
v -5.962344 -64.660742 26.454433
v -5.905810 -64.647286 26.092359
v -5.843299 -64.648375 25.738027
v -5.925579 -64.582081 26.488675
v -5.852736 -64.557275 26.134599
v -5.770953 -64.549880 25.789064
v -5.896648 -64.499754 26.521791
v -5.810431 -64.460843 26.174782
v -5.712295 -64.441041 25.836588
v -5.875793 -64.414485 26.553493
v -5.779422 -64.359231 26.212397
v -5.668346 -64.323799 25.879761
v -5.866093 -64.353229 26.574762
v -5.777265 -64.667057 25.393788
v -6.067851 -64.801195 26.771156
v -6.039237 -64.748761 26.794952
v -6.010738 -64.685824 26.822187
v -5.987282 -64.620666 26.849009
v -5.968985 -64.553653 26.875269
v -5.955947 -64.485156 26.900825
v -6.100001 -64.851493 28.320938
v -6.063728 -64.657591 27.607629
v -6.090900 -64.753353 27.964283
v -6.100001 -64.851493 28.320938
v -6.066846 -64.691978 27.594743
v -6.091662 -64.770542 27.957834
v -6.100001 -64.851493 28.320938
v -6.071322 -64.726191 27.581777
v -6.092769 -64.787710 27.951378
v -6.100001 -64.851493 28.320938
v -6.077155 -64.760180 27.568751
v -6.094223 -64.804854 27.944917
v -6.100001 -64.851493 28.320938
v -6.084345 -64.793898 27.555681
v -6.100001 -64.851493 28.320938
v -6.018679 -64.567195 27.252603
v -6.025855 -64.618713 27.233333
v -6.036036 -64.669615 27.213775
v -6.049195 -64.719745 27.193992
v -6.065299 -64.768946 27.174043
v 5.621173 -63.954785 25.951883
v 5.739450 -64.159727 26.231989
v 5.599152 -64.088025 25.872548
v 5.437376 -64.047240 25.523251
v 5.889190 -64.195163 26.731114
v 5.963558 -64.386323 27.024267
v 5.857274 -64.255440 26.598931
v 6.047682 -64.507819 27.523868
v 6.084856 -64.690026 27.887653
v 6.039394 -64.533071 27.454559
v 6.099999 -64.851491 26.504347
v 6.028883 -64.794352 25.964840
v 6.050424 -64.795267 26.380916
v 6.071392 -64.803131 26.861486
v 6.086991 -64.816352 27.346441
v 6.096674 -64.833081 27.833769
v 6.100000 -64.851492 25.596052
v 6.099999 -64.851492 24.687758
v 5.983230 -64.815018 25.154816
v 6.005875 -64.800469 25.555336
v 5.877633 -64.817418 24.820199
v 5.872912 -64.760718 25.217457
v 5.270119 -64.110311 25.182036
v 5.240844 -63.851492 25.199473
v 5.618809 -64.230065 25.835850
v 5.468717 -64.212972 25.487840
v 5.918921 -64.737429 25.605427
v 5.964281 -64.729714 26.004573
v 5.864227 -64.351705 26.567929
v 5.751374 -64.278562 26.197036
v 6.045972 -64.752987 26.883725
v 6.075528 -64.780677 27.360806
v 6.040754 -64.580165 27.437482
v 5.967028 -64.457632 26.999614
v 5.502702 -64.315521 25.458483
v 5.642141 -64.319111 25.808088
v 5.568860 -64.451662 25.408777
v 5.355949 -64.351491 25.130916
v 5.689346 -64.439659 25.763754
v 5.654097 -64.573289 25.351041
v 5.492485 -64.558599 25.049595
v 5.752018 -64.550946 25.714576
v 5.756252 -64.677242 25.286748
v 5.670421 -64.717517 24.943615
v 5.828988 -64.650851 25.661479
v 5.766860 -64.353854 26.172061
v 5.874014 -64.413211 26.546587
v 5.799264 -64.457381 26.133758
v 5.895047 -64.498812 26.514764
v 5.843365 -64.555399 26.092712
v 5.924218 -64.581436 26.481508
v 5.898593 -64.646590 26.049463
v 5.961282 -64.660347 26.447112
v 6.005945 -64.734840 26.411871
v 5.972267 -64.503523 26.983107
v 6.042972 -64.610627 27.426252
v 5.983759 -64.568049 26.959017
v 6.047941 -64.653766 27.410100
v 5.999928 -64.631340 26.934342
v 6.055030 -64.696548 27.393784
v 6.020697 -64.693088 26.909205
v 6.099999 -64.851492 28.320937
v 6.085151 -64.713414 27.878940
v 6.085678 -64.728587 27.873267
v 6.099999 -64.851492 28.320937
v 6.086886 -64.750163 27.865174
v 6.099999 -64.851492 28.320937
v 6.088633 -64.771699 27.857064
v 6.099999 -64.851492 28.320937
v 6.099999 -64.851492 28.320937
v 6.090925 -64.793183 27.848942
v 6.099999 -64.851492 28.320937
v 6.093767 -64.814602 27.840812
v 6.064230 -64.738883 27.377342
v 6.099999 -64.851492 28.320937
v -3.633181 -64.851493 34.420937
v -3.500739 -64.817418 34.198572
v -4.588369 -64.851493 33.739137
v -3.377323 -64.717519 33.991359
v -4.421107 -64.817419 33.541624
v -3.271343 -64.558600 33.813423
v -4.265244 -64.717518 33.357573
v -3.190022 -64.351493 33.676887
v -4.131401 -64.558600 33.199523
v -3.138902 -64.110312 33.591057
v -4.028701 -64.351493 33.078249
v -3.121465 -63.851493 33.561783
v -3.964140 -64.110312 33.002012
v -5.270120 -64.110312 31.459839
v -4.681076 -64.110312 32.285077
v -4.655073 -63.851493 32.263056
v -5.240846 -63.851493 31.442402
v -5.355951 -64.351493 31.510959
v -4.757312 -64.351492 32.349638
v -5.492486 -64.558600 31.592280
v -4.878587 -64.558600 32.452339
v -5.670423 -64.717518 31.698260
v -5.036636 -64.717518 32.586181
v -5.877635 -64.817418 31.821677
v -5.220687 -64.817419 32.742043
v -6.100000 -64.851493 31.954119
v -5.418199 -64.851493 32.909306
v -3.942120 -63.851493 32.976009
v -2.724886 -64.851493 34.420936
v -2.684466 -64.798621 34.331455
v -3.051034 -64.809862 34.310510
v -3.305160 -64.822390 34.296894
v -1.816591 -64.851493 34.420937
v -0.388084 -64.836746 34.418817
v -0.776596 -64.822832 34.412603
v -1.164254 -64.810674 34.402518
v -1.932388 -64.795341 34.371732
v -2.311063 -64.794136 34.352264
v -0.000000 -64.851492 34.420937
v -0.797070 -64.507820 34.368620
v -0.690565 -64.595947 34.382469
v -0.345175 -64.722657 34.411324
v -0.000000 -64.851492 34.420937
v -1.589824 -64.195164 34.210128
v -2.049307 -64.169096 34.074324
v -1.715262 -64.257371 34.180147
v -1.376713 -64.360441 34.266918
v -1.034849 -64.474250 34.334340
v -2.369055 -63.954787 33.942111
v -2.697605 -64.055320 33.807324
v -2.377333 -64.100133 33.949864
v -0.000000 -64.851492 34.420937
v -0.382485 -64.821965 34.416965
v -0.704313 -64.633356 34.383285
v -0.352131 -64.741272 34.411505
v -1.402663 -64.436357 34.270921
v -1.055002 -64.530727 34.336385
v -1.901582 -64.735037 34.327593
v -2.272355 -64.729699 34.289978
v -2.636592 -64.734736 34.249097
v -2.992325 -64.752207 34.206941
v -2.413890 -64.237491 33.967714
v -2.083925 -64.285441 34.085589
v -2.918224 -64.042130 33.696377
v -2.952156 -64.216186 33.733262
v -2.733785 -64.214173 33.834738
v -3.500739 -64.817418 34.198572
v -3.633181 -64.851493 34.420937
v -3.237321 -64.773148 34.178532
v -3.377323 -64.717519 33.991359
v -3.162632 -64.692662 34.052139
v -3.093923 -64.588703 33.940336
v -2.866280 -64.563706 34.003680
v -3.033028 -64.464396 33.846055
v -3.271343 -64.558600 33.813423
v -2.811078 -64.444698 33.925431
v -2.981663 -64.323318 33.771941
v -3.190022 -64.351493 33.676887
v -2.762839 -64.312868 33.865273
v -3.138902 -64.110312 33.591057
v -1.866506 -64.660742 34.283281
v -2.228580 -64.647285 34.226748
v -2.582911 -64.648375 34.164235
v -1.832263 -64.582081 34.246514
v -2.186339 -64.557275 34.173672
v -2.531874 -64.549880 34.091889
v -1.799147 -64.499753 34.217584
v -2.146156 -64.460844 34.131367
v -2.484350 -64.441041 34.033231
v -1.767445 -64.414485 34.196729
v -2.108541 -64.359231 34.100359
v -2.441177 -64.323800 33.989283
v -1.746176 -64.353229 34.187029
v -2.927150 -64.667058 34.098200
v -1.549782 -64.801195 34.388788
v -1.525986 -64.748762 34.360174
v -1.498751 -64.685823 34.331675
v -1.471930 -64.620666 34.308218
v -1.445669 -64.553653 34.289921
v -1.420113 -64.485155 34.276885
v -0.000000 -64.851492 34.420937
v -0.713308 -64.657590 34.384664
v -0.356655 -64.753353 34.411837
v -0.000000 -64.851492 34.420937
v -0.726196 -64.691978 34.387782
v -0.363104 -64.770542 34.412598
v -0.000000 -64.851492 34.420937
v -0.739161 -64.726190 34.392259
v -0.369559 -64.787710 34.413704
v -0.000000 -64.851492 34.420937
v -0.752187 -64.760179 34.398092
v -0.376020 -64.804854 34.415159
v -0.000000 -64.851492 34.420937
v -0.765257 -64.793898 34.405281
v -0.000000 -64.851492 34.420937
v -1.068335 -64.567195 34.339616
v -1.087606 -64.618712 34.346791
v -1.107163 -64.669615 34.356973
v -1.126946 -64.719745 34.370132
v -1.146895 -64.768946 34.386235
v -5.621174 -63.954787 30.689991
v -5.739452 -64.159729 30.409886
v -5.599154 -64.088026 30.769327
v -5.437377 -64.047241 31.118625
v -5.889192 -64.195164 29.910761
v -5.963560 -64.386324 29.617608
v -5.857276 -64.255442 30.042943
v -6.047683 -64.507821 29.118007
v -6.084858 -64.690028 28.754222
v -6.039395 -64.533072 29.187316
v -6.100000 -64.851493 30.137528
v -6.028884 -64.794353 30.677035
v -6.050426 -64.795269 30.260959
v -6.071394 -64.803133 29.780389
v -6.086992 -64.816353 29.295434
v -6.096675 -64.833083 28.808105
v -6.100001 -64.851493 31.045823
v -6.100000 -64.851493 31.954119
v -5.983231 -64.815020 31.487058
v -6.005877 -64.800472 31.086539
v -5.877635 -64.817418 31.821677
v -5.872913 -64.760719 31.424418
v -5.270120 -64.110312 31.459839
v -5.240846 -63.851493 31.442402
v -5.618810 -64.230066 30.806025
v -5.468719 -64.212973 31.154036
v -5.918923 -64.737430 31.036448
v -5.964282 -64.729716 30.637302
v -5.864228 -64.351705 30.073947
v -5.751376 -64.278564 30.444838
v -6.045974 -64.752988 29.758150
v -6.075529 -64.780679 29.281068
v -6.040755 -64.580166 29.204393
v -5.967030 -64.457634 29.642260
v -5.502703 -64.315523 31.183392
v -5.642143 -64.319111 30.833787
v -5.568861 -64.451663 31.233097
v -5.355951 -64.351493 31.510959
v -5.689348 -64.439660 30.878121
v -5.654098 -64.573290 31.290834
v -5.492486 -64.558600 31.592280
v -5.752019 -64.550946 30.927299
v -5.756254 -64.677243 31.355128
v -5.670423 -64.717518 31.698260
v -5.828990 -64.650852 30.980395
v -5.766861 -64.353855 30.469815
v -5.874015 -64.413212 30.095288
v -5.799266 -64.457383 30.508117
v -5.895049 -64.498813 30.127111
v -5.843367 -64.555400 30.549162
v -5.924220 -64.581437 30.160367
v -5.898595 -64.646592 30.592411
v -5.961283 -64.660349 30.194763
v -6.005946 -64.734841 30.230004
v -5.972268 -64.503524 29.658767
v -6.042973 -64.610628 29.215622
v -5.983760 -64.568050 29.682858
v -6.047942 -64.653767 29.231775
v -5.999930 -64.631342 29.707532
v -6.055031 -64.696550 29.248090
v -6.020698 -64.693089 29.732670
v -6.100001 -64.851493 28.320938
v -6.085152 -64.713416 28.762935
v -6.085679 -64.728588 28.768608
v -6.100001 -64.851493 28.320938
v -6.086887 -64.750165 28.776701
v -6.100001 -64.851493 28.320938
v -6.088634 -64.771701 28.784810
v -6.100001 -64.851493 28.320938
v -6.100001 -64.851493 28.320938
v -6.090927 -64.793184 28.792932
v -6.100001 -64.851493 28.320938
v -6.093768 -64.814603 28.801062
v -6.064231 -64.738884 29.264533
v -6.100001 -64.851493 28.320938
v 6.099999 -64.851492 31.954118
v 5.877634 -64.817417 31.821676
v 5.418198 -64.851492 32.909305
v 5.670422 -64.717517 31.698259
v 5.220686 -64.817418 32.742043
v 5.492485 -64.558598 31.592280
v 5.036634 -64.717517 32.586181
v 5.355949 -64.351491 31.510960
v 4.878586 -64.558599 32.452337
v 5.270119 -64.110311 31.459838
v 4.757311 -64.351492 32.349638
v 5.240844 -63.851492 31.442402
v 4.681074 -64.110311 32.285076
v 3.138901 -64.110311 33.591057
v 3.964139 -64.110312 33.002012
v 3.942118 -63.851492 32.976008
v 3.121464 -63.851493 33.561782
v 3.190021 -64.351492 33.676888
v 4.028700 -64.351492 33.078248
v 3.271342 -64.558599 33.813423
v 4.131401 -64.558599 33.199524
v 3.377322 -64.717517 33.991359
v 4.265243 -64.717518 33.357572
v 3.500738 -64.817418 34.198571
v 4.421106 -64.817418 33.541624
v 3.633180 -64.851492 34.420937
v 4.588368 -64.851492 33.739136
v 4.655071 -63.851492 32.263056
v 6.099999 -64.851492 31.045821
v 6.010518 -64.798620 31.005403
v 5.989573 -64.809861 31.371971
v 5.975955 -64.822389 31.626097
v 6.100000 -64.851491 30.137527
v 6.097878 -64.836745 28.709021
v 6.091663 -64.822831 29.097532
v 6.081580 -64.810673 29.485190
v 6.050794 -64.795340 30.253326
v 6.031327 -64.794134 30.632000
v 6.047682 -64.507819 29.118006
v 6.061530 -64.595947 29.011501
v 6.090386 -64.722656 28.666111
v 6.099999 -64.851492 28.320937
v 5.889190 -64.195163 29.910761
v 5.753385 -64.169095 30.370245
v 5.859209 -64.257370 30.036198
v 5.945979 -64.360440 29.697650
v 6.013403 -64.474249 29.355787
v 5.621173 -63.954786 30.689991
v 5.486385 -64.055319 31.018542
v 5.628927 -64.100132 30.698270
v 6.099999 -64.851492 28.320937
v 6.096027 -64.821964 28.703422
v 6.062346 -64.633356 29.025249
v 6.090568 -64.741271 28.673068
v 5.949982 -64.436356 29.723600
v 6.015449 -64.530725 29.375939
v 6.006655 -64.735036 30.222519
v 5.969040 -64.729697 30.593291
v 5.928159 -64.734736 30.957528
v 5.886003 -64.752206 31.313262
v 5.646776 -64.237491 30.734827
v 5.764650 -64.285441 30.404862
v 5.375439 -64.042128 31.239162
v 5.412326 -64.216185 31.273092
v 5.513799 -64.214172 31.054722
v 5.877634 -64.817417 31.821676
v 6.099999 -64.851492 31.954118
v 5.857594 -64.773148 31.558257
v 5.670422 -64.717517 31.698259
v 5.731201 -64.692661 31.483568
v 5.619399 -64.588702 31.414859
v 5.682743 -64.563705 31.187216
v 5.525118 -64.464395 31.353965
v 5.492485 -64.558598 31.592280
v 5.604494 -64.444696 31.132015
v 5.451003 -64.323317 31.302599
v 5.355949 -64.351491 31.510960
v 5.544335 -64.312867 31.083776
v 5.270119 -64.110311 31.459838
v 5.962342 -64.660741 30.187442
v 5.905809 -64.647284 30.549516
v 5.843298 -64.648374 30.903848
v 5.925577 -64.582080 30.153200
v 5.852735 -64.557274 30.507275
v 5.770951 -64.549878 30.852810
v 5.896646 -64.499753 30.120084
v 5.810430 -64.460843 30.467092
v 5.712293 -64.441040 30.805287
v 5.875792 -64.414484 30.088383
v 5.779421 -64.359231 30.429478
v 5.668345 -64.323799 30.762113
v 5.866092 -64.353228 30.067112
v 5.777263 -64.667057 31.248086
v 6.067850 -64.801194 29.870719
v 6.039236 -64.748760 29.846923
v 6.010738 -64.685823 29.819688
v 5.987280 -64.620666 29.792866
v 5.968983 -64.553652 29.766605
v 5.955946 -64.485154 29.741049
v 6.099999 -64.851492 28.320937
v 6.063726 -64.657589 29.034245
v 6.090899 -64.753352 28.677592
v 6.099999 -64.851492 28.320937
v 6.066845 -64.691977 29.047132
v 6.091661 -64.770541 28.684040
v 6.099999 -64.851492 28.320937
v 6.071321 -64.726190 29.060097
v 6.092768 -64.787709 28.690496
v 6.099999 -64.851492 28.320937
v 6.077154 -64.760179 29.073123
v 6.094222 -64.804853 28.696957
v 6.099999 -64.851492 28.320937
v 6.084344 -64.793897 29.086193
v 6.099999 -64.851492 28.320937
v 6.018678 -64.567194 29.389270
v 6.025854 -64.618712 29.408542
v 6.036035 -64.669614 29.428099
v 6.049194 -64.719744 29.447883
v 6.065298 -64.768945 29.467832
v 2.369054 -63.954786 33.942111
v 2.088948 -64.159727 34.060389
v 2.448389 -64.088025 33.920090
v 2.797686 -64.047240 33.758313
v 1.589823 -64.195164 34.210129
v 1.296670 -64.386324 34.284496
v 1.722006 -64.255440 34.178212
v 0.797069 -64.507820 34.368619
v 0.433284 -64.690028 34.405795
v 0.866378 -64.533072 34.360332
v 1.816590 -64.851492 34.420936
v 2.356097 -64.794352 34.349822
v 1.940021 -64.795268 34.371363
v 1.459451 -64.803132 34.392330
v 0.974496 -64.816353 34.407928
v 0.487168 -64.833082 34.417611
v 2.724885 -64.851492 34.420937
v 3.633180 -64.851492 34.420937
v 3.166121 -64.815019 34.304167
v 2.765601 -64.800470 34.326813
v 3.500738 -64.817418 34.198571
v 3.103480 -64.760718 34.193849
v 3.138901 -64.110311 33.591057
v 3.121464 -63.851493 33.561782
v 2.485087 -64.230066 33.939747
v 2.833097 -64.212972 33.789654
v 2.715510 -64.737429 34.239859
v 2.316364 -64.729715 34.285218
v 1.753008 -64.351705 34.185165
v 2.123900 -64.278563 34.072311
v 1.437211 -64.752988 34.366910
v 0.960131 -64.780678 34.396466
v 0.883454 -64.580165 34.361692
v 1.321323 -64.457633 34.287966
v 2.862454 -64.315522 33.823640
v 2.512849 -64.319110 33.963079
v 2.912159 -64.451662 33.889798
v 3.190021 -64.351492 33.676888
v 2.557183 -64.439659 34.010284
v 2.969895 -64.573289 33.975035
v 3.271342 -64.558599 33.813423
v 2.606360 -64.550946 34.072956
v 3.034189 -64.677242 34.077191
v 3.377322 -64.717517 33.991359
v 2.659458 -64.650852 34.149925
v 2.148876 -64.353855 34.087798
v 1.774350 -64.413211 34.194952
v 2.187178 -64.457383 34.120201
v 1.806173 -64.498813 34.215985
v 2.228225 -64.555399 34.164303
v 1.839429 -64.581436 34.245156
v 2.271473 -64.646591 34.219531
v 1.873825 -64.660348 34.282220
v 1.909066 -64.734841 34.326882
v 1.337830 -64.503524 34.293205
v 0.894684 -64.610628 34.363909
v 1.361920 -64.568049 34.304698
v 0.910837 -64.653765 34.368879
v 1.386594 -64.631341 34.320867
v 0.927152 -64.696549 34.375968
v 1.411732 -64.693088 34.341635
v -0.000000 -64.851492 34.420937
v 0.441997 -64.713414 34.406090
v 0.447669 -64.728587 34.406617
v -0.000000 -64.851492 34.420937
v 0.455763 -64.750164 34.407823
v -0.000000 -64.851492 34.420937
v 0.463872 -64.771701 34.409571
v -0.000000 -64.851492 34.420937
v -0.000000 -64.851492 34.420937
v 0.471994 -64.793184 34.411863
v -0.000000 -64.851492 34.420937
v 0.480124 -64.814603 34.414704
v 0.943595 -64.738884 34.385167
v -0.000000 -64.851492 34.420937
v 6.099999 -64.851490 12.920938
v 1.866633 -64.851491 19.068527
v 2.641391 -64.851492 19.659069
v 3.237899 -64.851492 20.429243
v 3.615900 -64.851492 21.327077
v 4.657500 -64.851491 22.962049
v 5.447518 -64.851491 23.767419
v 5.966024 -64.851491 12.420938
v 5.807105 -64.851491 12.213832
v 5.599999 -64.851492 12.054913
v 5.358817 -64.851491 11.955012
v 5.099999 -64.851491 11.920939
v 6.065925 -64.851491 12.662120
v -0.000001 -64.851491 18.570938
v 0.965908 -64.851492 18.697470
v -5.100001 -64.851492 11.920939
v -1.866635 -64.851492 19.068527
v -0.965909 -64.851493 18.697470
v -5.358820 -64.851493 11.955012
v -6.100001 -64.851492 12.920939
v -5.807107 -64.851492 12.213832
v -5.966026 -64.851492 12.420938
v -5.447520 -64.851493 23.767420
v -4.657501 -64.851493 22.962049
v -3.615902 -64.851492 21.327077
v -3.237900 -64.851492 20.429244
v -2.641393 -64.851492 19.659069
v -5.600001 -64.851492 12.054913
v -6.065926 -64.851493 12.662120
v 4.339330 -60.451492 24.033724
v 4.680262 -63.851492 24.408760
v 4.001513 -63.851492 23.716822
v 3.221734 -60.451492 23.141128
v 5.218356 -60.451492 25.162023
v 5.621173 -63.954785 25.951883
v 5.240844 -63.851492 25.199473
v 5.810486 -60.451491 26.463995
v 5.889190 -64.195163 26.731114
v 6.083164 -60.451492 27.868058
v 6.099999 -64.851492 28.320937
v 6.047682 -64.507819 27.523868
v 6.021399 -60.451492 29.297020
v 5.889190 -64.195163 29.910761
v 6.047682 -64.507819 29.118006
v 5.628587 -60.451492 30.672320
v 5.240844 -63.851492 31.442402
v 5.621173 -63.954786 30.689991
v 4.926324 -60.451492 31.918343
v 4.655071 -63.851492 32.263056
v 3.953219 -60.451492 32.966586
v 3.121464 -63.851493 33.561782
v 3.942118 -63.851492 32.976008
v 2.762772 -60.451493 33.759418
v 2.369054 -63.954786 33.942111
v 1.420432 -60.451493 34.253252
v 0.797069 -64.507820 34.368619
v 1.589823 -64.195164 34.210129
v -0.000001 -60.451492 34.420937
v -0.797070 -64.507820 34.368620
v -0.000000 -64.851492 34.420937
v -1.420434 -60.451492 34.253252
v -2.369055 -63.954787 33.942111
v -1.589824 -64.195164 34.210128
v -2.762774 -60.451493 33.759419
v -3.121465 -63.851493 33.561783
v -3.953221 -60.451493 32.966586
v -4.655073 -63.851493 32.263056
v -3.942120 -63.851493 32.976009
v -4.926326 -60.451494 31.918343
v -5.240846 -63.851493 31.442402
v -5.628589 -60.451493 30.672319
v -5.889192 -64.195164 29.910761
v -5.621174 -63.954787 30.689991
v -6.021401 -60.451493 29.297021
v -6.047683 -64.507821 29.118007
v -6.083166 -60.451493 27.868059
v -6.047683 -64.507820 27.523868
v -6.100001 -64.851493 28.320938
v -5.810488 -60.451493 26.463996
v -5.621175 -63.954787 25.951884
v -5.889192 -64.195164 26.731114
v -5.218359 -60.451492 25.162023
v -4.680264 -63.851493 24.408760
v -5.240846 -63.851493 25.199473
v -4.339332 -60.451492 24.033724
v -4.001515 -63.851492 23.716822
v -5.100000 -71.461491 7.020940
v -5.358819 -69.101491 7.055014
v -5.100001 -69.101492 7.020939
v -5.358819 -71.461491 7.055014
v -5.600000 -69.101491 7.154914
v -5.600000 -71.461492 7.154914
v -5.807107 -69.101491 7.313833
v -5.807107 -71.461492 7.313832
v -5.966027 -69.101492 7.520938
v -5.966026 -71.461491 7.520939
v -6.065927 -69.101492 7.762120
v -6.065927 -71.461491 7.762121
v -6.100001 -69.101492 8.020940
v -6.100001 -71.461491 8.020939
v -6.100001 -69.101492 12.920939
v -6.065927 -69.101492 12.662120
v -6.100001 -69.101492 8.020940
v -5.807107 -69.101493 12.213832
v -5.600001 -69.101492 12.054913
v 5.099999 -69.101490 11.920938
v 5.358818 -69.101491 11.955013
v 6.099999 -69.101490 8.020939
v 5.807105 -69.101490 12.213832
v 5.966025 -69.101491 12.420938
v 5.599999 -69.101491 12.054913
v 6.065925 -69.101491 12.662120
v 6.099999 -69.101491 12.920939
v 6.065925 -69.101491 7.762121
v 5.099999 -69.101491 7.020938
v 5.807106 -69.101490 7.313832
v 5.599999 -69.101491 7.154913
v 5.966025 -69.101490 7.520938
v 5.358818 -69.101491 7.055014
v 0.499999 -69.101491 8.404914
v 0.499999 -69.101490 7.020939
v 0.707106 -69.101491 8.563833
v 0.866025 -69.101491 8.770938
v 0.965925 -69.101491 9.012119
v 0.999999 -69.101491 9.270939
v 0.965925 -69.101491 9.529758
v 0.866025 -69.101491 9.770938
v 0.707106 -69.101492 9.978046
v 0.499999 -69.101492 10.136964
v 0.258818 -69.101491 10.236865
v -0.000001 -69.101491 10.270939
v -5.100000 -69.101492 11.920939
v -0.258820 -69.101491 10.236864
v -0.500001 -69.101491 10.136964
v -0.707108 -69.101492 9.978046
v -0.866026 -69.101491 9.770939
v -0.965927 -69.101491 9.529758
v -1.000001 -69.101492 9.270938
v -0.965927 -69.101491 9.012120
v -0.866026 -69.101491 8.770938
v -0.707108 -69.101491 8.563832
v -0.500001 -69.101491 8.404913
v -5.100001 -69.101492 7.020939
v 6.099999 -71.461490 8.020938
v 6.065925 -69.101491 7.762121
v 6.099999 -69.101490 8.020939
v 6.065925 -71.461491 7.762120
v 5.966025 -69.101490 7.520938
v 5.966025 -71.461490 7.520939
v 5.807106 -69.101490 7.313832
v 5.807106 -71.461490 7.313832
v 5.599999 -69.101491 7.154913
v 5.599999 -71.461491 7.154914
v 5.358818 -69.101491 7.055014
v 5.358818 -71.461490 7.055014
v 5.099999 -69.101491 7.020938
v 5.099999 -71.461491 7.020938
v -6.100000 -71.461493 38.320936
v -6.065926 -69.101493 38.579756
v -6.100000 -69.101493 38.320936
v -6.065926 -71.461493 38.579756
v -5.966026 -69.101493 38.820938
v -5.966025 -71.461493 38.820938
v -5.807106 -69.101493 39.028043
v -5.807106 -71.461493 39.028043
v -5.600000 -69.101493 39.186962
v -5.600000 -71.461492 39.186963
v -5.358819 -69.101493 39.286863
v -5.358818 -71.461493 39.286862
v -5.100000 -69.101493 39.320937
v -5.099999 -71.461493 39.320937
v -6.100000 -71.461491 12.920939
v -6.099999 -87.461492 33.420937
v -6.100000 -71.461493 33.420937
v -6.100001 -64.851493 24.687757
v -6.099999 -87.461491 12.920939
v -6.100000 -71.461493 38.320936
v -6.100000 -69.101492 33.420938
v -6.100000 -69.101493 38.320936
v -0.500000 -69.101492 39.320937
v -0.500000 -69.101492 37.936962
v -5.100000 -69.101493 39.320937
v -0.866025 -69.101492 37.570937
v -0.965926 -69.101493 37.329755
v -6.100000 -69.101493 38.320936
v -0.707107 -69.101492 36.363831
v -0.500000 -69.101492 36.204911
v -5.100000 -69.101493 34.420937
v 0.500000 -69.101492 36.204911
v 0.707107 -69.101492 36.363830
v 5.099999 -69.101491 34.420937
v 0.965926 -69.101492 37.329755
v 0.866025 -69.101492 37.570937
v 6.100000 -69.101491 38.320937
v 5.100000 -69.101492 39.320937
v 0.707107 -69.101492 37.778043
v 0.500000 -69.101492 37.936962
v 0.500000 -69.101492 39.320937
v 5.600000 -69.101492 39.186962
v 5.807106 -69.101491 39.028043
v 5.966025 -69.101492 38.820937
v 6.065926 -69.101492 38.579755
v 5.358818 -69.101492 39.286862
v 0.965926 -69.101492 36.812118
v 1.000000 -69.101492 37.070936
v 6.065926 -69.101491 33.679756
v 5.966025 -69.101492 33.920936
v 5.807106 -69.101492 34.128043
v 5.600000 -69.101492 34.286962
v 5.358818 -69.101492 34.386863
v 6.100000 -69.101492 33.420936
v -0.000000 -69.101492 36.070936
v 0.258819 -69.101492 36.105011
v 0.866025 -69.101492 36.570937
v -0.965926 -69.101492 36.812118
v -0.866025 -69.101493 36.570936
v -0.258819 -69.101493 36.105011
v -5.358819 -69.101492 34.386864
v -5.807107 -69.101493 34.128044
v -5.966025 -69.101493 33.920938
v 5.100000 -71.461492 39.320936
v 5.358818 -69.101492 39.286862
v 5.100000 -69.101492 39.320937
v 5.358819 -71.461492 39.286861
v 5.600000 -69.101492 39.186962
v 5.600000 -71.461491 39.186962
v 5.807106 -69.101491 39.028043
v 5.807106 -71.461492 39.028043
v 5.966025 -69.101492 38.820937
v 5.966026 -71.461492 38.820937
v 6.065926 -69.101492 38.579755
v 6.065926 -71.461492 38.579755
v 6.100000 -69.101491 38.320937
v 6.100000 -71.461492 38.320936
v 6.100000 -71.461491 33.420937
v 6.099999 -64.851492 24.687758
v 6.100000 -64.851492 25.596052
v 6.099999 -64.851491 26.504347
v 6.100000 -69.101492 33.420936
v 6.100000 -69.101491 38.320937
v 6.100000 -71.461492 38.320936
v 6.100001 -87.461490 12.920939
v 6.100000 -71.461491 12.920938
v 6.100001 -87.461491 33.420936
v 6.099999 -69.101491 12.920939
v 5.099999 -71.461491 11.920939
v 5.358820 -87.461490 11.955012
v 5.100001 -87.461490 11.920939
v 5.358818 -71.461491 11.955012
v 5.600001 -87.461490 12.054913
v 5.600000 -71.461490 12.054913
v 5.807107 -87.461490 12.213833
v 5.807105 -71.461490 12.213832
v 5.966026 -87.461490 12.420938
v 5.966025 -71.461491 12.420938
v 6.065927 -87.461490 12.662120
v 6.065925 -71.461490 12.662119
v 6.100001 -87.461490 12.920939
v 5.966027 -87.461490 33.920937
v 6.100001 -87.461491 33.420936
v 6.065927 -87.461491 33.679756
v 5.807108 -87.461491 34.128043
v 5.600001 -87.461492 34.286963
v 5.358820 -87.461491 34.386863
v 5.100001 -87.461491 34.420937
v -5.099998 -87.461492 34.420937
v -6.099999 -87.461492 33.420937
v -6.099999 -87.461491 12.920939
v -5.099999 -87.461491 11.920939
v -5.358817 -87.461493 34.386864
v -5.599999 -87.461492 34.286963
v -5.966024 -87.461492 33.920938
v -6.065924 -87.461492 33.679756
v -5.966025 -87.461491 12.420939
v -6.065925 -87.461491 12.662120
v -5.807106 -87.461491 12.213832
v -5.599999 -87.461492 12.054913
v -5.358817 -87.461491 11.955013
v 5.100001 -87.461490 11.920939
v -6.065926 -71.461492 12.662120
v -5.966025 -87.461491 12.420939
v -6.065925 -87.461491 12.662120
v -6.100000 -71.461491 12.920939
v -5.966026 -71.461492 12.420939
v -5.807106 -87.461491 12.213832
v -5.807107 -71.461492 12.213832
v -5.599999 -87.461492 12.054913
v -5.600000 -71.461492 12.054914
v -5.358817 -87.461491 11.955013
v -5.358819 -71.461492 11.955013
v -5.099999 -87.461491 11.920939
v -5.100000 -71.461492 11.920939
v 6.065926 -71.461491 33.679755
v 5.966027 -87.461490 33.920937
v 6.065927 -87.461491 33.679756
v 6.100000 -71.461491 33.420937
v 5.966026 -71.461491 33.920938
v 5.807108 -87.461491 34.128043
v 5.807107 -71.461492 34.128042
v 5.600001 -87.461492 34.286963
v 5.600000 -71.461492 34.286962
v 5.358820 -87.461491 34.386863
v 5.358818 -71.461491 34.386864
v 5.100001 -87.461491 34.420937
v 5.100000 -71.461492 34.420937
v -5.100000 -71.461493 34.420937
v -5.358817 -87.461493 34.386864
v -5.099998 -87.461492 34.420937
v -5.358819 -71.461493 34.386863
v -5.599999 -87.461492 34.286963
v -5.600000 -71.461493 34.286962
v -5.807104 -87.461493 34.128044
v -5.807106 -71.461493 34.128043
v -5.966024 -87.461492 33.920938
v -5.966025 -71.461493 33.920937
v -6.065924 -87.461492 33.679756
v -6.065926 -71.461492 33.679757
v -6.099999 -87.461492 33.420937
v -0.500000 -71.461492 39.320937
v -0.500000 -71.461492 37.936962
v -0.500000 -69.101492 39.320937
v 2.374458 -60.451492 20.933695
v 2.749917 -60.451492 22.299702
v 2.651659 -60.451492 21.592106
v 1.937020 -60.451492 20.368901
v 1.368864 -60.451492 19.935836
v 0.708332 -60.451492 19.663728
v -0.000001 -60.451493 19.570938
v -0.708334 -60.451492 19.663728
v -1.368866 -60.451492 19.935837
v -1.937022 -60.451493 20.368901
v -2.374461 -60.451493 20.933695
v -2.651662 -60.451492 21.592106
v 3.239730 -64.110311 23.112194
v 3.292493 -64.351492 23.027364
v 3.376426 -64.558598 22.892418
v 3.485811 -64.717517 22.716554
v 3.613191 -64.817417 22.511755
v 3.749888 -64.851491 22.291979
v -3.613193 -64.817418 22.511756
v -3.485813 -64.717518 22.716554
v -3.376428 -64.558599 22.892419
v -3.292495 -64.351493 23.027364
v -3.239732 -64.110312 23.112194
v -3.221736 -63.851493 23.141129
v -3.221736 -63.851493 23.141129
v -3.221736 -60.451493 23.141129
v -3.026922 -63.851492 22.982862
v -3.026923 -60.451493 22.982862
v -2.877656 -63.851492 22.781070
v -2.877656 -60.451493 22.781071
v -2.783341 -63.851493 22.548465
v -2.783341 -60.451492 22.548466
v -2.749919 -63.851492 22.299702
v -2.749919 -60.451492 22.299702
v 2.749917 -63.851492 22.299702
v -2.783992 -64.110312 22.299439
v -2.883889 -64.351492 22.298667
v -3.042803 -64.558599 22.297440
v -3.249904 -64.717518 22.295841
v -3.491077 -64.817418 22.293978
v -3.749889 -64.851492 22.291980
v 2.749917 -63.851492 22.299702
v 2.749917 -60.451492 22.299702
v 2.783339 -63.851492 22.548465
v 2.783339 -60.451492 22.548465
v 2.877654 -63.851492 22.781070
v 2.877654 -60.451492 22.781070
v 3.026920 -63.851492 22.982862
v 3.026920 -60.451491 22.982862
v 3.221734 -63.851492 23.141129
v 3.221734 -60.451492 23.141128
v -5.240846 -63.851493 25.199473
v 6.099999 -64.851492 28.320937
v 6.099999 -64.851492 28.320937
v -3.121465 -63.851493 33.561783
v -6.100001 -64.851493 28.320938
v -6.100001 -64.851493 28.320938
v 5.240844 -63.851492 31.442402
v 6.099999 -64.851492 28.320937
v -0.000000 -64.851492 34.420937
v -0.000000 -64.851492 34.420937
v -6.100001 -64.851493 24.687757
v -3.749889 -64.851492 22.291980
v 3.749888 -64.851491 22.291979
v 6.099999 -64.851492 24.687758
v -3.221736 -63.851493 23.141129
v -3.221736 -60.451493 23.141129
v 3.221734 -63.851492 23.141129
v -5.100001 -69.101492 7.020939
v -0.500001 -69.101491 7.020938
v -5.100000 -71.461491 7.020940
v -0.500001 -71.461490 7.020940
v -5.358819 -69.101491 7.055014
v -5.600000 -69.101491 7.154914
v -5.807107 -69.101491 7.313833
v -5.966027 -69.101492 7.520938
v -6.065927 -69.101492 7.762120
v -0.500001 -69.101491 7.020938
v -5.966026 -69.101492 12.420939
v -5.358819 -69.101492 11.955012
v 5.099999 -71.461491 7.020938
v 0.499999 -71.461491 7.020939
v 5.099999 -69.101491 7.020938
v 0.499999 -69.101490 7.020939
v -6.100001 -71.461491 8.020939
v -6.100001 -69.101492 8.020940
v -6.100001 -69.101492 12.920939
v -6.100001 -64.851492 12.920939
v -6.100001 -64.851492 25.596052
v -6.100000 -64.851493 26.504347
v -6.100001 -64.851493 28.320938
v -6.100000 -64.851493 30.137528
v -6.100001 -64.851493 31.045823
v -6.100000 -64.851493 31.954119
v -6.100000 -64.851493 33.420937
v -6.065926 -69.101493 38.579756
v -5.966026 -69.101493 38.820938
v -5.807106 -69.101493 39.028043
v -5.600000 -69.101493 39.186962
v -0.707107 -69.101492 37.778043
v -1.000000 -69.101492 37.070937
v -5.600000 -69.101493 34.286963
v -6.065926 -69.101493 33.679755
v -6.100000 -69.101492 33.420938
v -5.358819 -69.101493 39.286863
v 6.099999 -69.101490 8.020939
v 6.099999 -71.461490 8.020938
v 6.099999 -64.851490 12.920938
v 6.099999 -64.851492 28.320937
v 6.100000 -64.851491 30.137527
v 6.099999 -64.851492 31.045821
v 6.099999 -64.851492 31.954118
v 6.100000 -64.851492 33.420936
v 6.100000 -71.461491 12.920938
v 5.358820 -87.461490 11.955012
v 6.100001 -87.461490 12.920939
v 5.600001 -87.461490 12.054913
v 5.807107 -87.461490 12.213833
v 5.966026 -87.461490 12.420938
v 6.065927 -87.461490 12.662120
v -5.807104 -87.461493 34.128044
v 5.099999 -69.101490 11.920938
v 5.099999 -64.851491 11.920939
v 5.358818 -69.101491 11.955013
v 5.358817 -64.851491 11.955012
v 5.599999 -69.101491 12.054913
v 5.599999 -64.851492 12.054913
v 5.807105 -69.101490 12.213832
v 5.807105 -64.851491 12.213832
v 5.966025 -69.101491 12.420938
v 5.966024 -64.851491 12.420938
v 6.065925 -69.101491 12.662120
v 6.065925 -64.851491 12.662120
v 6.099999 -69.101491 12.920939
v 6.099999 -64.851490 12.920938
v -6.099999 -87.461491 12.920939
v 5.100001 -87.461490 11.920939
v -5.099999 -87.461491 11.920939
v 5.099999 -71.461491 11.920939
v -5.100000 -71.461492 11.920939
v -6.100001 -69.101492 12.920939
v -6.100001 -64.851492 12.920939
v -6.065927 -69.101492 12.662120
v -6.065926 -64.851493 12.662120
v -5.966026 -69.101492 12.420939
v -5.966026 -64.851492 12.420938
v -5.807107 -69.101493 12.213832
v -5.807107 -64.851492 12.213832
v -5.600001 -69.101492 12.054913
v -5.600001 -64.851492 12.054913
v -5.358819 -69.101492 11.955012
v -5.358820 -64.851493 11.955012
v -5.100000 -69.101492 11.920939
v -5.100001 -64.851492 11.920939
v 6.100001 -87.461491 33.420936
v -6.100000 -71.461493 33.420937
v 6.100000 -69.101492 33.420936
v 6.100000 -64.851492 33.420936
v 6.065926 -69.101491 33.679756
v 6.065925 -64.851492 33.679755
v 5.966025 -69.101492 33.920936
v 5.966025 -64.851492 33.920937
v 5.807106 -69.101492 34.128043
v 5.807106 -64.851492 34.128043
v 5.600000 -69.101492 34.286962
v 5.599999 -64.851492 34.286962
v 5.358818 -69.101492 34.386863
v 5.358818 -64.851492 34.386863
v 5.099999 -69.101491 34.420937
v 5.099999 -64.851492 34.420936
v 5.099999 -64.851492 34.420936
v 3.633180 -64.851492 34.420937
v 5.099999 -69.101491 34.420937
v 2.724885 -64.851492 34.420937
v 1.816590 -64.851492 34.420936
v -0.000000 -64.851492 34.420937
v -5.100000 -69.101493 34.420937
v -1.816591 -64.851493 34.420937
v -2.724886 -64.851493 34.420936
v -3.633181 -64.851493 34.420937
v -5.100000 -64.851493 34.420937
v 6.099999 -64.851492 31.954118
v 5.418198 -64.851492 32.909305
v 6.100000 -64.851492 33.420936
v 6.065925 -64.851492 33.679755
v 5.966025 -64.851492 33.920937
v 5.807106 -64.851492 34.128043
v 4.588368 -64.851492 33.739136
v 5.599999 -64.851492 34.286962
v 5.358818 -64.851492 34.386863
v 5.099999 -64.851492 34.420936
v 3.633180 -64.851492 34.420937
v -5.100000 -69.101493 34.420937
v -5.100000 -64.851493 34.420937
v -5.358819 -69.101492 34.386864
v -5.358819 -64.851493 34.386863
v -5.600000 -69.101493 34.286963
v -5.600000 -64.851493 34.286963
v -5.807107 -69.101493 34.128044
v -5.807107 -64.851493 34.128043
v -5.966025 -69.101493 33.920938
v -5.966026 -64.851493 33.920938
v -6.065926 -69.101493 33.679755
v -6.065926 -64.851493 33.679756
v -6.100000 -69.101492 33.420938
v -6.100000 -64.851493 33.420937
v -3.633181 -64.851493 34.420937
v -4.588369 -64.851493 33.739137
v -5.100000 -64.851493 34.420937
v -5.358819 -64.851493 34.386863
v -5.600000 -64.851493 34.286963
v -5.807107 -64.851493 34.128043
v -5.418199 -64.851493 32.909306
v -5.966026 -64.851493 33.920938
v -6.065926 -64.851493 33.679756
v -6.100000 -64.851493 33.420937
v -6.100000 -64.851493 31.954119
v 0.499999 -71.461491 7.020939
v 0.499999 -71.461491 8.404914
v 0.499999 -69.101490 7.020939
v 0.499999 -69.101491 8.404914
v 0.499999 -69.101491 8.404914
v 0.499999 -71.461491 8.404914
v 0.707106 -69.101491 8.563833
v 0.707106 -71.461491 8.563833
v 0.866025 -69.101491 8.770938
v 0.866025 -71.461491 8.770939
v 0.965925 -69.101491 9.012119
v 0.965925 -71.461491 9.012121
v 0.999999 -69.101491 9.270939
v 0.999999 -71.461492 9.270939
v 0.965925 -69.101491 9.529758
v 0.965925 -71.461491 9.529757
v 0.866025 -69.101491 9.770938
v 0.866025 -71.461491 9.770939
v 0.707106 -69.101492 9.978046
v 0.707106 -71.461491 9.978045
v 0.499999 -69.101492 10.136964
v 0.499999 -71.461491 10.136965
v 0.258818 -69.101491 10.236865
v 0.258819 -71.461491 10.236864
v -0.000001 -69.101491 10.270939
v -0.000001 -71.461491 10.270939
v -0.258820 -69.101491 10.236864
v -0.258820 -71.461491 10.236864
v -0.500001 -69.101491 10.136964
v -0.500001 -71.461492 10.136965
v -0.707108 -69.101492 9.978046
v -0.707107 -71.461491 9.978046
v -0.866026 -69.101491 9.770939
v -0.866026 -71.461492 9.770939
v -0.965927 -69.101491 9.529758
v -0.965926 -71.461491 9.529757
v -1.000001 -69.101492 9.270938
v -1.000001 -71.461491 9.270940
v -0.965927 -69.101491 9.012120
v -0.965926 -71.461491 9.012120
v -0.866026 -69.101491 8.770938
v -0.866026 -71.461491 8.770939
v -0.707108 -69.101491 8.563832
v -0.707107 -71.461491 8.563833
v -0.500001 -69.101491 8.404913
v -0.500001 -71.461492 8.404913
v -0.500001 -71.461492 8.404913
v -0.500001 -71.461490 7.020940
v -0.500001 -69.101491 8.404913
v -0.500001 -69.101491 7.020938
v -0.500000 -69.101492 37.936962
v -0.500000 -71.461492 37.936962
v -0.707107 -69.101492 37.778043
v -0.707107 -71.461492 37.778043
v -0.866025 -69.101492 37.570937
v -0.866025 -71.461492 37.570937
v -0.965926 -69.101493 37.329755
v -0.965926 -71.461492 37.329755
v -1.000000 -69.101492 37.070937
v -1.000000 -71.461492 37.070937
v -0.965926 -69.101492 36.812118
v -0.965926 -71.461493 36.812117
v -0.866025 -69.101493 36.570936
v -0.866025 -71.461492 36.570938
v -0.707107 -69.101492 36.363831
v -0.707107 -71.461492 36.363830
v -0.500000 -69.101492 36.204911
v -0.500000 -71.461492 36.204912
v -0.258819 -69.101493 36.105011
v -0.258819 -71.461492 36.105011
v -0.000000 -69.101492 36.070936
v 0.000000 -71.461492 36.070936
v 0.258819 -69.101492 36.105011
v 0.258819 -71.461492 36.105011
v 0.500000 -69.101492 36.204911
v 0.500000 -71.461492 36.204911
v 0.707107 -69.101492 36.363830
v 0.707107 -71.461492 36.363830
v 0.866025 -69.101492 36.570937
v 0.866026 -71.461492 36.570937
v 0.965926 -69.101492 36.812118
v 0.965926 -71.461492 36.812118
v 1.000000 -69.101492 37.070936
v 1.000000 -71.461492 37.070937
v 0.965926 -69.101492 37.329755
v 0.965926 -71.461492 37.329755
v 0.866025 -69.101492 37.570937
v 0.866026 -71.461492 37.570937
v 0.707107 -69.101492 37.778043
v 0.707107 -71.461492 37.778043
v 0.500000 -69.101492 37.936962
v 0.500000 -71.461492 37.936962
v -0.500000 -69.101492 37.936962
v 0.500000 -71.461492 37.936962
v 0.500000 -71.461492 39.320937
v 0.500000 -69.101492 37.936962
v 0.500000 -69.101492 39.320937
v -5.358818 -71.461493 39.286862
v -5.600000 -71.461492 39.186963
v -5.099999 -71.461493 39.320937
v -5.807106 -71.461493 39.028043
v -5.966025 -71.461493 38.820938
v -6.065926 -71.461493 38.579756
v -6.100000 -71.461493 38.320936
v -0.707107 -71.461492 37.778043
v -0.500000 -71.461492 37.936962
v -0.500000 -71.461492 39.320937
v -6.065926 -71.461492 33.679757
v -5.966025 -71.461493 33.920937
v -5.807106 -71.461493 34.128043
v -5.600000 -71.461493 34.286962
v -5.358819 -71.461493 34.386863
v -5.100000 -71.461493 34.420937
v -0.866025 -71.461492 37.570937
v -0.965926 -71.461492 37.329755
v -1.000000 -71.461492 37.070937
v -0.965926 -71.461493 36.812117
v -0.866025 -71.461492 36.570938
v -0.707107 -71.461492 36.363830
v -0.500000 -71.461492 36.204912
v -0.258819 -71.461492 36.105011
v 0.000000 -71.461492 36.070936
v 5.100000 -71.461492 34.420937
v 0.258819 -71.461492 36.105011
v 5.358818 -71.461491 34.386864
v 6.100000 -71.461492 38.320936
v 0.500000 -71.461492 36.204911
v 0.707107 -71.461492 36.363830
v 0.866026 -71.461492 36.570937
v 0.965926 -71.461492 36.812118
v 1.000000 -71.461492 37.070937
v 5.600000 -71.461492 34.286962
v 5.807107 -71.461492 34.128042
v 5.966026 -71.461491 33.920938
v 6.065926 -71.461491 33.679755
v 6.100000 -71.461491 33.420937
v 6.065926 -71.461492 38.579755
v 5.100000 -71.461492 39.320936
v 0.965926 -71.461492 37.329755
v 0.866026 -71.461492 37.570937
v 0.707107 -71.461492 37.778043
v 0.500000 -71.461492 37.936962
v 5.966026 -71.461492 38.820937
v 5.807106 -71.461492 39.028043
v 5.600000 -71.461491 39.186962
v 5.358819 -71.461492 39.286861
v 0.500000 -71.461492 39.320937
v -6.100000 -71.461493 33.420937
v -5.099999 -71.461493 39.320937
v -0.500000 -71.461492 39.320937
v -5.100000 -69.101493 39.320937
v -0.500000 -69.101492 39.320937
v -4.339332 -60.451492 24.033724
v -3.953221 -60.451493 32.966586
v -3.221736 -60.451493 23.141129
v -4.926326 -60.451494 31.918343
v -2.762774 -60.451493 33.759419
v -1.420434 -60.451492 34.253252
v -0.000001 -60.451492 34.420937
v 1.420432 -60.451493 34.253252
v 2.762772 -60.451493 33.759418
v 3.953219 -60.451492 32.966586
v 4.926324 -60.451492 31.918343
v 5.628587 -60.451492 30.672320
v 6.021399 -60.451492 29.297020
v 6.083164 -60.451492 27.868058
v 5.810486 -60.451491 26.463995
v 5.218356 -60.451492 25.162023
v 4.339330 -60.451492 24.033724
v 3.221734 -60.451492 23.141128
v -3.026923 -60.451493 22.982862
v -5.218359 -60.451492 25.162023
v -5.628589 -60.451493 30.672319
v -5.810488 -60.451493 26.463996
v -6.021401 -60.451493 29.297021
v -6.083166 -60.451493 27.868059
v 3.026920 -60.451491 22.982862
v -2.877656 -60.451493 22.781071
v 2.877654 -60.451492 22.781070
v -2.783341 -60.451492 22.548466
v 2.783339 -60.451492 22.548465
v -2.749919 -60.451492 22.299702
v -2.749919 -63.851492 22.299702
v -2.749919 -60.451492 22.299702
v -2.651661 -63.851493 21.592107
v -2.651662 -60.451492 21.592106
v -2.374460 -63.851493 20.933695
v -2.374461 -60.451493 20.933695
v -1.937022 -63.851492 20.368901
v -1.937022 -60.451493 20.368901
v -1.368866 -63.851493 19.935837
v -1.368866 -60.451492 19.935837
v -0.708334 -63.851492 19.663728
v -0.708334 -60.451492 19.663728
v -0.000001 -63.851492 19.570938
v -0.000001 -60.451493 19.570938
v 0.708332 -63.851492 19.663728
v 0.708332 -60.451492 19.663728
v 1.368864 -63.851492 19.935837
v 1.368864 -60.451492 19.935836
v 1.937020 -63.851492 20.368901
v 1.937020 -60.451492 20.368901
v 2.374458 -63.851493 20.933696
v 2.374458 -60.451492 20.933695
v 2.651660 -63.851493 21.592106
v 2.651659 -60.451492 21.592106
v 2.749917 -63.851492 22.299702
v 2.749917 -60.451492 22.299702
v 5.099999 -69.101490 11.920938
v -5.100000 -69.101492 11.920939
v 5.099999 -64.851491 11.920939
v -5.100001 -64.851492 11.920939
v -6.065927 -71.461491 7.762121
v -5.100000 -71.461491 7.020940
v -6.100001 -71.461491 8.020939
v -5.966026 -71.461491 7.520939
v -5.807107 -71.461492 7.313832
v -5.600000 -71.461492 7.154914
v -0.500001 -71.461492 8.404913
v -0.707107 -71.461491 8.563833
v -0.866026 -71.461491 8.770939
v -0.965926 -71.461491 9.012120
v -1.000001 -71.461491 9.270940
v -0.965926 -71.461491 9.529757
v -5.100000 -71.461492 11.920939
v -5.358819 -71.461492 11.955013
v -5.600000 -71.461492 12.054914
v -5.807107 -71.461492 12.213832
v -5.966026 -71.461492 12.420939
v -6.065926 -71.461492 12.662120
v -6.100000 -71.461491 12.920939
v -5.358819 -71.461491 7.055014
v -0.500001 -71.461490 7.020940
v -0.866026 -71.461492 9.770939
v -0.707107 -71.461491 9.978046
v -0.500001 -71.461492 10.136965
v -0.258820 -71.461491 10.236864
v -0.000001 -71.461491 10.270939
v 5.099999 -71.461491 11.920939
v 0.258819 -71.461491 10.236864
v 0.499999 -71.461491 10.136965
v 0.707106 -71.461491 9.978045
v 0.866025 -71.461491 9.770939
v 0.965925 -71.461491 9.529757
v 6.099999 -71.461490 8.020938
v 0.999999 -71.461492 9.270939
v 0.965925 -71.461491 9.012121
v 0.866025 -71.461491 8.770939
v 0.707106 -71.461491 8.563833
v 5.099999 -71.461491 7.020938
v 6.065925 -71.461490 12.662119
v 5.966025 -71.461491 12.420938
v 5.807105 -71.461490 12.213832
v 5.600000 -71.461490 12.054913
v 5.358818 -71.461491 11.955012
v 0.499999 -71.461491 8.404914
v 0.499999 -71.461491 7.020939
v 5.599999 -71.461491 7.154914
v 5.807106 -71.461490 7.313832
v 5.966025 -71.461490 7.520939
v 6.065925 -71.461491 7.762120
v 5.358818 -71.461490 7.055014
v 6.100000 -71.461491 12.920938
v 5.100000 -69.101492 39.320937
v 0.500000 -69.101492 39.320937
v 5.100000 -71.461492 39.320936
v 0.500000 -71.461492 39.320937
v 5.100000 -71.461492 34.420937
v -5.100000 -71.461493 34.420937
v 5.100001 -87.461491 34.420937
v -5.099998 -87.461492 34.420937
v -0.375443 -57.691491 30.691390
v -0.000000 -57.691491 30.720938
v -0.000000 -57.191491 30.220938
v -0.329932 -57.191491 30.192073
v -0.741641 -57.691491 30.603474
v -0.649839 -57.191491 30.106354
v -1.089577 -57.691491 30.459354
v -0.950000 -57.191491 29.966386
v -1.410685 -57.691491 30.262579
v -1.221297 -57.191491 29.776423
v -1.697057 -57.691491 30.017994
v -1.455485 -57.191491 29.542235
v -1.941641 -57.691491 29.731623
v -1.645449 -57.191491 29.270938
v -2.138416 -57.691491 29.410515
v -1.785416 -57.191491 28.970776
v -2.282536 -57.691491 29.062579
v -1.871135 -57.191491 28.650870
v -2.370452 -57.691491 28.696381
v -1.900000 -57.191491 28.320938
v -2.370452 -57.691491 27.945495
v -2.400000 -57.691491 28.320938
v -1.871135 -57.191491 27.991007
v -2.282536 -57.691491 27.579297
v -1.785416 -57.191491 27.671100
v -2.138416 -57.691491 27.231361
v -1.645449 -57.191491 27.370938
v -1.941641 -57.691491 26.910254
v -1.455485 -57.191491 27.099642
v -1.697057 -57.691491 26.623882
v -1.221297 -57.191491 26.865454
v -1.410685 -57.691491 26.379297
v -0.950000 -57.191491 26.675490
v -1.089578 -57.691491 26.182522
v -0.649839 -57.191491 26.535522
v -0.741641 -57.691491 26.038403
v -0.329932 -57.191491 26.449803
v -0.375443 -57.691491 25.950486
v -0.000000 -57.191491 26.420938
v 0.375442 -57.691491 25.950486
v -0.000000 -57.691491 25.920938
v 0.329931 -57.191491 26.449803
v 0.741640 -57.691491 26.038403
v 0.649838 -57.191491 26.535522
v 1.089577 -57.691491 26.182522
v 0.949999 -57.191491 26.675490
v 1.410684 -57.691491 26.379297
v 1.221296 -57.191491 26.865454
v 1.697056 -57.691491 26.623882
v 1.455484 -57.191491 27.099642
v 1.941640 -57.691491 26.910254
v 1.645448 -57.191491 27.370938
v 2.138415 -57.691491 27.231361
v 1.785416 -57.191491 27.671100
v 2.282535 -57.691491 27.579297
v 1.871134 -57.191491 27.991007
v 2.370452 -57.691491 27.945495
v 1.900000 -57.191491 28.320938
v 2.370452 -57.691491 28.696381
v 2.399999 -57.691491 28.320938
v 1.871134 -57.191491 28.650870
v 2.282535 -57.691491 29.062579
v 1.785416 -57.191491 28.970776
v 2.138415 -57.691491 29.410515
v 1.645448 -57.191491 29.270938
v 1.941640 -57.691491 29.731623
v 1.455484 -57.191491 29.542234
v 1.697056 -57.691491 30.017994
v 1.221296 -57.191491 29.776422
v 1.410684 -57.691491 30.262579
v 0.950000 -57.191491 29.966386
v 1.089577 -57.691491 30.459354
v 0.649838 -57.191491 30.106354
v 0.741640 -57.691491 30.603474
v 0.329931 -57.191491 30.192073
v 0.375442 -57.691491 30.691390
v -0.000000 -60.451491 30.720938
v 0.375442 -57.691491 30.691390
v -0.000000 -57.691491 30.720938
v 0.375443 -60.451491 30.691390
v 0.741640 -57.691491 30.603474
v 0.741641 -60.451491 30.603474
v 1.089577 -57.691491 30.459354
v 1.089577 -60.451491 30.459354
v 1.410684 -57.691491 30.262579
v 1.410684 -60.451491 30.262579
v 1.697056 -57.691491 30.017994
v 1.697056 -60.451491 30.017994
v 1.941640 -57.691491 29.731623
v 1.941641 -60.451491 29.731623
v 2.138415 -57.691491 29.410515
v 2.138416 -60.451491 29.410515
v 2.282535 -57.691491 29.062579
v 2.282535 -60.451491 29.062579
v 2.370452 -57.691491 28.696381
v 2.370452 -60.451491 28.696381
v 2.399999 -57.691491 28.320938
v 2.400000 -60.451491 28.320938
v 2.370452 -57.691491 27.945495
v 2.370452 -60.451491 27.945495
v 2.282535 -57.691491 27.579297
v 2.282535 -60.451491 27.579297
v 2.138415 -57.691491 27.231361
v 2.138415 -60.451491 27.231361
v 1.941640 -57.691491 26.910254
v 1.941640 -60.451491 26.910254
v 1.697056 -57.691491 26.623882
v 1.697056 -60.451491 26.623882
v 1.410684 -57.691491 26.379297
v 1.410684 -60.451491 26.379297
v 1.089577 -57.691491 26.182522
v 1.089577 -60.451491 26.182522
v 0.741640 -57.691491 26.038403
v 0.741640 -60.451491 26.038403
v 0.375442 -57.691491 25.950486
v 0.375442 -60.451491 25.950486
v -0.000000 -57.691491 25.920938
v -0.000000 -60.451491 25.920938
v -0.375443 -57.691491 25.950486
v -0.375443 -60.451491 25.950486
v -0.741641 -57.691491 26.038403
v -0.741641 -60.451491 26.038403
v -1.089578 -57.691491 26.182522
v -1.089577 -60.451491 26.182522
v -1.410685 -57.691491 26.379297
v -1.410685 -60.451491 26.379297
v -1.697057 -57.691491 26.623882
v -1.697057 -60.451491 26.623882
v -1.941641 -57.691491 26.910254
v -1.941641 -60.451491 26.910254
v -2.138416 -57.691491 27.231361
v -2.138416 -60.451491 27.231361
v -2.282536 -57.691491 27.579297
v -2.282536 -60.451491 27.579297
v -2.370452 -57.691491 27.945495
v -2.370452 -60.451491 27.945495
v -2.400000 -57.691491 28.320938
v -2.400000 -60.451491 28.320938
v -2.370452 -57.691491 28.696381
v -2.370452 -60.451491 28.696381
v -2.282536 -57.691491 29.062579
v -2.282536 -60.451491 29.062579
v -2.138416 -57.691491 29.410515
v -2.138416 -60.451491 29.410515
v -1.941641 -57.691491 29.731623
v -1.941641 -60.451491 29.731623
v -1.697057 -57.691491 30.017994
v -1.697056 -60.451491 30.017994
v -1.410685 -57.691491 30.262579
v -1.410685 -60.451491 30.262579
v -1.089577 -57.691491 30.459354
v -1.089577 -60.451491 30.459354
v -0.741641 -57.691491 30.603474
v -0.741641 -60.451491 30.603474
v -0.375443 -57.691491 30.691390
v -0.375443 -60.451491 30.691390
v -0.000000 -57.691491 30.720938
v -0.000000 -57.191491 30.220938
v -0.000000 -57.691491 30.720938
v -0.000000 -60.451491 30.720938
v -0.000000 -57.191491 30.220938
v 0.329931 -57.191491 30.192073
v -0.329932 -57.191491 30.192073
v -0.649839 -57.191491 30.106354
v 0.649838 -57.191491 30.106354
v -0.950000 -57.191491 29.966386
v 0.950000 -57.191491 29.966386
v -1.221297 -57.191491 29.776423
v 1.221296 -57.191491 29.776422
v -1.455485 -57.191491 29.542235
v 1.455484 -57.191491 29.542234
v -1.645449 -57.191491 29.270938
v 1.645448 -57.191491 29.270938
v -1.785416 -57.191491 28.970776
v 1.785416 -57.191491 28.970776
v -1.871135 -57.191491 28.650870
v 1.871134 -57.191491 28.650870
v -1.900000 -57.191491 28.320938
v 1.900000 -57.191491 28.320938
v -1.871135 -57.191491 27.991007
v 1.871134 -57.191491 27.991007
v -1.785416 -57.191491 27.671100
v 1.785416 -57.191491 27.671100
v -1.645449 -57.191491 27.370938
v 1.645448 -57.191491 27.370938
v -1.455485 -57.191491 27.099642
v 1.455484 -57.191491 27.099642
v -1.221297 -57.191491 26.865454
v 1.221296 -57.191491 26.865454
v -0.950000 -57.191491 26.675490
v 0.949999 -57.191491 26.675490
v -0.649839 -57.191491 26.535522
v 0.649838 -57.191491 26.535522
v -0.329932 -57.191491 26.449803
v 0.329931 -57.191491 26.449803
v -0.000000 -57.191491 26.420938
v -0.000000 -60.451491 30.720938
v -0.375443 -60.451491 30.691390
v 0.375443 -60.451491 30.691390
v 0.741641 -60.451491 30.603474
v -0.741641 -60.451491 30.603474
v 1.089577 -60.451491 30.459354
v -1.089577 -60.451491 30.459354
v 1.410684 -60.451491 30.262579
v -1.410685 -60.451491 30.262579
v 1.697056 -60.451491 30.017994
v -1.697056 -60.451491 30.017994
v 1.941641 -60.451491 29.731623
v -1.941641 -60.451491 29.731623
v 2.138416 -60.451491 29.410515
v -2.138416 -60.451491 29.410515
v 2.282535 -60.451491 29.062579
v -2.282536 -60.451491 29.062579
v 2.370452 -60.451491 28.696381
v -2.370452 -60.451491 28.696381
v 2.400000 -60.451491 28.320938
v -2.400000 -60.451491 28.320938
v 2.370452 -60.451491 27.945495
v -2.370452 -60.451491 27.945495
v 2.282535 -60.451491 27.579297
v -2.282536 -60.451491 27.579297
v 2.138415 -60.451491 27.231361
v -2.138416 -60.451491 27.231361
v 1.941640 -60.451491 26.910254
v -1.941641 -60.451491 26.910254
v 1.697056 -60.451491 26.623882
v -1.697057 -60.451491 26.623882
v 1.410684 -60.451491 26.379297
v -1.410685 -60.451491 26.379297
v 1.089577 -60.451491 26.182522
v -1.089577 -60.451491 26.182522
v 0.741640 -60.451491 26.038403
v -0.741641 -60.451491 26.038403
v 0.375442 -60.451491 25.950486
v -0.375443 -60.451491 25.950486
v -0.000000 -60.451491 25.920938
v -0.624999 -82.161491 43.420936
v -0.624999 -82.161491 34.420936
v -0.646295 -81.999729 43.420936
v -0.646295 -82.323253 43.420936
v -0.708733 -82.473991 34.420936
v -0.646295 -82.323253 34.420936
v -0.624999 -82.161491 43.420936
v -0.708733 -82.473991 43.420936
v -0.808057 -82.603433 34.420936
v -0.808057 -82.603433 43.420936
v -0.937499 -82.702757 34.420936
v -0.937499 -82.702757 43.420936
v -1.088237 -82.765195 34.420936
v -1.088237 -82.765195 43.420936
v -1.249999 -82.786491 34.420936
v -1.249999 -82.786491 43.420936
v -1.411761 -82.765195 34.420936
v -1.411761 -82.765195 43.420936
v -1.562499 -82.702757 34.420936
v -1.562499 -82.702757 43.420936
v -1.691941 -82.603433 34.420936
v -1.691940 -82.603433 43.420936
v -1.791265 -82.473991 34.420936
v -1.791265 -82.473991 43.420936
v -1.853703 -82.323253 34.420936
v -1.853702 -82.323253 43.420936
v -1.874999 -82.161491 34.420936
v -1.874999 -82.161491 43.420936
v -1.853703 -81.999729 34.420936
v -1.853702 -81.999729 43.420936
v -1.791265 -81.848991 34.420936
v -1.791265 -81.848991 43.420936
v -1.691941 -81.719550 34.420936
v -1.691940 -81.719550 43.420936
v -1.562499 -81.620225 34.420936
v -1.562499 -81.620225 43.420936
v -1.411761 -81.557788 34.420936
v -1.411761 -81.557788 43.420936
v -1.249999 -81.536491 34.420936
v -1.249999 -81.536491 43.420936
v -1.088237 -81.557788 34.420936
v -1.088237 -81.557788 43.420936
v -0.937499 -81.620225 34.420936
v -0.937499 -81.620225 43.420936
v -0.808057 -81.719549 34.420936
v -0.808057 -81.719549 43.420936
v -0.708733 -81.848991 34.420936
v -0.708733 -81.848991 43.420936
v -0.646296 -81.999729 34.420936
v -0.624999 -82.161491 34.420936
v -0.646295 -81.999729 43.420936
v -1.853702 -81.999729 43.420936
v -0.624999 -82.161491 43.420936
v -1.791265 -81.848991 43.420936
v -1.874999 -82.161491 43.420936
v -0.646295 -82.323253 43.420936
v -1.853702 -82.323253 43.420936
v -0.708733 -82.473991 43.420936
v -1.791265 -82.473991 43.420936
v -0.808057 -82.603433 43.420936
v -1.691940 -82.603433 43.420936
v -0.937499 -82.702757 43.420936
v -1.562499 -82.702757 43.420936
v -1.088237 -82.765195 43.420936
v -1.411761 -82.765195 43.420936
v -1.249999 -82.786491 43.420936
v -0.708733 -81.848991 43.420936
v -1.691940 -81.719550 43.420936
v -0.808057 -81.719549 43.420936
v -1.562499 -81.620225 43.420936
v -0.937499 -81.620225 43.420936
v -1.411761 -81.557788 43.420936
v -1.088237 -81.557788 43.420936
v -1.249999 -81.536491 43.420936
v 0.625001 -82.161492 34.420936
v 0.646297 -81.999729 34.420936
v 0.708735 -81.848992 34.420936
v 0.808059 -81.719549 34.420936
v 0.937501 -81.620225 34.420936
v 1.088239 -81.557787 34.420936
v 1.250001 -81.536492 34.420936
v 1.411763 -81.557787 34.420936
v 1.562501 -81.620225 34.420936
v 1.691942 -81.719549 34.420936
v 1.791266 -81.848992 34.420936
v 1.853704 -81.999729 34.420936
v 1.875001 -82.161492 34.420936
v 1.853704 -82.323253 34.420936
v 1.791266 -82.473991 34.420936
v 1.691942 -82.603433 34.420936
v 1.562501 -82.702757 34.420936
v 1.411763 -82.765195 34.420936
v 1.250001 -82.786492 34.420936
v 1.088239 -82.765195 34.420936
v 0.937501 -82.702757 34.420936
v 0.808059 -82.603433 34.420936
v 0.708735 -82.473992 34.420936
v 0.646297 -82.323253 34.420936
v 0.625001 -82.161492 43.420937
v 0.646297 -82.323253 43.420937
v 0.708735 -82.473992 43.420937
v 0.808059 -82.603433 43.420937
v 0.937501 -82.702757 43.420937
v 1.088239 -82.765195 43.420937
v 1.250001 -82.786492 43.420937
v 1.411763 -82.765195 43.420937
v 1.562501 -82.702757 43.420937
v 1.691943 -82.603433 43.420937
v 1.791267 -82.473992 43.420937
v 1.853704 -82.323253 43.420937
v 1.875001 -82.161492 43.420937
v 1.853704 -81.999729 43.420937
v 1.791267 -81.848992 43.420937
v 1.691942 -81.719549 43.420937
v 1.562501 -81.620225 43.420937
v 1.411763 -81.557787 43.420937
v 1.250001 -81.536492 43.420937
v 1.088239 -81.557787 43.420937
v 0.937501 -81.620225 43.420937
v 0.808059 -81.719549 43.420937
v 0.708735 -81.848992 43.420937
v 0.646297 -81.999729 43.420937
v -0.603703 -81.999729 34.420936
v -0.541265 -81.848992 34.420936
v -0.441941 -81.719549 34.420936
v -0.312499 -81.620225 34.420936
v -0.161761 -81.557787 34.420936
v 0.000001 -81.536492 34.420936
v 0.161763 -81.557787 34.420936
v 0.312501 -81.620225 34.420936
v 0.441942 -81.719549 34.420936
v 0.541267 -81.848992 34.420936
v 0.603704 -81.999729 34.420936
v 0.603705 -81.999729 43.420937
v 0.541267 -81.848992 43.420937
v 0.441943 -81.719549 43.420937
v 0.312501 -81.620225 43.420937
v 0.161763 -81.557787 43.420937
v 0.000001 -81.536492 43.420937
v -0.161761 -81.557787 43.420937
v -0.312499 -81.620225 43.420937
v -0.441941 -81.719549 43.420937
v -0.541265 -81.848992 43.420937
v -0.603702 -81.999729 43.420937
v -0.603702 -82.323253 43.420937
v -0.541265 -82.473992 43.420937
v -0.441941 -82.603433 43.420937
v -0.312499 -82.702757 43.420937
v -0.161761 -82.765195 43.420937
v 0.000001 -82.786492 43.420937
v 0.161763 -82.765195 43.420937
v 0.312501 -82.702757 43.420937
v 0.441943 -82.603433 43.420937
v 0.541267 -82.473992 43.420937
v 0.603705 -82.323253 43.420937
v 0.603704 -82.323253 34.420936
v 0.541267 -82.473992 34.420936
v 0.441943 -82.603433 34.420936
v 0.312501 -82.702757 34.420936
v 0.161763 -82.765195 34.420936
v 0.000001 -82.786492 34.420936
v -0.161761 -82.765195 34.420936
v -0.312499 -82.702757 34.420936
v -0.441941 -82.603433 34.420936
v -0.541265 -82.473992 34.420936
v -0.603703 -82.323253 34.420936
v 0.625001 -82.161491 34.420937
v 0.625001 -82.161491 43.420936
v 0.603704 -82.323253 34.420937
v 0.603705 -81.999729 43.420936
v -0.624999 -82.161491 43.420936
v -0.603703 -81.999730 34.420937
v -0.624999 -82.161491 34.420937
v -0.603703 -81.999730 43.420936
v -0.541265 -81.848991 34.420937
v -0.541265 -81.848991 43.420936
v -0.441941 -81.719550 34.420937
v -0.441941 -81.719550 43.420936
v -0.312499 -81.620226 34.420937
v -0.312499 -81.620226 43.420936
v -0.161761 -81.557788 34.420937
v -0.161761 -81.557788 43.420936
v 0.000001 -81.536491 34.420937
v 0.000001 -81.536491 43.420936
v 0.161763 -81.557788 34.420937
v 0.161763 -81.557788 43.420936
v 0.312501 -81.620226 34.420937
v 0.312501 -81.620226 43.420936
v 0.441942 -81.719550 34.420937
v 0.441943 -81.719550 43.420936
v 0.541267 -81.848991 34.420937
v 0.541267 -81.848991 43.420936
v 0.603704 -81.999729 34.420937
v -0.603703 -82.323253 34.420937
v -0.541265 -82.473991 43.420936
v -0.603703 -82.323253 43.420936
v -0.624999 -82.161491 34.420937
v -0.541265 -82.473991 34.420937
v -0.441941 -82.603433 43.420936
v -0.441941 -82.603433 34.420937
v -0.312499 -82.702757 43.420936
v -0.312499 -82.702757 34.420937
v -0.161761 -82.765195 43.420936
v -0.161761 -82.765195 34.420937
v 0.000001 -82.786491 43.420936
v 0.000001 -82.786491 34.420937
v 0.161763 -82.765195 43.420936
v 0.161763 -82.765195 34.420937
v 0.312501 -82.702757 43.420936
v 0.312501 -82.702757 34.420937
v 0.441943 -82.603433 43.420936
v 0.441943 -82.603433 34.420937
v 0.541267 -82.473991 43.420936
v 0.541267 -82.473991 34.420937
v 0.603705 -82.323253 43.420936
v 0.625001 -82.161491 43.420936
v -0.624999 -82.161491 43.420936
v -0.603703 -82.323253 43.420936
v 0.603705 -82.323253 43.420936
v -0.624999 -82.161491 43.420936
v 0.541267 -82.473991 43.420936
v 0.625001 -82.161491 43.420936
v -0.603703 -81.999730 43.420936
v 0.603705 -81.999729 43.420936
v -0.541265 -81.848991 43.420936
v 0.541267 -81.848991 43.420936
v -0.441941 -81.719550 43.420936
v 0.441943 -81.719550 43.420936
v -0.312499 -81.620226 43.420936
v 0.312501 -81.620226 43.420936
v -0.161761 -81.557788 43.420936
v 0.161763 -81.557788 43.420936
v 0.000001 -81.536491 43.420936
v -0.541265 -82.473991 43.420936
v 0.441943 -82.603433 43.420936
v -0.441941 -82.603433 43.420936
v 0.312501 -82.702757 43.420936
v -0.312499 -82.702757 43.420936
v 0.161763 -82.765195 43.420936
v -0.161761 -82.765195 43.420936
v 0.000001 -82.786491 43.420936
v 0.625001 -82.161491 43.420936
v 0.625001 -82.161491 34.420937
v 0.646297 -82.323253 43.420936
v 0.646297 -81.999730 34.420937
v 0.646297 -81.999730 43.420936
v 0.708735 -81.848991 34.420937
v 0.708735 -81.848991 43.420936
v 0.808059 -81.719550 34.420937
v 0.808059 -81.719550 43.420936
v 0.937501 -81.620226 34.420937
v 0.937501 -81.620226 43.420936
v 1.088239 -81.557788 34.420937
v 1.088239 -81.557788 43.420936
v 1.250001 -81.536491 34.420937
v 1.250001 -81.536491 43.420936
v 1.411763 -81.557788 34.420937
v 1.411763 -81.557788 43.420936
v 1.562501 -81.620226 34.420937
v 1.562501 -81.620226 43.420936
v 1.691942 -81.719550 34.420937
v 1.691943 -81.719550 43.420936
v 1.791267 -81.848991 34.420937
v 1.791267 -81.848991 43.420936
v 1.853704 -81.999729 34.420937
v 1.853705 -81.999729 43.420936
v 1.875001 -82.161491 34.420937
v 1.875001 -82.161491 43.420936
v 1.853704 -82.323253 34.420937
v 1.875001 -82.161491 34.420937
v 1.853705 -82.323253 43.420936
v 1.791267 -82.473991 34.420937
v 1.791267 -82.473991 43.420936
v 1.691943 -82.603433 34.420937
v 1.691943 -82.603433 43.420936
v 1.562501 -82.702757 34.420937
v 1.562501 -82.702757 43.420936
v 1.411763 -82.765195 34.420937
v 1.411763 -82.765195 43.420936
v 1.250001 -82.786491 34.420937
v 1.250001 -82.786491 43.420936
v 1.088239 -82.765195 34.420937
v 1.088239 -82.765195 43.420936
v 0.937501 -82.702757 34.420937
v 0.937501 -82.702757 43.420936
v 0.808059 -82.603433 34.420937
v 0.808059 -82.603433 43.420936
v 0.708735 -82.473991 34.420937
v 0.708735 -82.473991 43.420936
v 0.646297 -82.323253 34.420937
v 1.875001 -82.161491 43.420936
v 0.646297 -82.323253 43.420936
v 1.853705 -82.323253 43.420936
v 0.625001 -82.161491 43.420936
v 1.791267 -82.473991 43.420936
v 1.875001 -82.161491 43.420936
v 0.646297 -81.999730 43.420936
v 1.853705 -81.999729 43.420936
v 0.708735 -81.848991 43.420936
v 1.791267 -81.848991 43.420936
v 0.808059 -81.719550 43.420936
v 1.691943 -81.719550 43.420936
v 0.937501 -81.620226 43.420936
v 1.562501 -81.620226 43.420936
v 1.088239 -81.557788 43.420936
v 1.411763 -81.557788 43.420936
v 1.250001 -81.536491 43.420936
v 0.708735 -82.473991 43.420936
v 1.691943 -82.603433 43.420936
v 0.808059 -82.603433 43.420936
v 1.562501 -82.702757 43.420936
v 0.937501 -82.702757 43.420936
v 1.411763 -82.765195 43.420936
v 1.088239 -82.765195 43.420936
v 1.250001 -82.786491 43.420936
v 0.625001 -82.161491 34.420937
v 1.853704 -81.999729 34.420937
v 1.875001 -82.161491 34.420937
v 0.646297 -82.323253 34.420937
v 1.853704 -82.323253 34.420937
v 0.708735 -82.473991 34.420937
v 1.791266 -82.473991 34.420937
v 0.808059 -82.603433 34.420937
v 1.691942 -82.603433 34.420937
v 0.937501 -82.702757 34.420937
v 1.562501 -82.702757 34.420937
v 1.088239 -82.765195 34.420937
v 1.411763 -82.765195 34.420937
v 1.250001 -82.786491 34.420937
v 0.646297 -81.999729 34.420937
v 1.791266 -81.848991 34.420937
v 0.708735 -81.848991 34.420937
v 1.691942 -81.719550 34.420937
v 0.808059 -81.719550 34.420937
v 1.562501 -81.620225 34.420937
v 0.937501 -81.620225 34.420937
v 1.411763 -81.557788 34.420937
v 1.088239 -81.557788 34.420937
v 1.250001 -81.536491 34.420937
v 0.603704 -81.999729 34.420937
v -0.603703 -81.999730 34.420937
v 0.541267 -81.848991 34.420937
v -0.541265 -81.848991 34.420937
v 0.441942 -81.719550 34.420937
v -0.441941 -81.719550 34.420937
v 0.312501 -81.620226 34.420937
v -0.312499 -81.620226 34.420937
v 0.161763 -81.557788 34.420937
v -0.161761 -81.557788 34.420937
v 0.000001 -81.536491 34.420937
v -0.624999 -82.161491 34.420937
v 0.625001 -82.161491 34.420937
v -0.603703 -82.323253 34.420937
v 0.603704 -82.323253 34.420937
v -0.541265 -82.473991 34.420937
v 0.541267 -82.473991 34.420937
v -0.441941 -82.603433 34.420937
v 0.441943 -82.603433 34.420937
v -0.312499 -82.702757 34.420937
v 0.312501 -82.702757 34.420937
v -0.161761 -82.765195 34.420937
v 0.161763 -82.765195 34.420937
v 0.000001 -82.786491 34.420937
v -0.646296 -81.999730 34.420937
v -1.874999 -82.161492 34.420937
v -1.853703 -81.999730 34.420937
v -0.708733 -81.848991 34.420937
v -1.791265 -81.848992 34.420937
v -0.808057 -81.719550 34.420937
v -1.691941 -81.719550 34.420937
v -0.937499 -81.620226 34.420937
v -1.562499 -81.620226 34.420937
v -1.088237 -81.557788 34.420937
v -1.411761 -81.557788 34.420937
v -1.249999 -81.536491 34.420937
v -1.853703 -82.323253 34.420937
v -0.646295 -82.323253 34.420937
v -1.791265 -82.473992 34.420937
v -0.708733 -82.473991 34.420937
v -1.691941 -82.603433 34.420937
v -0.808057 -82.603433 34.420937
v -1.562499 -82.702757 34.420937
v -0.937499 -82.702757 34.420937
v -1.411761 -82.765195 34.420937
v -1.088237 -82.765195 34.420937
v -1.249999 -82.786491 34.420937
v -0.624999 -82.161491 34.420937
f 1 2 3
f 1 22 21
f 1 23 22
f 1 3 23
f 2 26 3
f 2 27 26
f 3 26 23
f 4 5 6
f 4 6 7
f 4 8 5
f 4 7 28
f 5 8 29
f 5 30 6
f 5 29 30
f 6 24 7
f 6 25 24
f 6 30 25
f 7 27 28
f 7 24 26
f 7 26 27
f 8 31 29
f 9 10 11
f 9 32 31
f 9 15 32
f 9 11 15
f 10 12 11
f 10 13 12
f 11 12 15
f 12 14 15
f 14 16 17
f 14 17 15
f 15 17 32
f 16 18 19
f 16 19 17
f 17 33 32
f 17 19 33
f 18 20 19
f 19 34 33
f 19 20 36
f 19 36 34
f 20 21 22
f 20 22 35
f 20 35 36
f 22 23 24
f 22 24 25
f 22 25 35
f 23 26 24
f 25 30 34
f 25 34 35
f 29 31 32
f 29 33 30
f 29 32 33
f 30 33 34
f 34 36 35
f 37 38 39
f 38 40 41
f 38 41 39
f 39 41 50
f 40 42 43
f 40 43 41
f 41 51 50
f 41 43 51
f 42 44 45
f 42 45 43
f 43 45 57
f 43 57 51
f 44 46 47
f 44 47 45
f 45 47 56
f 45 56 57
f 46 48 49
f 46 49 47
f 47 49 55
f 47 55 56
f 48 53 49
f 49 53 54
f 49 54 55
f 50 51 52
f 51 1090 52
f 51 57 1090
f 53 58 54
f 54 1093 55
f 54 1094 1093
f 54 58 1094
f 55 1092 56
f 55 1093 1092
f 56 1091 57
f 56 1092 1091
f 57 1091 1090
f 58 1095 1094
f 59 60 61
f 59 61 62
f 59 63 60
f 60 63 66
f 60 66 94
f 60 87 61
f 60 94 87
f 61 84 85
f 61 85 62
f 61 87 84
f 63 64 65
f 63 65 66
f 63 67 64
f 64 86 65
f 64 67 86
f 65 86 92
f 65 92 66
f 66 92 94
f 67 91 86
f 68 69 70
f 68 71 72
f 68 72 69
f 69 72 74
f 69 74 88
f 71 73 74
f 71 74 72
f 71 75 73
f 73 75 76
f 73 89 74
f 73 93 89
f 73 76 93
f 74 89 90
f 74 90 88
f 75 77 76
f 76 79 81
f 76 77 79
f 76 81 93
f 77 78 79
f 78 80 81
f 78 81 79
f 78 82 80
f 80 83 84
f 80 82 83
f 80 84 81
f 81 84 87
f 81 87 93
f 83 85 84
f 86 90 92
f 86 91 90
f 87 94 93
f 88 90 91
f 89 92 90
f 89 94 92
f 89 93 94
f 95 96 97
f 96 98 99
f 96 99 97
f 97 99 108
f 98 100 101
f 98 101 99
f 99 109 108
f 99 101 109
f 100 102 103
f 100 103 101
f 101 103 115
f 101 115 109
f 102 104 105
f 102 105 103
f 103 105 114
f 103 114 115
f 104 106 107
f 104 107 105
f 105 107 113
f 105 113 114
f 106 111 107
f 107 111 112
f 107 112 113
f 108 109 110
f 109 1096 110
f 109 115 1096
f 111 116 112
f 112 1099 113
f 112 1100 1099
f 112 116 1100
f 113 1098 114
f 113 1099 1098
f 114 1097 115
f 114 1098 1097
f 115 1097 1096
f 116 1101 1100
f 117 118 119
f 117 119 120
f 117 121 118
f 118 121 122
f 118 122 189
f 118 189 194
f 118 194 119
f 119 194 199
f 119 1113 120
f 119 199 1113
f 121 123 122
f 122 123 124
f 122 124 184
f 122 184 189
f 123 125 124
f 124 125 126
f 124 126 179
f 124 179 184
f 125 127 126
f 126 127 128
f 126 128 174
f 126 174 179
f 127 129 128
f 128 129 130
f 128 130 169
f 128 169 174
f 129 131 130
f 130 131 132
f 130 132 164
f 130 164 169
f 131 133 132
f 132 133 134
f 132 134 159
f 132 159 164
f 133 135 134
f 134 135 136
f 134 136 153
f 134 153 159
f 135 137 136
f 136 137 138
f 136 138 151
f 136 151 153
f 137 139 138
f 138 139 140
f 138 154 151
f 138 140 154
f 139 1112 140
f 141 142 143
f 141 143 144
f 141 145 146
f 141 147 145
f 141 144 147
f 141 146 142
f 143 155 144
f 144 155 156
f 144 157 147
f 144 156 157
f 145 148 149
f 145 150 148
f 145 147 150
f 145 149 146
f 147 158 150
f 147 157 158
f 148 151 152
f 148 153 151
f 148 150 153
f 148 152 149
f 150 159 153
f 150 158 159
f 151 154 152
f 155 160 156
f 156 160 161
f 156 162 157
f 156 161 162
f 157 163 158
f 157 162 163
f 158 164 159
f 158 163 164
f 160 165 161
f 161 165 166
f 161 167 162
f 161 166 167
f 162 168 163
f 162 167 168
f 163 169 164
f 163 168 169
f 165 170 166
f 166 170 171
f 166 172 167
f 166 171 172
f 167 173 168
f 167 172 173
f 168 174 169
f 168 173 174
f 170 175 171
f 171 175 176
f 171 177 172
f 171 176 177
f 172 178 173
f 172 177 178
f 173 179 174
f 173 178 179
f 175 180 176
f 176 180 181
f 176 182 177
f 176 181 182
f 177 183 178
f 177 182 183
f 178 184 179
f 178 183 184
f 180 185 181
f 181 185 186
f 181 187 182
f 181 186 187
f 182 188 183
f 182 187 188
f 183 189 184
f 183 188 189
f 185 190 186
f 186 190 191
f 186 192 187
f 186 191 192
f 187 193 188
f 187 192 193
f 188 194 189
f 188 193 194
f 190 195 191
f 191 195 196
f 191 197 192
f 191 196 197
f 192 198 193
f 192 197 198
f 193 199 194
f 193 198 199
f 195 200 196
f 196 1116 197
f 196 1117 1116
f 196 200 1117
f 197 1115 198
f 197 1116 1115
f 198 1114 199
f 198 1115 1114
f 199 1114 1113
f 200 1118 1117
f 201 202 203
f 201 203 204
f 201 210 202
f 201 205 210
f 201 204 240
f 202 232 203
f 202 231 232
f 202 210 231
f 203 232 233
f 203 233 204
f 204 239 240
f 204 233 241
f 204 241 239
f 205 206 207
f 205 207 208
f 205 209 210
f 205 211 206
f 205 267 209
f 205 208 267
f 206 224 225
f 206 225 207
f 207 225 286
f 207 286 208
f 208 292 267
f 208 286 292
f 209 230 210
f 209 268 230
f 209 267 268
f 210 230 231
f 212 213 214
f 212 214 215
f 212 220 213
f 212 216 220
f 213 226 214
f 213 229 226
f 213 220 229
f 214 226 227
f 214 227 273
f 216 217 218
f 216 218 219
f 216 219 220
f 216 221 217
f 217 221 223
f 217 223 234
f 217 234 235
f 217 235 218
f 218 235 265
f 218 265 219
f 219 228 220
f 219 265 228
f 220 228 229
f 221 222 223
f 221 1129 222
f 222 236 237
f 222 238 223
f 222 237 238
f 222 1129 236
f 223 238 234
f 225 284 286
f 225 287 284
f 226 274 227
f 226 288 274
f 226 229 288
f 227 274 275
f 227 275 276
f 228 265 262
f 228 262 272
f 228 272 229
f 229 272 288
f 230 253 231
f 230 269 253
f 230 268 269
f 231 253 254
f 231 254 232
f 232 254 255
f 232 255 233
f 233 255 266
f 233 266 241
f 234 264 235
f 234 251 264
f 234 238 251
f 235 263 265
f 235 264 263
f 236 252 237
f 236 1129 252
f 237 252 250
f 237 250 249
f 237 249 238
f 238 249 251
f 239 241 242
f 241 243 242
f 241 266 243
f 242 243 244
f 242 244 247
f 243 245 244
f 243 266 245
f 244 246 247
f 244 248 246
f 244 245 248
f 245 258 261
f 245 261 248
f 245 266 258
f 246 249 250
f 246 251 249
f 246 248 251
f 246 250 247
f 248 261 264
f 248 264 251
f 253 256 254
f 253 270 256
f 253 269 270
f 254 256 257
f 254 257 255
f 255 257 258
f 255 258 266
f 256 259 257
f 256 271 259
f 256 270 271
f 257 259 260
f 257 260 258
f 258 260 261
f 259 262 260
f 259 272 262
f 259 271 272
f 260 262 263
f 260 263 261
f 261 263 264
f 262 265 263
f 267 292 268
f 268 291 269
f 268 292 291
f 269 290 270
f 269 291 290
f 270 289 271
f 270 290 289
f 271 288 272
f 271 289 288
f 274 277 275
f 274 289 277
f 274 288 289
f 275 277 278
f 275 278 279
f 277 280 278
f 277 290 280
f 277 289 290
f 278 280 281
f 278 281 282
f 280 283 281
f 280 291 283
f 280 290 291
f 281 283 284
f 281 284 285
f 283 286 284
f 283 292 286
f 283 291 292
f 293 294 295
f 293 295 296
f 293 297 294
f 293 296 316
f 294 297 299
f 294 299 321
f 294 321 322
f 294 322 295
f 295 317 296
f 295 322 317
f 296 315 316
f 296 317 318
f 296 318 315
f 297 298 299
f 297 300 298
f 298 300 302
f 298 302 325
f 298 325 326
f 298 326 299
f 299 326 321
f 300 301 302
f 300 1130 301
f 301 354 355
f 301 355 302
f 302 355 325
f 303 304 305
f 303 305 306
f 303 306 307
f 303 307 308
f 303 309 304
f 303 308 1131
f 304 309 312
f 304 319 320
f 304 320 305
f 304 312 319
f 305 346 306
f 305 320 346
f 306 323 307
f 306 346 323
f 307 323 324
f 307 324 308
f 308 365 367
f 308 324 365
f 309 310 311
f 309 311 312
f 310 313 311
f 311 313 314
f 311 314 312
f 312 314 319
f 313 336 314
f 314 336 335
f 314 335 319
f 315 318 327
f 315 327 330
f 317 322 338
f 317 328 318
f 317 338 328
f 318 328 327
f 319 335 337
f 319 337 320
f 320 337 344
f 320 344 346
f 321 326 347
f 321 339 322
f 321 347 339
f 322 339 338
f 323 346 345
f 323 345 353
f 323 353 324
f 324 366 365
f 324 353 366
f 325 355 356
f 325 348 326
f 325 356 348
f 326 348 347
f 327 329 330
f 327 331 329
f 327 328 331
f 328 338 340
f 328 340 331
f 329 332 333
f 329 334 332
f 329 331 334
f 329 333 330
f 331 340 342
f 331 342 334
f 332 335 333
f 332 337 335
f 332 334 337
f 333 335 336
f 334 342 344
f 334 344 337
f 338 341 340
f 338 339 341
f 339 347 349
f 339 349 341
f 340 343 342
f 340 341 343
f 341 349 351
f 341 351 343
f 342 345 344
f 342 343 345
f 343 353 345
f 343 351 353
f 344 345 346
f 347 350 349
f 347 348 350
f 348 356 358
f 348 358 350
f 349 352 351
f 349 350 352
f 350 358 360
f 350 360 352
f 351 366 353
f 351 352 366
f 352 363 366
f 352 360 363
f 355 357 356
f 356 359 358
f 358 361 360
f 360 362 363
f 363 364 365
f 363 365 366
f 368 369 370
f 369 371 372
f 369 372 370
f 370 372 394
f 371 373 374
f 371 374 372
f 372 392 394
f 372 374 392
f 373 375 376
f 373 376 374
f 374 376 390
f 374 390 392
f 375 377 378
f 375 378 376
f 376 378 388
f 376 388 390
f 377 379 380
f 377 380 378
f 378 380 386
f 378 386 388
f 379 395 380
f 380 395 382
f 380 382 386
f 381 382 383
f 381 383 384
f 381 385 382
f 382 385 386
f 382 395 383
f 385 387 386
f 386 387 388
f 387 389 388
f 388 389 390
f 389 391 390
f 390 391 392
f 391 393 392
f 392 393 394
f 396 397 398
f 396 398 399
f 396 405 397
f 396 400 405
f 396 399 435
f 397 427 398
f 397 426 427
f 397 405 426
f 398 427 428
f 398 428 399
f 399 434 435
f 399 428 436
f 399 436 434
f 400 401 402
f 400 402 403
f 400 404 405
f 400 406 401
f 400 462 404
f 400 403 462
f 401 419 420
f 401 420 402
f 402 420 481
f 402 481 403
f 403 487 462
f 403 481 487
f 404 425 405
f 404 463 425
f 404 462 463
f 405 425 426
f 407 408 409
f 407 409 410
f 407 415 408
f 407 411 415
f 408 421 409
f 408 424 421
f 408 415 424
f 409 421 422
f 409 422 468
f 411 412 413
f 411 413 414
f 411 414 415
f 411 416 412
f 412 416 418
f 412 418 429
f 412 429 430
f 412 430 413
f 413 430 460
f 413 460 414
f 414 423 415
f 414 460 423
f 415 423 424
f 416 417 418
f 416 1132 417
f 417 431 432
f 417 433 418
f 417 432 433
f 417 1132 431
f 418 433 429
f 420 479 481
f 420 482 479
f 421 469 422
f 421 483 469
f 421 424 483
f 422 469 470
f 422 470 471
f 423 460 457
f 423 457 467
f 423 467 424
f 424 467 483
f 425 448 426
f 425 464 448
f 425 463 464
f 426 448 449
f 426 449 427
f 427 449 450
f 427 450 428
f 428 450 461
f 428 461 436
f 429 459 430
f 429 446 459
f 429 433 446
f 430 458 460
f 430 459 458
f 431 447 432
f 431 1132 447
f 432 447 445
f 432 445 444
f 432 444 433
f 433 444 446
f 434 436 437
f 436 438 437
f 436 461 438
f 437 438 439
f 437 439 442
f 438 440 439
f 438 461 440
f 439 441 442
f 439 443 441
f 439 440 443
f 440 453 456
f 440 456 443
f 440 461 453
f 441 444 445
f 441 446 444
f 441 443 446
f 441 445 442
f 443 456 459
f 443 459 446
f 448 451 449
f 448 465 451
f 448 464 465
f 449 451 452
f 449 452 450
f 450 452 453
f 450 453 461
f 451 454 452
f 451 466 454
f 451 465 466
f 452 454 455
f 452 455 453
f 453 455 456
f 454 457 455
f 454 467 457
f 454 466 467
f 455 457 458
f 455 458 456
f 456 458 459
f 457 460 458
f 462 487 463
f 463 486 464
f 463 487 486
f 464 485 465
f 464 486 485
f 465 484 466
f 465 485 484
f 466 483 467
f 466 484 483
f 469 472 470
f 469 484 472
f 469 483 484
f 470 472 473
f 470 473 474
f 472 475 473
f 472 485 475
f 472 484 485
f 473 475 476
f 473 476 477
f 475 478 476
f 475 486 478
f 475 485 486
f 476 478 479
f 476 479 480
f 478 481 479
f 478 487 481
f 478 486 487
f 488 489 490
f 488 490 491
f 488 492 489
f 488 491 511
f 489 492 494
f 489 494 516
f 489 516 517
f 489 517 490
f 490 512 491
f 490 517 512
f 491 510 511
f 491 512 513
f 491 513 510
f 492 493 494
f 492 495 493
f 493 495 497
f 493 497 520
f 493 520 521
f 493 521 494
f 494 521 516
f 495 496 497
f 495 1133 496
f 496 549 550
f 496 550 497
f 497 550 520
f 498 499 500
f 498 500 501
f 498 501 502
f 498 502 503
f 498 504 499
f 498 503 1134
f 499 504 507
f 499 514 515
f 499 515 500
f 499 507 514
f 500 541 501
f 500 515 541
f 501 518 502
f 501 541 518
f 502 518 519
f 502 519 503
f 503 560 562
f 503 519 560
f 504 505 506
f 504 506 507
f 505 508 506
f 506 508 509
f 506 509 507
f 507 509 514
f 508 531 509
f 509 531 530
f 509 530 514
f 510 513 522
f 510 522 525
f 512 517 533
f 512 523 513
f 512 533 523
f 513 523 522
f 514 530 532
f 514 532 515
f 515 532 539
f 515 539 541
f 516 521 542
f 516 534 517
f 516 542 534
f 517 534 533
f 518 541 540
f 518 540 548
f 518 548 519
f 519 561 560
f 519 548 561
f 520 550 551
f 520 543 521
f 520 551 543
f 521 543 542
f 522 524 525
f 522 526 524
f 522 523 526
f 523 533 535
f 523 535 526
f 524 527 528
f 524 529 527
f 524 526 529
f 524 528 525
f 526 535 537
f 526 537 529
f 527 530 528
f 527 532 530
f 527 529 532
f 528 530 531
f 529 537 539
f 529 539 532
f 533 536 535
f 533 534 536
f 534 542 544
f 534 544 536
f 535 538 537
f 535 536 538
f 536 544 546
f 536 546 538
f 537 540 539
f 537 538 540
f 538 548 540
f 538 546 548
f 539 540 541
f 542 545 544
f 542 543 545
f 543 551 553
f 543 553 545
f 544 547 546
f 544 545 547
f 545 553 555
f 545 555 547
f 546 561 548
f 546 547 561
f 547 558 561
f 547 555 558
f 550 552 551
f 551 554 553
f 553 556 555
f 555 557 558
f 558 559 560
f 558 560 561
f 563 564 565
f 564 566 567
f 564 567 565
f 565 567 589
f 566 568 569
f 566 569 567
f 567 587 589
f 567 569 587
f 568 570 571
f 568 571 569
f 569 571 585
f 569 585 587
f 570 572 573
f 570 573 571
f 571 573 583
f 571 583 585
f 572 574 575
f 572 575 573
f 573 575 581
f 573 581 583
f 574 590 575
f 575 590 577
f 575 577 581
f 576 577 578
f 576 578 579
f 576 580 577
f 577 580 581
f 577 590 578
f 580 582 581
f 581 582 583
f 582 584 583
f 583 584 585
f 584 586 585
f 585 586 587
f 586 588 587
f 587 588 589
f 591 592 593
f 591 593 594
f 591 600 592
f 591 595 600
f 591 594 629
f 592 621 593
f 592 620 621
f 592 600 620
f 593 621 622
f 593 622 594
f 594 628 629
f 594 622 630
f 594 630 628
f 595 596 597
f 595 597 598
f 595 599 600
f 595 656 599
f 595 598 656
f 595 1136 596
f 596 613 614
f 596 614 597
f 597 614 675
f 597 675 598
f 598 681 656
f 598 675 681
f 599 619 600
f 599 657 619
f 599 656 657
f 600 619 620
f 601 602 603
f 601 603 604
f 601 609 602
f 601 605 609
f 602 615 603
f 602 618 615
f 602 609 618
f 603 615 616
f 603 616 662
f 605 606 607
f 605 607 608
f 605 608 609
f 605 610 606
f 606 610 612
f 606 612 623
f 606 623 624
f 606 624 607
f 607 624 654
f 607 654 608
f 608 617 609
f 608 654 617
f 609 617 618
f 610 611 612
f 610 1135 611
f 611 625 626
f 611 627 612
f 611 626 627
f 611 1135 625
f 612 627 623
f 614 673 675
f 614 676 673
f 615 663 616
f 615 677 663
f 615 618 677
f 616 663 664
f 616 664 665
f 617 654 651
f 617 651 661
f 617 661 618
f 618 661 677
f 619 642 620
f 619 658 642
f 619 657 658
f 620 642 643
f 620 643 621
f 621 643 644
f 621 644 622
f 622 644 655
f 622 655 630
f 623 653 624
f 623 640 653
f 623 627 640
f 624 652 654
f 624 653 652
f 625 641 626
f 625 1135 641
f 626 641 639
f 626 639 638
f 626 638 627
f 627 638 640
f 628 630 631
f 630 632 631
f 630 655 632
f 631 632 633
f 631 633 636
f 632 634 633
f 632 655 634
f 633 635 636
f 633 637 635
f 633 634 637
f 634 647 650
f 634 650 637
f 634 655 647
f 635 638 639
f 635 640 638
f 635 637 640
f 635 639 636
f 637 650 653
f 637 653 640
f 642 645 643
f 642 659 645
f 642 658 659
f 643 645 646
f 643 646 644
f 644 646 647
f 644 647 655
f 645 648 646
f 645 660 648
f 645 659 660
f 646 648 649
f 646 649 647
f 647 649 650
f 648 651 649
f 648 661 651
f 648 660 661
f 649 651 652
f 649 652 650
f 650 652 653
f 651 654 652
f 656 681 657
f 657 680 658
f 657 681 680
f 658 679 659
f 658 680 679
f 659 678 660
f 659 679 678
f 660 677 661
f 660 678 677
f 663 666 664
f 663 678 666
f 663 677 678
f 664 666 667
f 664 667 668
f 666 669 667
f 666 679 669
f 666 678 679
f 667 669 670
f 667 670 671
f 669 672 670
f 669 680 672
f 669 679 680
f 670 672 673
f 670 673 674
f 672 675 673
f 672 681 675
f 672 680 681
f 682 683 684
f 682 684 685
f 682 686 683
f 682 685 705
f 683 686 688
f 683 688 710
f 683 710 711
f 683 711 684
f 684 706 685
f 684 711 706
f 685 704 705
f 685 706 707
f 685 707 704
f 686 687 688
f 686 689 687
f 687 689 691
f 687 691 714
f 687 714 715
f 687 715 688
f 688 715 710
f 689 690 691
f 689 1137 690
f 690 743 744
f 690 744 691
f 691 744 714
f 692 693 694
f 692 694 695
f 692 695 696
f 692 696 697
f 692 698 693
f 692 697 1138
f 693 698 701
f 693 708 709
f 693 709 694
f 693 701 708
f 694 735 695
f 694 709 735
f 695 712 696
f 695 735 712
f 696 712 713
f 696 713 697
f 697 754 756
f 697 713 754
f 698 699 700
f 698 700 701
f 699 702 700
f 700 702 703
f 700 703 701
f 701 703 708
f 702 725 703
f 703 725 724
f 703 724 708
f 704 707 716
f 704 716 719
f 706 711 727
f 706 717 707
f 706 727 717
f 707 717 716
f 708 724 726
f 708 726 709
f 709 726 733
f 709 733 735
f 710 715 736
f 710 728 711
f 710 736 728
f 711 728 727
f 712 735 734
f 712 734 742
f 712 742 713
f 713 755 754
f 713 742 755
f 714 744 745
f 714 737 715
f 714 745 737
f 715 737 736
f 716 718 719
f 716 720 718
f 716 717 720
f 717 727 729
f 717 729 720
f 718 721 722
f 718 723 721
f 718 720 723
f 718 722 719
f 720 729 731
f 720 731 723
f 721 724 722
f 721 726 724
f 721 723 726
f 722 724 725
f 723 731 733
f 723 733 726
f 727 730 729
f 727 728 730
f 728 736 738
f 728 738 730
f 729 732 731
f 729 730 732
f 730 738 740
f 730 740 732
f 731 734 733
f 731 732 734
f 732 742 734
f 732 740 742
f 733 734 735
f 736 739 738
f 736 737 739
f 737 745 747
f 737 747 739
f 738 741 740
f 738 739 741
f 739 747 749
f 739 749 741
f 740 755 742
f 740 741 755
f 741 752 755
f 741 749 752
f 744 746 745
f 745 748 747
f 747 750 749
f 749 751 752
f 752 753 754
f 752 754 755
f 757 758 759
f 757 759 760
f 757 761 762
f 757 762 763
f 757 764 765
f 757 765 766
f 757 767 768
f 757 769 764
f 757 766 767
f 757 768 758
f 757 760 761
f 757 763 1142
f 758 768 771
f 761 1141 762
f 768 770 771
f 768 772 770
f 770 772 774
f 772 773 774
f 772 775 776
f 772 776 773
f 773 776 783
f 775 784 776
f 776 777 778
f 776 779 780
f 776 780 781
f 776 782 783
f 776 784 777
f 776 778 785
f 776 1139 779
f 776 781 782
f 780 1140 781
f 786 787 788
f 786 788 789
f 786 790 787
f 787 790 792
f 788 1145 789
f 790 791 792
f 790 793 791
f 791 793 794
f 793 795 794
f 794 795 797
f 795 796 797
f 795 798 796
f 796 798 800
f 798 799 800
f 798 801 799
f 799 801 803
f 801 802 803
f 801 804 802
f 802 804 805
f 804 806 805
f 805 806 808
f 806 807 808
f 806 809 807
f 807 809 810
f 809 811 810
f 810 811 813
f 811 812 813
f 811 814 812
f 812 814 816
f 814 815 816
f 814 817 815
f 815 817 819
f 817 818 819
f 817 820 818
f 818 820 821
f 820 822 821
f 821 822 824
f 822 823 824
f 822 825 823
f 823 825 826
f 825 827 826
f 826 827 829
f 827 828 829
f 827 830 828
f 828 830 831
f 830 832 831
f 831 832 834
f 832 833 834
f 832 835 833
f 833 835 837
f 835 836 837
f 835 838 836
f 836 838 840
f 838 839 840
f 838 841 839
f 839 841 842
f 841 1144 842
f 842 1144 1143
f 843 844 845
f 843 846 844
f 844 846 847
f 846 848 847
f 847 848 849
f 848 850 849
f 849 850 851
f 850 852 851
f 851 852 853
f 852 854 853
f 853 854 855
f 854 856 855
f 857 858 859
f 858 1156 859
f 859 860 861
f 859 888 893
f 859 893 894
f 859 894 895
f 859 895 896
f 859 896 897
f 859 899 1154
f 859 897 899
f 859 1156 860
f 859 861 1157
f 859 1157 888
f 862 863 864
f 862 864 882
f 862 882 883
f 862 883 884
f 862 884 885
f 862 885 886
f 862 887 888
f 862 886 887
f 863 867 864
f 864 865 866
f 864 867 865
f 864 866 868
f 864 868 869
f 864 870 871
f 864 871 878
f 864 878 879
f 864 879 880
f 864 880 881
f 864 881 882
f 870 874 871
f 871 872 873
f 871 874 872
f 871 873 875
f 871 877 876
f 871 876 878
f 887 889 888
f 888 889 890
f 888 890 891
f 888 891 892
f 888 892 893
f 897 898 899
f 898 1155 899
f 899 1150 1151
f 899 1151 1152
f 899 1152 1153
f 899 1153 1154
f 900 901 902
f 900 903 901
f 901 903 904
f 903 905 904
f 904 905 906
f 905 907 906
f 906 907 908
f 907 909 908
f 908 909 910
f 909 911 910
f 910 911 912
f 911 913 912
f 914 915 916
f 914 917 915
f 915 917 918
f 917 919 918
f 918 919 920
f 919 921 920
f 920 921 922
f 921 923 922
f 922 923 924
f 923 925 924
f 924 925 926
f 925 927 926
f 928 929 930
f 928 930 931
f 928 932 929
f 928 1163 1162
f 928 1164 1163
f 928 931 1164
f 930 933 934
f 930 1166 931
f 930 1167 1166
f 930 934 1167
f 931 1165 1164
f 933 935 934
f 934 1168 1167
f 934 1169 1168
f 934 1170 1169
f 934 1171 1170
f 934 1172 1171
f 936 937 938
f 937 1177 938
f 938 941 1173
f 938 1173 1174
f 938 1174 1175
f 938 1175 1176
f 938 1177 941
f 938 1176 1182
f 939 940 941
f 939 941 1177
f 940 1178 941
f 941 944 974
f 941 975 976
f 941 1178 971
f 941 971 944
f 941 974 1179
f 941 1179 975
f 941 976 1180
f 941 1180 1181
f 942 943 944
f 942 944 972
f 943 973 944
f 944 971 972
f 944 973 968
f 944 968 947
f 945 946 947
f 945 947 969
f 946 970 947
f 947 950 966
f 947 968 969
f 947 970 960
f 947 960 950
f 948 949 950
f 948 950 961
f 949 952 950
f 950 951 958
f 950 960 961
f 950 952 951
f 950 962 963
f 950 963 964
f 950 965 966
f 950 967 962
f 950 964 965
f 951 952 953
f 951 953 954
f 951 955 956
f 951 956 957
f 951 959 955
f 951 957 958
f 977 978 979
f 977 980 978
f 978 980 981
f 980 982 981
f 981 982 983
f 982 984 983
f 983 984 985
f 984 986 985
f 985 986 987
f 986 988 987
f 987 988 989
f 988 990 989
f 991 992 993
f 991 993 994
f 991 994 995
f 991 996 997
f 991 998 999
f 991 1000 998
f 991 999 992
f 991 995 996
f 992 999 1001
f 992 1001 1185
f 994 1186 995
f 995 1186 1187
f 995 1188 1189
f 995 1189 1190
f 995 1187 1188
f 999 1184 1001
f 1001 1184 1183
f 1002 1003 1004
f 1002 1005 1003
f 1003 1005 1006
f 1005 1007 1006
f 1006 1007 1008
f 1007 1009 1008
f 1008 1009 1010
f 1009 1011 1010
f 1010 1011 1012
f 1011 1013 1012
f 1012 1013 1014
f 1013 1191 1014
f 1015 1016 1017
f 1015 1018 1016
f 1016 1018 1019
f 1016 1019 1020
f 1016 1020 1021
f 1016 1021 1193
f 1021 1035 1193
f 1021 1022 1035
f 1022 1023 1024
f 1022 1024 1025
f 1022 1026 1023
f 1022 1025 1035
f 1023 1026 1027
f 1023 1028 1029
f 1023 1027 1198
f 1023 1198 1028
f 1024 1031 1030
f 1024 1030 1032
f 1024 1032 1033
f 1024 1033 1034
f 1024 1034 1025
f 1035 1192 1193
f 1036 1037 1038
f 1036 1038 1039
f 1036 1040 1037
f 1037 1040 1041
f 1038 1213 1039
f 1040 1042 1041
f 1041 1042 1043
f 1042 1044 1043
f 1043 1044 1045
f 1044 1046 1045
f 1045 1046 1047
f 1046 1048 1047
f 1049 1050 1051
f 1049 1051 1052
f 1049 1053 1050
f 1050 1053 1054
f 1051 1232 1052
f 1053 1055 1054
f 1054 1055 1056
f 1055 1057 1056
f 1056 1057 1058
f 1057 1059 1058
f 1058 1059 1060
f 1059 1061 1060
f 1062 1063 1064
f 1062 1065 1063
f 1063 1065 1066
f 1065 1067 1066
f 1066 1067 1068
f 1067 1069 1068
f 1068 1069 1070
f 1069 1071 1070
f 1070 1071 1072
f 1071 1073 1072
f 1072 1073 1074
f 1073 1233 1074
f 1075 1076 1077
f 1076 1387 1077
f 1078 1079 1080
f 1078 1081 1079
f 1079 1081 1082
f 1079 1082 1083
f 1079 1083 1084
f 1079 1084 1085
f 1079 1085 1086
f 1079 1086 1087
f 1079 1087 1088
f 1079 1088 1089
f 1079 1476 1475
f 1079 1089 1476
f 1102 1103 1104
f 1103 1105 1104
f 1104 1105 1106
f 1105 1107 1106
f 1106 1107 1108
f 1107 1109 1108
f 1108 1109 1110
f 1109 1111 1110
f 1119 1120 1121
f 1120 1122 1121
f 1121 1122 1123
f 1122 1124 1123
f 1123 1124 1125
f 1124 1126 1125
f 1125 1126 1127
f 1126 1128 1127
f 1146 1147 1148
f 1147 1149 1148
f 1158 1159 1160
f 1159 1161 1160
f 1192 1194 1193
f 1193 1194 1195
f 1193 1195 1196
f 1193 1196 1197
f 1199 1200 1201
f 1200 1202 1201
f 1201 1202 1203
f 1202 1204 1203
f 1203 1204 1205
f 1204 1206 1205
f 1205 1206 1207
f 1206 1208 1207
f 1207 1208 1209
f 1208 1210 1209
f 1209 1210 1211
f 1210 1212 1211
f 1214 1215 1216
f 1215 1217 1216
f 1218 1219 1220
f 1219 1221 1220
f 1220 1221 1222
f 1221 1223 1222
f 1222 1223 1224
f 1223 1225 1224
f 1224 1225 1226
f 1225 1227 1226
f 1226 1227 1228
f 1227 1229 1228
f 1228 1229 1230
f 1229 1231 1230
f 1234 1235 1236
f 1235 1237 1236
f 1236 1237 1238
f 1237 1239 1238
f 1238 1239 1240
f 1239 1241 1240
f 1240 1241 1242
f 1241 1243 1242
f 1242 1243 1244
f 1243 1245 1244
f 1244 1245 1246
f 1245 1247 1246
f 1248 1249 1250
f 1249 1251 1250
f 1250 1251 1252
f 1250 1253 1254
f 1250 1252 1253
f 1253 1255 1254
f 1254 1255 1256
f 1254 1257 1258
f 1254 1256 1257
f 1259 1260 1261
f 1260 1262 1261
f 1260 1263 1262
f 1260 1264 1263
f 1260 1265 1264
f 1264 1265 1266
f 1265 1267 1266
f 1265 1268 1267
f 1265 1269 1268
f 1270 1271 1272
f 1271 1273 1272
f 1272 1273 1274
f 1273 1275 1274
f 1274 1275 1276
f 1275 1277 1276
f 1276 1277 1278
f 1277 1279 1278
f 1278 1279 1280
f 1279 1281 1280
f 1280 1281 1282
f 1281 1283 1282
f 1284 1285 1286
f 1285 1287 1286
f 1285 1288 1287
f 1285 1289 1288
f 1285 1290 1289
f 1289 1290 1291
f 1290 1292 1291
f 1290 1293 1292
f 1290 1294 1293
f 1295 1296 1297
f 1296 1298 1297
f 1299 1300 1301
f 1300 1302 1301
f 1301 1302 1303
f 1302 1304 1303
f 1303 1304 1305
f 1304 1306 1305
f 1305 1306 1307
f 1306 1308 1307
f 1307 1308 1309
f 1308 1310 1309
f 1309 1310 1311
f 1310 1312 1311
f 1311 1312 1313
f 1312 1314 1313
f 1313 1314 1315
f 1314 1316 1315
f 1315 1316 1317
f 1316 1318 1317
f 1317 1318 1319
f 1318 1320 1319
f 1319 1320 1321
f 1320 1322 1321
f 1321 1322 1323
f 1322 1324 1323
f 1323 1324 1325
f 1324 1326 1325
f 1325 1326 1327
f 1326 1328 1327
f 1327 1328 1329
f 1328 1330 1329
f 1329 1330 1331
f 1330 1332 1331
f 1331 1332 1333
f 1332 1334 1333
f 1333 1334 1335
f 1334 1336 1335
f 1335 1336 1337
f 1336 1338 1337
f 1337 1338 1339
f 1338 1340 1339
f 1341 1342 1343
f 1342 1344 1343
f 1345 1346 1347
f 1346 1348 1347
f 1347 1348 1349
f 1348 1350 1349
f 1349 1350 1351
f 1350 1352 1351
f 1351 1352 1353
f 1352 1354 1353
f 1353 1354 1355
f 1354 1356 1355
f 1355 1356 1357
f 1356 1358 1357
f 1357 1358 1359
f 1358 1360 1359
f 1359 1360 1361
f 1360 1362 1361
f 1361 1362 1363
f 1362 1364 1363
f 1363 1364 1365
f 1364 1366 1365
f 1365 1366 1367
f 1366 1368 1367
f 1367 1368 1369
f 1368 1370 1369
f 1369 1370 1371
f 1370 1372 1371
f 1371 1372 1373
f 1372 1374 1373
f 1373 1374 1375
f 1374 1376 1375
f 1375 1376 1377
f 1376 1378 1377
f 1377 1378 1379
f 1378 1380 1379
f 1379 1380 1381
f 1380 1382 1381
f 1381 1382 1383
f 1382 1384 1383
f 1383 1384 1385
f 1384 1386 1385
f 1388 1389 1390
f 1389 1391 1390
f 1392 1393 1394
f 1393 1395 1394
f 1394 1395 1396
f 1394 1397 1398
f 1394 1398 1399
f 1394 1400 1401
f 1394 1396 1397
f 1394 1399 1400
f 1398 1402 1403
f 1398 1403 1404
f 1398 1405 1406
f 1398 1406 1407
f 1398 1408 1399
f 1398 1409 1408
f 1398 1410 1409
f 1398 1411 1410
f 1398 1407 1411
f 1398 1442 1402
f 1398 1404 1405
f 1407 1412 1411
f 1407 1413 1412
f 1407 1414 1413
f 1407 1415 1414
f 1407 1416 1415
f 1407 1417 1416
f 1416 1417 1418
f 1417 1419 1420
f 1417 1421 1418
f 1417 1422 1421
f 1417 1423 1422
f 1417 1424 1423
f 1417 1420 1424
f 1419 1426 1420
f 1420 1425 1424
f 1420 1426 1427
f 1420 1428 1429
f 1420 1429 1430
f 1420 1431 1432
f 1420 1433 1425
f 1420 1434 1433
f 1420 1435 1434
f 1420 1432 1435
f 1420 1427 1428
f 1431 1437 1432
f 1432 1436 1435
f 1432 1437 1438
f 1432 1439 1440
f 1432 1441 1436
f 1432 1438 1439
f 1443 1444 1445
f 1444 1446 1445
f 1447 1448 1449
f 1447 1450 1448
f 1447 1466 1450
f 1448 1451 1449
f 1449 1451 1452
f 1449 1453 1454
f 1449 1454 1455
f 1449 1456 1457
f 1449 1457 1458
f 1449 1459 1460
f 1449 1460 1461
f 1449 1462 1463
f 1449 1463 1464
f 1449 1464 1465
f 1449 1452 1453
f 1449 1455 1456
f 1449 1458 1459
f 1449 1461 1462
f 1450 1466 1467
f 1464 1471 1465
f 1465 1471 1472
f 1466 1468 1467
f 1467 1468 1469
f 1468 1470 1469
f 1471 1473 1472
f 1472 1473 1474
f 1473 1475 1474
f 1474 1475 1476
f 1477 1478 1479
f 1478 1480 1479
f 1479 1480 1481
f 1480 1482 1481
f 1481 1482 1483
f 1482 1484 1483
f 1483 1484 1485
f 1484 1486 1485
f 1485 1486 1487
f 1486 1488 1487
f 1487 1488 1489
f 1488 1490 1489
f 1489 1490 1491
f 1490 1492 1491
f 1491 1492 1493
f 1492 1494 1493
f 1493 1494 1495
f 1494 1496 1495
f 1495 1496 1497
f 1496 1498 1497
f 1497 1498 1499
f 1498 1500 1499
f 1499 1500 1501
f 1500 1502 1501
f 1503 1504 1505
f 1504 1506 1505
f 1507 1508 1509
f 1507 1510 1508
f 1508 1510 1511
f 1508 1511 1512
f 1508 1513 1514
f 1508 1514 1509
f 1508 1512 1526
f 1508 1527 1513
f 1509 1514 1515
f 1509 1516 1517
f 1509 1517 1518
f 1509 1518 1519
f 1509 1520 1521
f 1509 1521 1522
f 1509 1523 1524
f 1509 1524 1525
f 1509 1515 1516
f 1509 1519 1520
f 1509 1522 1523
f 1518 1528 1519
f 1519 1528 1529
f 1519 1530 1531
f 1519 1531 1532
f 1519 1532 1533
f 1519 1529 1530
f 1532 1534 1533
f 1533 1534 1535
f 1533 1536 1537
f 1533 1537 1538
f 1533 1538 1539
f 1533 1535 1536
f 1533 1539 1549
f 1538 1540 1539
f 1539 1540 1541
f 1539 1542 1543
f 1539 1543 1544
f 1539 1545 1546
f 1539 1546 1547
f 1539 1548 1549
f 1539 1541 1542
f 1539 1544 1555
f 1539 1557 1545
f 1539 1547 1548
f 1543 1550 1544
f 1544 1550 1551
f 1544 1552 1553
f 1544 1553 1554
f 1544 1556 1552
f 1544 1554 1555
f 1558 1559 1560
f 1559 1561 1560
f 1562 1563 1564
f 1563 1565 1564
f 1566 1567 1568
f 1566 1569 1570
f 1566 1568 1569
f 1569 1571 1570
f 1570 1571 1572
f 1571 1573 1572
f 1572 1573 1574
f 1573 1575 1574
f 1574 1575 1576
f 1575 1577 1576
f 1576 1577 1578
f 1577 1579 1578
f 1578 1579 1580
f 1579 1581 1580
f 1580 1581 1582
f 1581 1583 1582
f 1582 1583 1584
f 1583 1585 1584
f 1584 1585 1587
f 1585 1586 1587
f 1585 1588 1586
f 1586 1588 1589
f 1588 1590 1589
f 1589 1590 1591
f 1590 1592 1591
f 1591 1592 1593
f 1592 1594 1593
f 1593 1594 1595
f 1594 1596 1595
f 1595 1596 1597
f 1596 1598 1597
f 1597 1598 1599
f 1598 1600 1599
f 1599 1600 1601
f 1600 1602 1601
f 1601 1602 1603
f 1602 1604 1603
f 1603 1604 1606
f 1604 1605 1606
f 1604 1607 1605
f 1605 1607 1608
f 1607 1609 1608
f 1608 1609 1610
f 1609 1611 1610
f 1610 1611 1612
f 1611 1613 1612
f 1612 1613 1614
f 1613 1615 1614
f 1614 1615 1616
f 1615 1617 1616
f 1616 1617 1618
f 1617 1619 1618
f 1618 1619 1620
f 1619 1621 1620
f 1620 1621 1622
f 1621 1623 1622
f 1622 1623 1625
f 1623 1624 1625
f 1623 1626 1624
f 1624 1626 1627
f 1626 1628 1627
f 1627 1628 1629
f 1628 1630 1629
f 1629 1630 1631
f 1630 1632 1631
f 1631 1632 1633
f 1632 1634 1633
f 1633 1634 1635
f 1634 1636 1635
f 1635 1636 1637
f 1636 1638 1637
f 1637 1638 1639
f 1638 1640 1639
f 1639 1640 1641
f 1640 1723 1641
f 1641 1723 1724
f 1642 1643 1644
f 1642 1645 1643
f 1643 1645 1646
f 1645 1647 1646
f 1646 1647 1648
f 1647 1649 1648
f 1648 1649 1650
f 1649 1651 1650
f 1650 1651 1652
f 1651 1653 1652
f 1652 1653 1654
f 1653 1655 1654
f 1654 1655 1656
f 1655 1657 1656
f 1656 1657 1658
f 1657 1659 1658
f 1658 1659 1660
f 1659 1661 1660
f 1660 1661 1662
f 1661 1663 1662
f 1662 1663 1664
f 1663 1665 1664
f 1664 1665 1666
f 1665 1667 1666
f 1666 1667 1668
f 1667 1669 1668
f 1668 1669 1670
f 1669 1671 1670
f 1670 1671 1672
f 1671 1673 1672
f 1672 1673 1674
f 1673 1675 1674
f 1674 1675 1676
f 1675 1677 1676
f 1676 1677 1678
f 1677 1679 1678
f 1678 1679 1680
f 1679 1681 1680
f 1680 1681 1682
f 1681 1683 1682
f 1682 1683 1684
f 1683 1685 1684
f 1684 1685 1686
f 1685 1687 1686
f 1686 1687 1688
f 1687 1689 1688
f 1688 1689 1690
f 1689 1691 1690
f 1690 1691 1692
f 1691 1693 1692
f 1692 1693 1694
f 1693 1695 1694
f 1694 1695 1696
f 1695 1697 1696
f 1696 1697 1698
f 1697 1699 1698
f 1698 1699 1700
f 1699 1701 1700
f 1700 1701 1702
f 1701 1703 1702
f 1702 1703 1704
f 1703 1705 1704
f 1704 1705 1706
f 1705 1707 1706
f 1706 1707 1708
f 1707 1709 1708
f 1708 1709 1710
f 1709 1711 1710
f 1710 1711 1712
f 1711 1713 1712
f 1712 1713 1714
f 1713 1715 1714
f 1714 1715 1716
f 1715 1717 1716
f 1716 1717 1718
f 1717 1719 1718
f 1718 1719 1720
f 1719 1721 1720
f 1720 1721 1722
f 1721 1725 1722
f 1726 1727 1728
f 1727 1729 1728
f 1727 1730 1729
f 1729 1730 1731
f 1730 1732 1731
f 1731 1732 1733
f 1732 1734 1733
f 1733 1734 1735
f 1734 1736 1735
f 1735 1736 1737
f 1736 1738 1737
f 1737 1738 1739
f 1738 1740 1739
f 1739 1740 1741
f 1740 1742 1741
f 1741 1742 1743
f 1742 1744 1743
f 1743 1744 1745
f 1744 1746 1745
f 1745 1746 1747
f 1746 1748 1747
f 1747 1748 1749
f 1748 1750 1749
f 1749 1750 1751
f 1750 1752 1751
f 1751 1752 1753
f 1752 1754 1753
f 1753 1754 1755
f 1754 1756 1755
f 1755 1756 1757
f 1756 1758 1757
f 1757 1758 1759
f 1758 1760 1759
f 1759 1760 1761
f 1762 1763 1764
f 1763 1765 1764
f 1763 1766 1765
f 1765 1766 1767
f 1766 1768 1767
f 1767 1768 1769
f 1768 1770 1769
f 1769 1770 1771
f 1770 1772 1771
f 1771 1772 1773
f 1772 1774 1773
f 1773 1774 1775
f 1774 1776 1775
f 1775 1776 1777
f 1776 1778 1777
f 1777 1778 1779
f 1778 1780 1779
f 1779 1780 1781
f 1780 1782 1781
f 1781 1782 1783
f 1782 1784 1783
f 1783 1784 1785
f 1784 1786 1785
f 1785 1786 1787
f 1786 1788 1787
f 1787 1788 1789
f 1788 1790 1789
f 1789 1790 1791
f 1790 1792 1791
f 1791 1792 1793
f 1792 1794 1793
f 1793 1794 1795
f 1794 1796 1795
f 1795 1796 1797
f 1796 1798 1797
f 1797 1798 1799
f 1798 1800 1799
f 1799 1800 1801
f 1802 1803 1804
f 1803 1850 1804
f 1804 1850 1849
f 1805 1806 1807
f 1805 1807 1808
f 1805 1809 1806
f 1806 1809 1810
f 1807 1851 1808
f 1809 1811 1810
f 1810 1811 1812
f 1811 1813 1812
f 1812 1813 1814
f 1813 1815 1814
f 1814 1815 1816
f 1815 1817 1816
f 1816 1817 1818
f 1817 1819 1818
f 1818 1819 1820
f 1819 1821 1820
f 1820 1821 1822
f 1821 1823 1822
f 1822 1823 1824
f 1823 1825 1824
f 1824 1825 1826
f 1825 1827 1826
f 1826 1827 1828
f 1827 1829 1828
f 1828 1829 1830
f 1829 1831 1830
f 1830 1831 1832
f 1831 1833 1832
f 1832 1833 1834
f 1833 1835 1834
f 1834 1835 1836
f 1835 1837 1836
f 1836 1837 1838
f 1837 1839 1838
f 1838 1839 1840
f 1839 1841 1840
f 1840 1841 1842
f 1841 1843 1842
f 1842 1843 1844
f 1843 1845 1844
f 1844 1845 1846
f 1845 1847 1846
f 1846 1847 1848
f 1847 1849 1848
f 1848 1849 1850
f 1852 1853 1854
f 1852 1855 1853
f 1852 1868 1855
f 1853 1856 1854
f 1854 1856 1857
f 1855 1868 1869
f 1856 1858 1857
f 1857 1858 1859
f 1858 1860 1859
f 1859 1860 1861
f 1860 1862 1861
f 1861 1862 1863
f 1862 1864 1863
f 1863 1864 1865
f 1864 1866 1865
f 1865 1866 1867
f 1868 1870 1869
f 1869 1870 1871
f 1870 1872 1871
f 1871 1872 1873
f 1872 1874 1873
f 1873 1874 1875
f 1968 1969 1970
f 1968 1971 1969
f 1968 1994 1971
f 1970 2017 2016
f 1970 2016 2015
f 1971 1994 1993
f 1972 1973 1974
f 1972 1975 1973
f 1973 1975 1976
f 1975 1977 1976
f 1976 1977 1978
f 1977 1979 1978
f 1978 1979 1980
f 1979 1981 1980
f 1980 1981 1982
f 1981 1983 1982
f 1982 1983 1984
f 1983 1985 1984
f 1984 1985 1986
f 1985 1987 1986
f 1986 1987 1988
f 1987 1989 1988
f 1988 1989 1990
f 1989 1991 1990
f 1990 1991 1992
f 1991 1993 1992
f 1992 1993 1994
f 1995 1996 1997
f 1995 1997 1998
f 1995 1999 1996
f 1996 1999 2000
f 1997 2018 1998
f 1999 2001 2000
f 2000 2001 2002
f 2001 2003 2002
f 2002 2003 2004
f 2003 2005 2004
f 2004 2005 2006
f 2005 2007 2006
f 2006 2007 2008
f 2007 2009 2008
f 2008 2009 2010
f 2009 2011 2010
f 2010 2011 2012
f 2011 2013 2012
f 2012 2013 2014
f 2013 2015 2014
f 2014 2015 2016
f 2019 2020 2021
f 2019 2022 2020
f 2019 2035 2022
f 2020 2023 2021
f 2021 2023 2024
f 2022 2035 2036
f 2023 2025 2024
f 2024 2025 2026
f 2025 2027 2026
f 2026 2027 2028
f 2027 2029 2028
f 2028 2029 2030
f 2029 2031 2030
f 2030 2031 2032
f 2031 2033 2032
f 2032 2033 2034
f 2035 2037 2036
f 2036 2037 2038
f 2037 2039 2038
f 2038 2039 2040
f 2039 2041 2040
f 2040 2041 2042
f 2043 2044 2045
f 2043 2046 2044
f 2043 2047 2046
f 2044 2091 2045
f 2045 2091 2090
f 2046 2047 2048
f 2047 2049 2048
f 2048 2049 2050
f 2049 2051 2050
f 2050 2051 2052
f 2051 2053 2052
f 2052 2053 2054
f 2053 2055 2054
f 2054 2055 2056
f 2055 2057 2056
f 2056 2057 2058
f 2057 2059 2058
f 2058 2059 2060
f 2059 2061 2060
f 2060 2061 2062
f 2061 2063 2062
f 2062 2063 2064
f 2063 2065 2064
f 2064 2065 2066
f 2065 2067 2066
f 2066 2067 2068
f 2067 2092 2068
f 2069 2070 2071
f 2069 2072 2070
f 2070 2072 2073
f 2072 2074 2073
f 2073 2074 2075
f 2074 2076 2075
f 2075 2076 2077
f 2076 2078 2077
f 2077 2078 2079
f 2078 2080 2079
f 2079 2080 2081
f 2080 2082 2081
f 2081 2082 2083
f 2082 2084 2083
f 2083 2084 2085
f 2084 2086 2085
f 2085 2086 2087
f 2086 2088 2087
f 2087 2088 2089
f 2088 2090 2089
f 2089 2090 2091
f 2093 2094 2095
f 2093 2096 2094
f 2093 2109 2096
f 2094 2097 2095
f 2095 2097 2098
f 2096 2109 2110
f 2097 2099 2098
f 2098 2099 2100
f 2099 2101 2100
f 2100 2101 2102
f 2101 2103 2102
f 2102 2103 2104
f 2103 2105 2104
f 2104 2105 2106
f 2105 2107 2106
f 2106 2107 2108
f 2109 2111 2110
f 2110 2111 2112
f 2111 2113 2112
f 2112 2113 2114
f 2113 2115 2114
f 2114 2115 2116
f 2117 2118 2119
f 2117 2119 2120
f 2117 2131 2118
f 2118 2131 2132
f 2119 2121 2120
f 2120 2121 2122
f 2121 2123 2122
f 2122 2123 2124
f 2123 2125 2124
f 2124 2125 2126
f 2125 2127 2126
f 2126 2127 2128
f 2127 2129 2128
f 2128 2129 2130
f 2131 2133 2132
f 2132 2133 2134
f 2133 2135 2134
f 2134 2135 2136
f 2135 2137 2136
f 2136 2137 2138
f 2137 2139 2138
f 2138 2139 2140
f 2141 2142 2143
f 2141 2152 2142
f 2141 2153 2152
f 2142 2144 2143
f 2143 2144 2145
f 2144 2146 2145
f 2145 2146 2147
f 2146 2148 2147
f 2147 2148 2149
f 2148 2150 2149
f 2149 2150 2151
f 2152 2153 2154
f 2153 2155 2154
f 2154 2155 2156
f 2155 2157 2156
f 2156 2157 2158
f 2157 2159 2158
f 2158 2159 2160
f 2159 2161 2160
f 2160 2161 2162
f 2161 2163 2162
f 2162 2163 2164
f 2165 2166 2167
f 2165 2167 2168
f 2165 2188 2166
f 2166 2188 2177
f 2167 2169 2168
f 2168 2169 2170
f 2169 2171 2170
f 2170 2171 2172
f 2171 2173 2172
f 2172 2173 2174
f 2173 2175 2174
f 2174 2175 2176
f 2177 2178 2179
f 2177 2188 2178
f 2178 2180 2179
f 2179 2180 2181
f 2180 2182 2181
f 2181 2182 2183
f 2182 2184 2183
f 2183 2184 2185
f 2184 2186 2185
f 2185 2186 2187