# SG90
# Autodesk dbId: 66
# Units: mm
o 066_SG90
v 19.750002 -33.284835 19.143410
v 19.750002 -33.379151 18.910805
v 19.818596 -33.287143 19.143897
v 20.008821 -33.741226 18.579681
v 20.183656 -33.753614 18.648784
v 20.104917 -33.547012 18.785164
v 19.933719 -33.547012 18.714251
v 20.250001 -33.793989 18.664511
v 20.616027 -33.987307 18.975321
v 20.715927 -34.114687 19.180120
v 20.683335 -33.993808 19.149809
v 20.715927 -33.992572 19.397897
v 20.750001 -34.251384 19.399896
v 20.616028 -33.751398 19.396035
v 20.587758 -33.753614 19.175420
v 20.457108 -33.544297 19.394435
v 20.435646 -33.547012 19.216178
v 20.250001 -33.385384 19.393208
v 20.237265 -33.387943 19.269334
v 20.008821 -33.285487 19.392437
v 19.750002 -33.251413 19.392174
v 19.937405 -33.287143 19.212492
v 19.882516 -33.287143 19.170374
v 20.002227 -33.387944 18.963028
v 20.106703 -33.387943 19.043195
v 19.880563 -33.387943 18.912633
v 19.750002 -33.528417 18.709013
v 19.750002 -33.723230 18.550746
v 20.363282 -33.753614 18.786615
v 20.251928 -33.547012 18.897969
v 20.457108 -33.877922 18.799457
v 20.501113 -33.753614 18.966241
v 20.364734 -33.547012 19.044980
v 20.186870 -33.387943 19.147669
v 19.979524 -33.287143 19.267381
v 20.006000 -33.287143 19.331301
v 19.750002 -35.742341 16.492402
v 20.008821 -35.771615 16.509838
v 19.750002 -35.181759 17.283115
v 20.250001 -35.857445 16.560959
v 20.008821 -35.207902 17.304968
v 20.457109 -35.993981 16.642280
v 20.250001 -35.284551 17.369039
v 20.616027 -36.171917 16.748260
v 20.457108 -35.406483 17.470960
v 20.715928 -36.379129 16.871676
v 20.616027 -35.565387 17.603785
v 20.750002 -36.601495 17.004117
v 20.715927 -35.750435 17.758464
v 19.750002 -34.503010 17.975053
v 20.008820 -34.525362 18.000772
v 19.750002 -33.723230 18.550746
v 20.750001 -35.949014 17.924456
v 20.715927 -34.989214 18.534477
v 20.616027 -34.831002 18.352440
v 20.457108 -34.695143 18.196121
v 20.250001 -34.590895 18.076174
v 20.750001 -35.158996 18.729826
v 19.750001 -27.751577 19.392175
v 19.882516 -27.715848 19.170374
v 19.818596 -27.715848 19.143898
v 19.750001 -27.718155 19.143411
v 20.008820 -27.717504 19.392437
v 20.006000 -27.715847 19.331302
v 19.979523 -27.715847 19.267382
v 19.937405 -27.715848 19.212492
v 20.250001 -27.617607 19.393209
v 20.715927 -26.888303 19.180121
v 20.715926 -27.010419 19.397898
v 20.750001 -26.751607 19.399897
v 20.616027 -27.015683 18.975322
v 20.683335 -27.009183 19.149811
v 20.501113 -27.249376 18.966242
v 20.587757 -27.249376 19.175421
v 20.457108 -27.125068 18.799458
v 20.363281 -27.249376 18.786616
v 20.250001 -27.209001 18.664512
v 20.008820 -27.261764 18.579682
v 20.183656 -27.249376 18.648784
v 19.933719 -27.455979 18.714252
v 20.104917 -27.455978 18.785165
v 19.750001 -27.279760 18.550748
v 19.750001 -27.474574 18.709014
v 19.880562 -27.615047 18.912634
v 19.750001 -27.623840 18.910806
v 20.237264 -27.615047 19.269335
v 20.002227 -27.615047 18.963029
v 20.616026 -27.251592 19.396036
v 20.364733 -27.455978 19.044981
v 20.435645 -27.455979 19.216179
v 20.457108 -27.458693 19.394437
v 20.186869 -27.615047 19.147671
v 20.251928 -27.455979 18.897970
v 20.106702 -27.615047 19.043195
v 20.750000 -24.401495 17.004120
v 20.715926 -24.623861 16.871678
v 20.750001 -25.053976 17.924457
v 20.616026 -24.831073 16.748261
v 20.715926 -25.252556 17.758466
v 20.457107 -25.009010 16.642282
v 20.616026 -25.437604 17.603787
v 20.250000 -25.145545 16.560961
v 20.457107 -25.596508 17.470961
v 20.008819 -25.231376 16.509840
v 20.250000 -25.718439 17.369040
v 19.750000 -25.260651 16.492404
v 20.008819 -25.795089 17.304969
v 20.750001 -25.843995 18.729828
v 20.715926 -26.013777 18.534478
v 20.750001 -26.751607 19.399897
v 19.750001 -25.821232 17.283117
v 20.008820 -26.477629 18.000773
v 20.250001 -26.412095 18.076175
v 20.457108 -26.307847 18.196123
v 20.616027 -26.171988 18.352441
v 19.750001 -26.499981 17.975055
v 19.750001 -27.849835 20.099770
v 20.008820 -28.097615 20.775369
v 20.008820 -27.816979 20.108801
v 19.750001 -27.751577 19.392175
v 19.750001 -28.127036 20.758181
v 20.008821 -28.540474 21.347162
v 19.750001 -28.564474 21.322976
v 20.008820 -29.115669 21.785592
v 19.750002 -29.132630 21.756039
v 20.008820 -29.784386 22.061073
v 19.750001 -29.793162 22.028148
v 20.008821 -30.501495 22.155012
v 19.750002 -30.501495 22.120938
v 20.008820 -31.218605 22.061072
v 19.750002 -31.209828 22.028148
v 20.008820 -31.887321 21.785592
v 19.750002 -31.870360 21.756039
v 20.008821 -32.462517 21.347162
v 19.750002 -32.438516 21.322975
v 20.008820 -32.905376 20.775369
v 19.750003 -32.875955 20.758180
v 20.008821 -33.186012 20.108799
v 19.750002 -33.153156 20.099769
v 20.008821 -33.285487 19.392437
v 20.715927 -33.867833 20.296204
v 20.750001 -34.251384 19.399896
v 20.750002 -34.117396 20.364798
v 20.715928 -33.515920 21.132070
v 20.616027 -33.635276 20.232284
v 20.715927 -33.992572 19.397897
v 20.616027 -33.307675 21.010406
v 20.457108 -33.435575 20.177394
v 20.616028 -33.751398 19.396035
v 20.457108 -33.128850 20.905930
v 20.250001 -33.282340 20.135276
v 20.457108 -33.544297 19.394435
v 20.250001 -32.991634 20.825764
v 20.250001 -33.385384 19.393208
v 20.750002 -33.739395 21.262632
v 20.715927 -32.960583 21.849088
v 20.616026 -32.790702 21.677891
v 20.457108 -32.644822 21.530880
v 20.250001 -32.532884 21.418074
v 20.750002 -33.142887 22.032806
v 20.715927 -32.239297 22.398872
v 20.616027 -32.119245 22.189694
v 20.457108 -32.016153 22.010068
v 20.250001 -31.937049 21.872236
v 20.750001 -32.368129 22.623349
v 20.715928 -31.400738 22.744319
v 20.616026 -31.338616 22.511277
v 20.457109 -31.285270 22.311158
v 20.250002 -31.244337 22.157601
v 20.750001 -31.467404 22.994406
v 20.715928 -30.501495 22.862118
v 20.616027 -30.501495 22.620938
v 20.457108 -30.501495 22.413831
v 20.250001 -30.501495 22.254913
v 20.750001 -30.501495 23.120938
v 20.715927 -29.602252 22.744320
v 20.616027 -29.664374 22.511277
v 20.457108 -29.717720 22.311158
v 20.250001 -29.758654 22.157602
v 20.750002 -29.535587 22.994406
v 20.715927 -28.763693 22.398873
v 20.616027 -28.883746 22.189694
v 20.457108 -28.986837 22.010069
v 20.250001 -29.065942 21.872237
v 20.750001 -28.634861 22.623349
v 20.715927 -28.042408 21.849089
v 20.616027 -28.212289 21.677891
v 20.457108 -28.358169 21.530880
v 20.250001 -28.470106 21.418075
v 20.750001 -27.860103 22.032807
v 20.715927 -27.487071 21.132071
v 20.616027 -27.695316 21.010407
v 20.457108 -27.874140 20.905931
v 20.250001 -28.011357 20.825765
v 20.750001 -27.263596 21.262633
v 20.715927 -27.135158 20.296205
v 20.616026 -27.367715 20.232285
v 20.457108 -27.567415 20.177395
v 20.250001 -27.720651 20.135277
v 20.750001 -26.885594 20.364800
v 20.750000 -24.401495 16.095825
v 20.697129 -24.490977 16.055405
v 20.708369 -24.511921 16.421973
v 20.720897 -24.525539 16.676099
v 20.750000 -24.401496 15.187529
v 20.735254 -24.403617 13.759023
v 20.721340 -24.409831 14.147534
v 20.709181 -24.419914 14.535193
v 20.693849 -24.450700 15.303327
v 20.692644 -24.470168 15.682002
v 20.750000 -24.401495 13.370939
v 20.406328 -24.453813 14.168008
v 20.494455 -24.439965 14.061503
v 20.621164 -24.411108 13.716113
v 20.750000 -24.401495 13.370939
v 20.093672 -24.612304 14.960763
v 20.067604 -24.748109 15.420246
v 20.155879 -24.642285 15.086200
v 20.258949 -24.555516 14.747652
v 20.372757 -24.488091 14.405788
v 19.853295 -24.880321 15.739993
v 19.953828 -25.015109 16.068543
v 19.998641 -24.872568 15.748272
v 20.750000 -24.401495 13.370939
v 20.720473 -24.405467 13.753424
v 20.531864 -24.439148 14.075251
v 20.639779 -24.410927 13.723070
v 20.334864 -24.551512 14.773602
v 20.429234 -24.486046 14.425941
v 20.633545 -24.494840 15.272520
v 20.628206 -24.532455 15.643294
v 20.633244 -24.573335 16.007531
v 20.650715 -24.615492 16.363265
v 20.135999 -24.854719 15.784829
v 20.183949 -24.736844 15.454863
v 19.940637 -25.126056 16.289164
v 20.114693 -25.089169 16.323094
v 20.112681 -24.987695 16.104724
v 20.715926 -24.623861 16.871678
v 20.750000 -24.401495 17.004120
v 20.671656 -24.643900 16.608259
v 20.616026 -24.831073 16.748261
v 20.591169 -24.770293 16.533571
v 20.487210 -24.882096 16.464862
v 20.462214 -24.818752 16.237218
v 20.362904 -24.976377 16.403967
v 20.457107 -25.009010 16.642282
v 20.343206 -24.897002 16.182017
v 20.221826 -25.050491 16.352602
v 20.250000 -25.145545 16.560961
v 20.211375 -24.957160 16.133778
v 20.008819 -25.231376 16.509840
v 20.559250 -24.539152 15.237444
v 20.545793 -24.595686 15.599518
v 20.546883 -24.658197 15.953849
v 20.480588 -24.575917 15.203202
v 20.455783 -24.648760 15.557277
v 20.448387 -24.730543 15.902813
v 20.398262 -24.604848 15.170086
v 20.359351 -24.691065 15.517095
v 20.339549 -24.789201 15.855289
v 20.312993 -24.625703 15.138384
v 20.257739 -24.722074 15.479479
v 20.222307 -24.833150 15.812116
v 20.251737 -24.635403 15.117115
v 20.565565 -24.724231 16.298088
v 20.699703 -24.433645 14.920721
v 20.647269 -24.462259 14.896925
v 20.584331 -24.490758 14.869690
v 20.519174 -24.514214 14.842868
v 20.452161 -24.532511 14.816607
v 20.383663 -24.545549 14.791051
v 20.750000 -24.401495 13.370939
v 20.556098 -24.437768 14.084247
v 20.651860 -24.410596 13.727594
v 20.750000 -24.401495 13.370939
v 20.590486 -24.434650 14.097134
v 20.669050 -24.409834 13.734043
v 20.750000 -24.401495 13.370939
v 20.624698 -24.430174 14.110100
v 20.686217 -24.408727 13.740499
v 20.750000 -24.401495 13.370939
v 20.658687 -24.424341 14.123126
v 20.703361 -24.407273 13.746959
v 20.750000 -24.401495 13.370939
v 20.692406 -24.417151 14.136196
v 20.750000 -24.401495 13.370939
v 20.465703 -24.482817 14.439274
v 20.517221 -24.475641 14.458544
v 20.568123 -24.465460 14.478102
v 20.618253 -24.452301 14.497885
v 20.667453 -24.436197 14.517834
v 19.853295 -36.122669 15.739991
v 20.058237 -36.240946 15.459886
v 19.986535 -36.100648 15.819327
v 19.945750 -35.938872 16.168624
v 20.093673 -36.390686 14.960761
v 20.284833 -36.465054 14.667608
v 20.153950 -36.358770 15.092944
v 20.406328 -36.549178 14.168007
v 20.588536 -36.586352 13.804222
v 20.431580 -36.540890 14.237316
v 20.750001 -36.601495 15.187528
v 20.692862 -36.530379 15.727034
v 20.693777 -36.551920 15.310959
v 20.701641 -36.572888 14.830389
v 20.714862 -36.588487 14.345434
v 20.731591 -36.598170 13.858106
v 20.750002 -36.601496 16.095823
v 20.750002 -36.601495 17.004117
v 20.713528 -36.484726 16.537059
v 20.698979 -36.507371 16.136539
v 20.715928 -36.379129 16.871676
v 20.659228 -36.374408 16.474418
v 20.008821 -35.771615 16.509838
v 19.750002 -35.742341 16.492402
v 20.128575 -36.120305 15.856024
v 20.111482 -35.970213 16.204035
v 20.635939 -36.420417 16.086447
v 20.628224 -36.465777 15.687302
v 20.250215 -36.365723 15.123946
v 20.177072 -36.252870 15.494839
v 20.651497 -36.547468 14.808149
v 20.679187 -36.577024 14.331069
v 20.478675 -36.542250 14.254392
v 20.356142 -36.468524 14.692261
v 20.214031 -36.004198 16.233392
v 20.217621 -36.143637 15.883787
v 20.350172 -36.070356 16.283098
v 20.250001 -35.857445 16.560959
v 20.338169 -36.190842 15.928121
v 20.471799 -36.155593 16.340833
v 20.457109 -35.993981 16.642280
v 20.449456 -36.253514 15.977298
v 20.575752 -36.257748 16.405127
v 20.616027 -36.171917 16.748260
v 20.549361 -36.330484 16.030396
v 20.252364 -36.268356 15.519814
v 20.311721 -36.375510 15.145288
v 20.355891 -36.300760 15.558116
v 20.397322 -36.396543 15.177111
v 20.453909 -36.344861 15.599163
v 20.479945 -36.425714 15.210367
v 20.545100 -36.400089 15.642411
v 20.558857 -36.462778 15.244763
v 20.633350 -36.507441 15.280004
v 20.402033 -36.473763 14.708768
v 20.509136 -36.544468 14.265623
v 20.466559 -36.485255 14.732858
v 20.552275 -36.549437 14.281775
v 20.529850 -36.501424 14.757532
v 20.595058 -36.556526 14.298090
v 20.591598 -36.522193 14.782669
v 20.750002 -36.601495 13.370937
v 20.611923 -36.586647 13.812935
v 20.627097 -36.587174 13.818607
v 20.750002 -36.601495 13.370937
v 20.648673 -36.588382 13.826701
v 20.750002 -36.601495 13.370937
v 20.670209 -36.590129 13.834810
v 20.750002 -36.601495 13.370937
v 20.750002 -36.601495 13.370937
v 20.691693 -36.592421 13.842932
v 20.750002 -36.601495 13.370937
v 20.713112 -36.595263 13.851062
v 20.637393 -36.565726 14.314532
v 20.750002 -36.601495 13.370937
v 20.750000 -26.868315 7.270939
v 20.715925 -27.000757 7.493304
v 20.750000 -25.913127 7.952740
v 20.616026 -27.124173 7.700518
v 20.715926 -26.080389 8.150252
v 20.457107 -27.230153 7.878453
v 20.616025 -26.236252 8.334304
v 20.250000 -27.311474 8.014989
v 20.457107 -26.370095 8.492354
v 20.008819 -27.362594 8.100820
v 20.250000 -26.472795 8.613628
v 19.750000 -27.380031 8.130093
v 20.008819 -26.537356 8.689865
v 20.008819 -25.231376 10.232038
v 20.008819 -25.820420 9.406800
v 19.750000 -25.846423 9.428820
v 19.750000 -25.260650 10.249474
v 20.250000 -25.145545 10.180918
v 20.250000 -25.744184 9.342239
v 20.457107 -25.009010 10.099597
v 20.457107 -25.622909 9.239538
v 20.616025 -24.831073 9.993617
v 20.616025 -25.464860 9.105696
v 20.715925 -24.623861 9.870200
v 20.715926 -25.280808 8.949833
v 20.750000 -24.401495 9.737758
v 20.750000 -25.083297 8.782571
v 19.750001 -26.559377 8.715867
v 20.750000 -27.776610 7.270940
v 20.697129 -27.817030 7.360421
v 20.708369 -27.450461 7.381366
v 20.720897 -27.196336 7.394983
v 20.750000 -28.684905 7.270939
v 20.735254 -30.113412 7.273059
v 20.721340 -29.724900 7.279273
v 20.709181 -29.337242 7.289358
v 20.693849 -28.569108 7.320144
v 20.692643 -28.190433 7.339612
v 20.750000 -30.501495 7.270939
v 20.406327 -29.704426 7.323256
v 20.494455 -29.810931 7.309407
v 20.621164 -30.156321 7.280551
v 20.750000 -30.501495 7.270939
v 20.093672 -28.911672 7.481748
v 20.067603 -28.452189 7.617552
v 20.155878 -28.786234 7.511729
v 20.258949 -29.124783 7.424958
v 20.372758 -29.466647 7.357535
v 19.853294 -28.132441 7.749765
v 19.953828 -27.803891 7.884553
v 19.998641 -28.124163 7.742012
v 20.750000 -30.501495 7.270939
v 20.720473 -30.119011 7.274911
v 20.531864 -29.797183 7.308591
v 20.639779 -30.149365 7.280371
v 20.334865 -29.098833 7.420955
v 20.429234 -29.446494 7.355491
v 20.633544 -28.599914 7.364283
v 20.628206 -28.229141 7.401898
v 20.633244 -27.864904 7.442779
v 20.650715 -27.509170 7.484935
v 20.135999 -28.087606 7.724162
v 20.183949 -28.417571 7.606288
v 19.940637 -27.583272 7.995500
v 20.114694 -27.549340 7.958614
v 20.112681 -27.767711 7.857138
v 20.715925 -27.000757 7.493304
v 20.750000 -26.868315 7.270939
v 20.671655 -27.264175 7.513344
v 20.616026 -27.124173 7.700518
v 20.591169 -27.338864 7.639737
v 20.487210 -27.407573 7.751540
v 20.462214 -27.635216 7.688196
v 20.362903 -27.468468 7.845822
v 20.457107 -27.230153 7.878453
v 20.343205 -27.690418 7.766445
v 20.221825 -27.519833 7.919935
v 20.250000 -27.311474 8.014989
v 20.211375 -27.738657 7.826603
v 20.008819 -27.362594 8.100820
v 20.559250 -28.634990 7.408595
v 20.545792 -28.272916 7.465128
v 20.546883 -27.918585 7.527641
v 20.480589 -28.669233 7.445362
v 20.455782 -28.315157 7.518204
v 20.448387 -27.969622 7.599987
v 20.398261 -28.702349 7.474291
v 20.359351 -28.355340 7.560509
v 20.339549 -28.017146 7.658645
v 20.312992 -28.734051 7.495147
v 20.257739 -28.392955 7.591517
v 20.222307 -28.060319 7.702594
v 20.251737 -28.755320 7.504847
v 20.565565 -27.574346 7.593676
v 20.699702 -28.951714 7.303088
v 20.647269 -28.975510 7.331702
v 20.584331 -29.002745 7.360201
v 20.519174 -29.029566 7.383658
v 20.452160 -29.055827 7.401955
v 20.383663 -29.081383 7.414991
v 20.750000 -30.501495 7.270939
v 20.556098 -29.788187 7.307212
v 20.651861 -30.144841 7.280039
v 20.750000 -30.501495 7.270939
v 20.590486 -29.775300 7.304093
v 20.669050 -30.138392 7.279278
v 20.750000 -30.501495 7.270939
v 20.624698 -29.762335 7.299617
v 20.686218 -30.131937 7.278172
v 20.750000 -30.501495 7.270939
v 20.658687 -29.749309 7.293784
v 20.703361 -30.125476 7.276717
v 20.750000 -30.501495 7.270939
v 20.692405 -29.736239 7.286595
v 20.750000 -30.501495 7.270939
v 20.465702 -29.433161 7.352260
v 20.517220 -29.413890 7.345084
v 20.568123 -29.394333 7.334903
v 20.618252 -29.374550 7.321744
v 20.667453 -29.354601 7.305641
v 19.853294 -24.880322 11.001886
v 20.058236 -24.762044 11.281991
v 19.986533 -24.902342 10.922550
v 19.945748 -25.064119 10.573252
v 20.093671 -24.612304 11.781115
v 20.284832 -24.537936 12.074269
v 20.153949 -24.644220 11.648934
v 20.406328 -24.453813 12.573870
v 20.588535 -24.416638 12.937655
v 20.431579 -24.462101 12.504561
v 20.750000 -24.401496 11.554349
v 20.692860 -24.472612 11.014842
v 20.693776 -24.451070 11.430918
v 20.701641 -24.430102 11.911488
v 20.714860 -24.414504 12.396443
v 20.731590 -24.404821 12.883772
v 20.750000 -24.401495 10.646054
v 20.750000 -24.401495 9.737758
v 20.713527 -24.518265 10.204819
v 20.698979 -24.495619 10.605338
v 20.715925 -24.623861 9.870200
v 20.659226 -24.628583 10.267458
v 20.008819 -25.231376 10.232038
v 19.750000 -25.260650 10.249474
v 20.128573 -24.882686 10.885851
v 20.111481 -25.032778 10.537841
v 20.635937 -24.582573 10.655429
v 20.628223 -24.537214 11.054575
v 20.250212 -24.637268 11.617930
v 20.177071 -24.750120 11.247039
v 20.651495 -24.455522 11.933727
v 20.679186 -24.425967 12.410809
v 20.478673 -24.460741 12.487484
v 20.356141 -24.534466 12.049616
v 20.214030 -24.998793 10.508485
v 20.217618 -24.859353 10.858090
v 20.350170 -24.932635 10.458779
v 20.250000 -25.145545 10.180918
v 20.338167 -24.812148 10.813756
v 20.471797 -24.847398 10.401043
v 20.457107 -25.009010 10.099597
v 20.449453 -24.749477 10.764578
v 20.575750 -24.745242 10.336749
v 20.616025 -24.831073 9.993617
v 20.549359 -24.672506 10.711481
v 20.252362 -24.734635 11.222062
v 20.311719 -24.627481 11.596589
v 20.355890 -24.702230 11.183759
v 20.397321 -24.606447 11.564766
v 20.453907 -24.658129 11.142714
v 20.479944 -24.577276 11.531510
v 20.545099 -24.602901 11.099466
v 20.558856 -24.540213 11.497113
v 20.633348 -24.495550 11.461873
v 20.402032 -24.529228 12.033109
v 20.509135 -24.458523 12.476255
v 20.466557 -24.517736 12.009018
v 20.552274 -24.453554 12.460102
v 20.529849 -24.501566 11.984345
v 20.595057 -24.446464 12.443786
v 20.591596 -24.480798 11.959207
v 20.750000 -24.401495 13.370939
v 20.611923 -24.416344 12.928942
v 20.627095 -24.415817 12.923269
v 20.750000 -24.401495 13.370939
v 20.648672 -24.414609 12.915176
v 20.750000 -24.401495 13.370939
v 20.670208 -24.412862 12.907067
v 20.750000 -24.401495 13.370939
v 20.750000 -24.401495 13.370939
v 20.691691 -24.410569 12.898945
v 20.750000 -24.401495 13.370939
v 20.713111 -24.407728 12.890814
v 20.637391 -24.437265 12.427344
v 20.750000 -24.401495 13.370939
v 20.750001 -36.601495 9.737756
v 20.715927 -36.379129 9.870199
v 20.750001 -35.919694 8.782569
v 20.616027 -36.171918 9.993615
v 20.715927 -35.722182 8.949832
v 20.457108 -35.993981 10.099595
v 20.616026 -35.538130 9.105694
v 20.250000 -35.857445 10.180915
v 20.457108 -35.380082 9.239537
v 20.008820 -35.771615 10.232036
v 20.250001 -35.258807 9.342237
v 19.750001 -35.742340 10.249473
v 20.008820 -35.182570 9.406798
v 20.008820 -33.640397 8.100818
v 20.008820 -34.465635 8.689863
v 19.750001 -34.443615 8.715867
v 19.750001 -33.622960 8.130093
v 20.250000 -33.691517 8.014987
v 20.250001 -34.530196 8.613627
v 20.457107 -33.772838 7.878452
v 20.457108 -34.632897 8.492351
v 20.616026 -33.878818 7.700516
v 20.616027 -34.766739 8.334303
v 20.715926 -34.002234 7.493304
v 20.715926 -34.922602 8.150251
v 20.750001 -34.134676 7.270938
v 20.750001 -35.089863 7.952738
v 19.750002 -35.156567 9.428819
v 20.750001 -36.601495 10.646053
v 20.697130 -36.512014 10.686471
v 20.708370 -36.491069 10.319903
v 20.720898 -36.477451 10.065778
v 20.750001 -36.601495 11.554347
v 20.735255 -36.599374 12.982854
v 20.721341 -36.593159 12.594342
v 20.709183 -36.583076 12.206684
v 20.693850 -36.552290 11.438549
v 20.692644 -36.532822 11.059875
v 20.406329 -36.549178 12.573868
v 20.494457 -36.563026 12.680373
v 20.621165 -36.591882 13.025763
v 20.750002 -36.601495 13.370937
v 20.093672 -36.390686 11.781113
v 20.067605 -36.254881 11.321630
v 20.155879 -36.360705 11.655676
v 20.258950 -36.447475 11.994225
v 20.372758 -36.514900 12.336088
v 19.853296 -36.122669 11.001884
v 19.953829 -35.987882 10.673333
v 19.998642 -36.130423 10.993605
v 20.750002 -36.601495 13.370937
v 20.720473 -36.597523 12.988452
v 20.531866 -36.563842 12.666625
v 20.639781 -36.592064 13.018806
v 20.334865 -36.451478 11.968275
v 20.429235 -36.516945 12.315936
v 20.633545 -36.508151 11.469356
v 20.628207 -36.470536 11.098583
v 20.633246 -36.429655 10.734346
v 20.650716 -36.387499 10.378613
v 20.136000 -36.148272 10.957047
v 20.183950 -36.266147 11.287013
v 19.940638 -35.876935 10.452713
v 20.114694 -35.913822 10.418782
v 20.112682 -36.015295 10.637153
v 20.715927 -36.379129 9.870199
v 20.750001 -36.601495 9.737756
v 20.671657 -36.359090 10.133617
v 20.616027 -36.171918 9.993615
v 20.591170 -36.232697 10.208306
v 20.487211 -36.120895 10.277015
v 20.462215 -36.184239 10.504658
v 20.362904 -36.026614 10.337910
v 20.457108 -35.993981 10.099595
v 20.343206 -36.105990 10.559859
v 20.221827 -35.952499 10.389275
v 20.250000 -35.857445 10.180915
v 20.211376 -36.045831 10.608099
v 20.008820 -35.771615 10.232036
v 20.559250 -36.463838 11.504432
v 20.545794 -36.407305 11.142359
v 20.546884 -36.344794 10.788026
v 20.480589 -36.427073 11.538675
v 20.455783 -36.354231 11.184600
v 20.448388 -36.272447 10.839065
v 20.398263 -36.398142 11.571791
v 20.359352 -36.311926 11.224782
v 20.339549 -36.213789 10.886587
v 20.312994 -36.377288 11.603492
v 20.257740 -36.280917 11.262397
v 20.222308 -36.169841 10.929761
v 20.251738 -36.367588 11.624763
v 20.565566 -36.278759 10.443789
v 20.699704 -36.569346 11.821155
v 20.647270 -36.540732 11.844952
v 20.584333 -36.512234 11.872187
v 20.519176 -36.488776 11.899008
v 20.452162 -36.470480 11.925270
v 20.383664 -36.457442 11.950825
v 20.750002 -36.601495 13.370937
v 20.556099 -36.565222 12.657629
v 20.651861 -36.592395 13.014283
v 20.750002 -36.601495 13.370937
v 20.590487 -36.568341 12.644742
v 20.669050 -36.593157 13.007834
v 20.750002 -36.601495 13.370937
v 20.624699 -36.572817 12.631777
v 20.686219 -36.594264 13.001378
v 20.750002 -36.601495 13.370937
v 20.658688 -36.578650 12.618752
v 20.703362 -36.595718 12.994917
v 20.750002 -36.601495 13.370937
v 20.692407 -36.585840 12.605682
v 20.750002 -36.601495 13.370937
v 20.465703 -36.520174 12.302604
v 20.517221 -36.527350 12.283333
v 20.568124 -36.537531 12.263775
v 20.618253 -36.550690 12.243992
v 20.667454 -36.566794 12.224042
v 19.853295 -32.870550 7.749765
v 20.058236 -32.590444 7.631486
v 19.986534 -32.949885 7.771785
v 19.945749 -33.299182 7.933562
v 20.093672 -32.091319 7.481747
v 20.284832 -31.798166 7.407379
v 20.153949 -32.223502 7.513663
v 20.406328 -31.298565 7.323256
v 20.588536 -30.934780 7.286081
v 20.431580 -31.367874 7.331544
v 20.750001 -32.318086 7.270939
v 20.692860 -32.857593 7.342054
v 20.693776 -32.441517 7.320513
v 20.701641 -31.960947 7.299545
v 20.714861 -31.475992 7.283947
v 20.731590 -30.988664 7.274264
v 20.750000 -33.226381 7.270938
v 20.750001 -34.134676 7.270938
v 20.713528 -33.667616 7.387708
v 20.698979 -33.267097 7.365062
v 20.715926 -34.002234 7.493304
v 20.659227 -33.604976 7.498026
v 20.008820 -33.640397 8.100818
v 19.750001 -33.622960 8.130093
v 20.128574 -32.986583 7.752128
v 20.111481 -33.334593 7.902221
v 20.635938 -33.217005 7.452016
v 20.628224 -32.817860 7.406657
v 20.250213 -32.254504 7.506711
v 20.177071 -32.625396 7.619564
v 20.651496 -31.938707 7.324965
v 20.679186 -31.461627 7.295410
v 20.478674 -31.384950 7.330183
v 20.356141 -31.822819 7.403910
v 20.214031 -33.363950 7.868235
v 20.217619 -33.014345 7.728796
v 20.350171 -33.413655 7.802077
v 20.250000 -33.691517 8.014987
v 20.338168 -33.058679 7.681591
v 20.471798 -33.471391 7.716840
v 20.457107 -33.772838 7.878452
v 20.449454 -33.107856 7.618920
v 20.575751 -33.535685 7.614684
v 20.616026 -33.878818 7.700516
v 20.549360 -33.160954 7.541950
v 20.252363 -32.650372 7.604077
v 20.311719 -32.275846 7.496923
v 20.355891 -32.688674 7.571674
v 20.397321 -32.307669 7.475890
v 20.453907 -32.729721 7.527572
v 20.479945 -32.340925 7.446719
v 20.545100 -32.772969 7.472344
v 20.558856 -32.375321 7.409655
v 20.633349 -32.410562 7.364994
v 20.402032 -31.839326 7.398671
v 20.509136 -31.396180 7.327966
v 20.466557 -31.863416 7.387178
v 20.552273 -31.412333 7.322997
v 20.529849 -31.888090 7.371009
v 20.595057 -31.428648 7.315908
v 20.591596 -31.913228 7.350240
v 20.750000 -30.501495 7.270939
v 20.611922 -30.943493 7.285786
v 20.627095 -30.949165 7.285258
v 20.750000 -30.501495 7.270939
v 20.648672 -30.957259 7.284052
v 20.750000 -30.501495 7.270939
v 20.670209 -30.965368 7.282305
v 20.750000 -30.501495 7.270939
v 20.750000 -30.501495 7.270939
v 20.691692 -30.973490 7.280012
v 20.750000 -30.501495 7.270939
v 20.713111 -30.981620 7.277172
v 20.637392 -31.445091 7.306708
v 20.750000 -30.501495 7.270939
v 20.750002 -36.601495 28.770937
v 20.750001 -32.368129 22.623349
v 20.750002 -33.142887 22.032806
v 20.750002 -33.739395 21.262632
v 20.750002 -34.117396 20.364798
v 20.750001 -35.158996 18.729826
v 20.750001 -35.949014 17.924456
v 20.750002 -36.467520 29.270937
v 20.750002 -36.308601 29.478043
v 20.750003 -36.101495 29.636962
v 20.750002 -35.860313 29.736863
v 20.750002 -35.601495 29.770936
v 20.750003 -36.567421 29.029755
v 20.750001 -30.501495 23.120938
v 20.750001 -31.467404 22.994406
v 20.750001 -25.401495 29.770938
v 20.750001 -28.634861 22.623349
v 20.750002 -29.535587 22.994406
v 20.750002 -25.142676 29.736865
v 20.750001 -24.401495 28.770938
v 20.750001 -24.694389 29.478045
v 20.750001 -24.535470 29.270939
v 20.750001 -25.053976 17.924457
v 20.750001 -25.843995 18.729828
v 20.750001 -26.885594 20.364800
v 20.750001 -27.263596 21.262633
v 20.750001 -27.860103 22.032807
v 20.750001 -24.901495 29.636964
v 20.750002 -24.435570 29.029757
v 16.350002 -34.840827 17.658151
v 19.750002 -35.181759 17.283115
v 19.750002 -34.503010 17.975053
v 16.350002 -33.723231 18.550747
v 16.350002 -35.719854 16.529852
v 19.853295 -36.122669 15.739991
v 19.750002 -35.742341 16.492402
v 16.350001 -36.311983 15.227880
v 20.093673 -36.390686 14.960761
v 16.350003 -36.584661 13.823817
v 20.750002 -36.601495 13.370937
v 20.406328 -36.549178 14.168007
v 16.350002 -36.522896 12.394855
v 20.093672 -36.390686 11.781113
v 20.406329 -36.549178 12.573868
v 16.350002 -36.130084 11.019555
v 19.750001 -35.742340 10.249473
v 19.853296 -36.122669 11.001884
v 16.350001 -35.427821 9.773532
v 19.750002 -35.156567 9.428819
v 16.350002 -34.454716 8.725289
v 19.750001 -33.622960 8.130093
v 19.750001 -34.443615 8.715867
v 16.350002 -33.264269 7.932457
v 19.853295 -32.870550 7.749765
v 16.350002 -31.921929 7.438624
v 20.406328 -31.298565 7.323256
v 20.093672 -32.091319 7.481747
v 16.350001 -30.501496 7.270939
v 20.406327 -29.704426 7.323256
v 20.750000 -30.501495 7.270939
v 16.350000 -29.081063 7.438624
v 19.853294 -28.132441 7.749765
v 20.093672 -28.911672 7.481748
v 16.350001 -27.738723 7.932457
v 19.750000 -27.380031 8.130093
v 16.350001 -26.548276 8.725291
v 19.750000 -25.846423 9.428820
v 19.750001 -26.559377 8.715867
v 16.350001 -25.575171 9.773533
v 19.750000 -25.260650 10.249474
v 16.350001 -24.872908 11.019558
v 20.093671 -24.612304 11.781115
v 19.853294 -24.880322 11.001886
v 16.350000 -24.480096 12.394856
v 20.406328 -24.453813 12.573870
v 16.350001 -24.418331 13.823818
v 20.406328 -24.453813 14.168008
v 20.750000 -24.401495 13.370939
v 16.350001 -24.691009 15.227881
v 19.853295 -24.880321 15.739993
v 20.093672 -24.612304 14.960763
v 16.350000 -25.283138 16.529854
v 19.750001 -25.821232 17.283117
v 19.750000 -25.260651 16.492404
v 16.350001 -26.162165 17.658153
v 19.750001 -26.499981 17.975055
v 27.360000 -25.401494 34.670937
v 25.000000 -25.142676 34.636863
v 25.000002 -25.401495 34.670938
v 27.360000 -25.142675 34.636863
v 25.000001 -24.901495 34.536963
v 27.360001 -24.901494 34.536963
v 25.000001 -24.694388 34.378044
v 27.360001 -24.694388 34.378045
v 25.000001 -24.535469 34.170939
v 27.360000 -24.535469 34.170938
v 25.000001 -24.435569 33.929757
v 27.360000 -24.435568 33.929756
v 25.000001 -24.401495 33.670938
v 27.360000 -24.401494 33.670938
v 25.000001 -24.401495 28.770938
v 25.000000 -24.435569 29.029757
v 25.000001 -24.401495 33.670938
v 25.000001 -24.694388 29.478044
v 25.000001 -24.901494 29.636964
v 25.000001 -35.601494 29.770937
v 25.000002 -35.860313 29.736862
v 25.000002 -36.601494 33.670936
v 25.000001 -36.308601 29.478043
v 25.000002 -36.467520 29.270937
v 25.000002 -36.101494 29.636961
v 25.000002 -36.567420 29.029755
v 25.000002 -36.601494 28.770936
v 25.000003 -36.567420 33.929754
v 25.000002 -35.601494 34.670937
v 25.000002 -36.308601 34.378043
v 25.000002 -36.101494 34.536962
v 25.000002 -36.467520 34.170937
v 25.000002 -35.860313 34.636861
v 25.000001 -31.001494 33.286962
v 25.000001 -31.001494 34.670937
v 25.000001 -31.208601 33.128043
v 25.000001 -31.367520 32.920938
v 25.000002 -31.467420 32.679756
v 25.000002 -31.501494 32.420936
v 25.000001 -31.467420 32.162118
v 25.000002 -31.367520 31.920937
v 25.000002 -31.208601 31.713830
v 25.000002 -31.001494 31.554911
v 25.000001 -30.760313 31.455011
v 25.000001 -30.501494 31.420937
v 25.000001 -25.401495 29.770938
v 25.000001 -30.242675 31.455012
v 25.000001 -30.001494 31.554912
v 25.000002 -29.794388 31.713830
v 25.000001 -29.635469 31.920937
v 25.000001 -29.535569 32.162118
v 25.000002 -29.501494 32.420938
v 25.000001 -29.535569 32.679756
v 25.000001 -29.635469 32.920938
v 25.000002 -29.794388 33.128044
v 25.000002 -30.001494 33.286963
v 25.000002 -25.401495 34.670938
v 27.360002 -36.601494 33.670936
v 25.000003 -36.567420 33.929754
v 25.000002 -36.601494 33.670936
v 27.360002 -36.567420 33.929755
v 25.000002 -36.467520 34.170937
v 27.360002 -36.467520 34.170936
v 25.000002 -36.308601 34.378043
v 27.360001 -36.308601 34.378042
v 25.000002 -36.101494 34.536962
v 27.360002 -36.101494 34.536961
v 25.000002 -35.860313 34.636861
v 27.360001 -35.860313 34.636861
v 25.000002 -35.601494 34.670937
v 27.360002 -35.601494 34.670937
v 27.359999 -24.401494 3.370941
v 24.999998 -24.435569 3.112121
v 24.999999 -24.401495 3.370940
v 27.359998 -24.435569 3.112121
v 24.999998 -24.535469 2.870938
v 27.359998 -24.535469 2.870939
v 24.999999 -24.694388 2.663833
v 27.359998 -24.694388 2.663834
v 24.999999 -24.901495 2.504915
v 27.359998 -24.901494 2.504914
v 24.999998 -25.142676 2.405014
v 27.359998 -25.142676 2.405014
v 24.999999 -25.401495 2.370939
v 27.359998 -25.401495 2.370940
v 27.360000 -24.401494 28.770938
v 43.359996 -24.401492 8.270939
v 27.359999 -24.401494 8.270939
v 20.750000 -24.401495 17.004120
v 43.359998 -24.401492 28.770937
v 27.359999 -24.401494 3.370941
v 24.999999 -24.401495 8.270939
v 24.999999 -24.401495 3.370940
v 24.999999 -30.001495 2.370938
v 24.999999 -30.001495 3.754913
v 24.999999 -25.401495 2.370939
v 24.999999 -29.635469 4.120938
v 25.000000 -29.535569 4.362121
v 24.999999 -24.401495 3.370940
v 24.999999 -29.794388 5.328045
v 24.999999 -30.001495 5.486964
v 24.999999 -25.401495 7.270939
v 24.999999 -31.001495 5.486964
v 25.000000 -31.208602 5.328045
v 25.000000 -35.601494 7.270937
v 25.000000 -31.467421 4.362120
v 24.999999 -31.367520 4.120938
v 25.000000 -36.601495 3.370937
v 25.000000 -35.601495 2.370938
v 25.000000 -31.208602 3.913832
v 24.999999 -31.001495 3.754913
v 24.999999 -31.001495 2.370938
v 25.000000 -36.101495 2.504912
v 24.999999 -36.308601 2.663831
v 25.000000 -36.467520 2.870937
v 25.000000 -36.567421 3.112120
v 25.000000 -35.860313 2.405013
v 24.999999 -31.467421 4.879757
v 25.000000 -31.501495 4.620939
v 25.000000 -36.567421 8.012119
v 25.000001 -36.467520 7.770938
v 25.000000 -36.308601 7.563832
v 25.000000 -36.101494 7.404912
v 25.000000 -35.860313 7.305011
v 25.000000 -36.601495 8.270938
v 25.000000 -30.501495 5.620939
v 25.000000 -30.760314 5.586864
v 24.999999 -31.367520 5.120938
v 24.999999 -29.535569 4.879758
v 25.000000 -29.635469 5.120939
v 25.000000 -30.242676 5.586865
v 24.999999 -25.142676 7.305013
v 24.999999 -24.694388 7.563833
v 24.999999 -24.535469 7.770939
v 27.360000 -35.601494 2.370938
v 25.000000 -35.860313 2.405013
v 25.000000 -35.601495 2.370938
v 27.360000 -35.860313 2.405013
v 25.000000 -36.101495 2.504912
v 27.359999 -36.101494 2.504912
v 24.999999 -36.308601 2.663831
v 27.360000 -36.308601 2.663831
v 25.000000 -36.467520 2.870937
v 27.360000 -36.467520 2.870938
v 25.000000 -36.567421 3.112120
v 27.360000 -36.567420 3.112119
v 25.000000 -36.601495 3.370937
v 27.360000 -36.601495 3.370938
v 27.360000 -36.601494 8.270938
v 20.750002 -36.601495 17.004117
v 20.750002 -36.601496 16.095823
v 20.750001 -36.601495 15.187528
v 25.000000 -36.601495 8.270938
v 25.000000 -36.601495 3.370937
v 27.360000 -36.601495 3.370938
v 43.360000 -36.601492 28.770936
v 27.360001 -36.601494 28.770936
v 43.359998 -36.601492 8.270937
v 25.000002 -36.601494 28.770936
v 27.360002 -35.601494 29.770936
v 43.359999 -35.860310 29.736862
v 43.359999 -35.601492 29.770936
v 27.360002 -35.860313 29.736863
v 43.360000 -36.101492 29.636962
v 27.360001 -36.101494 29.636962
v 43.360000 -36.308598 29.478042
v 27.360001 -36.308600 29.478042
v 43.360000 -36.467517 29.270936
v 27.360002 -36.467519 29.270937
v 43.359999 -36.567418 29.029754
v 27.360001 -36.567420 29.029755
v 43.360000 -36.601492 28.770936
v 43.359997 -36.467518 7.770937
v 43.359998 -36.601492 8.270937
v 43.359999 -36.567418 8.012118
v 43.359998 -36.308599 7.563831
v 43.359999 -36.101492 7.404911
v 43.359998 -35.860311 7.305011
v 43.359998 -35.601492 7.270937
v 43.359997 -25.401492 7.270939
v 43.359996 -24.401492 8.270939
v 43.359998 -24.401492 28.770937
v 43.359998 -25.401492 29.770937
v 43.359998 -25.142673 7.305012
v 43.359997 -24.901492 7.404914
v 43.359997 -24.535467 7.770939
v 43.359997 -24.435566 8.012120
v 43.359998 -24.535466 29.270938
v 43.359998 -24.435566 29.029756
v 43.359998 -24.694385 29.478044
v 43.359999 -24.901492 29.636963
v 43.359998 -25.142673 29.736863
v 43.359999 -35.601492 29.770936
v 27.360000 -24.435568 29.029757
v 43.359998 -24.535466 29.270938
v 43.359998 -24.435566 29.029756
v 27.360000 -24.401494 28.770938
v 27.360000 -24.535469 29.270938
v 43.359998 -24.694385 29.478044
v 27.360000 -24.694388 29.478045
v 43.359999 -24.901492 29.636963
v 27.360000 -24.901495 29.636963
v 43.359998 -25.142673 29.736863
v 27.360001 -25.142676 29.736864
v 43.359998 -25.401492 29.770937
v 27.360000 -25.401495 29.770938
v 27.360000 -36.567420 8.012119
v 43.359997 -36.467518 7.770937
v 43.359999 -36.567418 8.012118
v 27.360000 -36.601494 8.270938
v 27.360000 -36.467520 7.770937
v 43.359998 -36.308599 7.563831
v 27.360000 -36.308601 7.563832
v 43.359999 -36.101492 7.404911
v 27.360000 -36.101495 7.404913
v 43.359998 -35.860311 7.305011
v 27.360000 -35.860313 7.305011
v 43.359998 -35.601492 7.270937
v 27.360000 -35.601494 7.270938
v 27.359999 -25.401494 7.270939
v 43.359998 -25.142673 7.305012
v 43.359997 -25.401492 7.270939
v 27.359999 -25.142676 7.305013
v 43.359997 -24.901492 7.404914
v 27.359999 -24.901495 7.404914
v 43.359998 -24.694386 7.563832
v 27.359999 -24.694388 7.563833
v 43.359997 -24.535467 7.770939
v 27.359999 -24.535469 7.770939
v 43.359997 -24.435566 8.012120
v 27.359998 -24.435569 8.012120
v 43.359996 -24.401492 8.270939
v 27.359999 -30.001495 2.370939
v 27.359999 -30.001495 3.754914
v 24.999999 -30.001495 2.370938
v 16.350002 -32.875955 20.758180
v 16.350002 -33.251414 19.392174
v 16.350002 -33.153157 20.099769
v 16.350003 -32.438517 21.322975
v 16.350002 -31.870361 21.756039
v 16.350002 -31.209829 22.028148
v 16.350002 -30.501496 22.120938
v 16.350002 -29.793163 22.028148
v 16.350002 -29.132631 21.756040
v 16.350002 -28.564475 21.322975
v 16.350002 -28.127036 20.758181
v 16.350001 -27.849835 20.099770
v 20.008821 -33.741226 18.579681
v 20.250001 -33.793989 18.664511
v 20.457108 -33.877922 18.799457
v 20.616027 -33.987307 18.975321
v 20.715927 -34.114687 19.180120
v 20.750001 -34.251384 19.399896
v 20.715927 -26.888303 19.180121
v 20.616027 -27.015683 18.975322
v 20.457108 -27.125068 18.799458
v 20.250001 -27.209001 18.664512
v 20.008820 -27.261764 18.579682
v 19.750001 -27.279760 18.550748
v 19.750001 -27.279760 18.550748
v 16.350001 -27.279761 18.550748
v 19.750001 -27.474574 18.709014
v 16.350001 -27.474574 18.709014
v 19.750001 -27.623840 18.910806
v 16.350002 -27.623841 18.910806
v 19.750001 -27.718155 19.143411
v 16.350001 -27.718156 19.143411
v 19.750001 -27.751577 19.392175
v 16.350001 -27.751578 19.392175
v 19.750002 -33.251413 19.392174
v 20.008820 -27.717504 19.392437
v 20.250001 -27.617607 19.393209
v 20.457108 -27.458693 19.394437
v 20.616026 -27.251592 19.396036
v 20.715926 -27.010419 19.397898
v 20.750001 -26.751607 19.399897
v 19.750002 -33.251413 19.392174
v 16.350002 -33.251414 19.392174
v 19.750002 -33.284835 19.143410
v 16.350002 -33.284836 19.143410
v 19.750002 -33.379151 18.910805
v 16.350002 -33.379151 18.910805
v 19.750002 -33.528417 18.709013
v 16.350001 -33.528417 18.709013
v 19.750002 -33.723230 18.550746
v 16.350002 -33.723231 18.550747
v 19.750000 -25.260651 16.492404
v 20.750002 -36.601495 13.370937
v 20.750002 -36.601495 13.370937
v 19.750000 -27.380031 8.130093
v 20.750000 -24.401495 13.370939
v 20.750000 -24.401495 13.370939
v 19.750001 -35.742340 10.249473
v 20.750002 -36.601495 13.370937
v 20.750000 -30.501495 7.270939
v 20.750000 -30.501495 7.270939
v 20.750000 -24.401495 17.004120
v 20.750001 -26.751607 19.399897
v 20.750001 -34.251384 19.399896
v 20.750002 -36.601495 17.004117
v 19.750001 -27.279760 18.550748
v 16.350001 -27.279761 18.550748
v 19.750002 -33.723230 18.550746
v 25.000002 -25.401495 34.670938
v 25.000001 -30.001494 34.670938
v 27.360000 -25.401494 34.670937
v 27.360000 -30.001494 34.670936
v 25.000000 -25.142676 34.636863
v 25.000001 -24.901495 34.536963
v 25.000001 -24.694388 34.378044
v 25.000001 -24.535469 34.170939
v 25.000001 -24.435569 33.929757
v 25.000001 -30.001494 34.670938
v 25.000000 -24.535469 29.270938
v 25.000001 -25.142676 29.736864
v 27.360002 -35.601494 34.670937
v 27.360001 -31.001494 34.670937
v 25.000002 -35.601494 34.670937
v 25.000001 -31.001494 34.670937
v 27.360000 -24.401494 33.670938
v 25.000001 -24.401495 33.670938
v 25.000001 -24.401495 28.770938
v 20.750001 -24.401495 28.770938
v 20.750000 -24.401495 16.095825
v 20.750000 -24.401496 15.187529
v 20.750000 -24.401495 13.370939
v 20.750000 -24.401496 11.554349
v 20.750000 -24.401495 10.646054
v 20.750000 -24.401495 9.737758
v 20.750000 -24.401496 8.270940
v 24.999998 -24.435569 3.112121
v 24.999998 -24.535469 2.870938
v 24.999999 -24.694388 2.663833
v 24.999999 -24.901495 2.504915
v 24.999999 -29.794388 3.913832
v 24.999999 -29.501495 4.620938
v 24.999999 -24.901495 7.404914
v 24.999999 -24.435569 8.012121
v 24.999999 -24.401495 8.270939
v 24.999998 -25.142676 2.405014
v 25.000002 -36.601494 33.670936
v 27.360002 -36.601494 33.670936
v 20.750002 -36.601495 28.770937
v 20.750002 -36.601495 13.370937
v 20.750001 -36.601495 11.554347
v 20.750001 -36.601495 10.646053
v 20.750001 -36.601495 9.737756
v 20.750001 -36.601495 8.270938
v 27.360001 -36.601494 28.770936
v 43.359999 -35.860310 29.736862
v 43.360000 -36.601492 28.770936
v 43.360000 -36.101492 29.636962
v 43.360000 -36.308598 29.478042
v 43.360000 -36.467517 29.270936
v 43.359999 -36.567418 29.029754
v 43.359998 -24.694386 7.563832
v 25.000001 -35.601494 29.770937
v 20.750002 -35.601495 29.770936
v 25.000002 -35.860313 29.736862
v 20.750002 -35.860313 29.736863
v 25.000002 -36.101494 29.636961
v 20.750003 -36.101495 29.636962
v 25.000001 -36.308601 29.478043
v 20.750002 -36.308601 29.478043
v 25.000002 -36.467520 29.270937
v 20.750002 -36.467520 29.270937
v 25.000002 -36.567420 29.029755
v 20.750003 -36.567421 29.029755
v 25.000002 -36.601494 28.770936
v 20.750002 -36.601495 28.770937
v 43.359998 -24.401492 28.770937
v 43.359999 -35.601492 29.770936
v 43.359998 -25.401492 29.770937
v 27.360002 -35.601494 29.770936
v 27.360000 -25.401495 29.770938
v 25.000001 -24.401495 28.770938
v 20.750001 -24.401495 28.770938
v 25.000000 -24.435569 29.029757
v 20.750002 -24.435570 29.029757
v 25.000000 -24.535469 29.270938
v 20.750001 -24.535470 29.270939
v 25.000001 -24.694388 29.478044
v 20.750001 -24.694389 29.478045
v 25.000001 -24.901494 29.636964
v 20.750001 -24.901495 29.636964
v 25.000001 -25.142676 29.736864
v 20.750002 -25.142676 29.736865
v 25.000001 -25.401495 29.770938
v 20.750001 -25.401495 29.770938
v 43.359998 -36.601492 8.270937
v 27.359999 -24.401494 8.270939
v 25.000000 -36.601495 8.270938
v 20.750001 -36.601495 8.270938
v 25.000000 -36.567421 8.012119
v 20.750001 -36.567421 8.012119
v 25.000001 -36.467520 7.770938
v 20.750001 -36.467521 7.770937
v 25.000000 -36.308601 7.563832
v 20.750001 -36.308602 7.563831
v 25.000000 -36.101494 7.404912
v 20.750001 -36.101495 7.404912
v 25.000000 -35.860313 7.305011
v 20.750001 -35.860314 7.305011
v 25.000000 -35.601494 7.270937
v 20.750001 -35.601495 7.270938
v 20.750001 -35.601495 7.270938
v 20.750001 -34.134676 7.270938
v 25.000000 -35.601494 7.270937
v 20.750000 -33.226381 7.270938
v 20.750001 -32.318086 7.270939
v 20.750000 -30.501495 7.270939
v 24.999999 -25.401495 7.270939
v 20.750000 -28.684905 7.270939
v 20.750000 -27.776610 7.270940
v 20.750000 -26.868315 7.270939
v 20.750000 -25.401496 7.270940
v 20.750001 -36.601495 9.737756
v 20.750001 -35.919694 8.782569
v 20.750001 -36.601495 8.270938
v 20.750001 -36.567421 8.012119
v 20.750001 -36.467521 7.770937
v 20.750001 -36.308602 7.563831
v 20.750001 -35.089863 7.952738
v 20.750001 -36.101495 7.404912
v 20.750001 -35.860314 7.305011
v 20.750001 -35.601495 7.270938
v 20.750001 -34.134676 7.270938
v 24.999999 -25.401495 7.270939
v 20.750000 -25.401496 7.270940
v 24.999999 -25.142676 7.305013
v 20.750000 -25.142677 7.305013
v 24.999999 -24.901495 7.404914
v 20.750000 -24.901496 7.404914
v 24.999999 -24.694388 7.563833
v 20.750000 -24.694389 7.563834
v 24.999999 -24.535469 7.770939
v 20.750000 -24.535470 7.770939
v 24.999999 -24.435569 8.012121
v 20.749999 -24.435570 8.012121
v 24.999999 -24.401495 8.270939
v 20.750000 -24.401496 8.270940
v 20.750000 -26.868315 7.270939
v 20.750000 -25.913127 7.952740
v 20.750000 -25.401496 7.270940
v 20.750000 -25.142677 7.305013
v 20.750000 -24.901496 7.404914
v 20.750000 -24.694389 7.563834
v 20.750000 -25.083297 8.782571
v 20.750000 -24.535470 7.770939
v 20.749999 -24.435570 8.012121
v 20.750000 -24.401496 8.270940
v 20.750000 -24.401495 9.737758
v 27.360001 -31.001494 34.670937
v 27.360001 -31.001494 33.286962
v 25.000001 -31.001494 34.670937
v 25.000001 -31.001494 33.286962
v 25.000001 -31.001494 33.286962
v 27.360001 -31.001494 33.286962
v 25.000001 -31.208601 33.128043
v 27.360001 -31.208601 33.128043
v 25.000001 -31.367520 32.920938
v 27.360001 -31.367519 32.920937
v 25.000002 -31.467420 32.679756
v 27.360001 -31.467420 32.679755
v 25.000002 -31.501494 32.420936
v 27.360002 -31.501494 32.420937
v 25.000001 -31.467420 32.162118
v 27.360001 -31.467420 32.162118
v 25.000002 -31.367520 31.920937
v 27.360001 -31.367519 31.920937
v 25.000002 -31.208601 31.713830
v 27.360001 -31.208601 31.713830
v 25.000002 -31.001494 31.554911
v 27.360001 -31.001494 31.554911
v 25.000001 -30.760313 31.455011
v 27.360001 -30.760313 31.455011
v 25.000001 -30.501494 31.420937
v 27.360001 -30.501494 31.420937
v 25.000001 -30.242675 31.455012
v 27.360001 -30.242675 31.455012
v 25.000001 -30.001494 31.554912
v 27.360001 -30.001494 31.554911
v 25.000002 -29.794388 31.713830
v 27.360001 -29.794387 31.713830
v 25.000001 -29.635469 31.920937
v 27.360001 -29.635469 31.920937
v 25.000001 -29.535569 32.162118
v 27.360001 -29.535568 32.162119
v 25.000002 -29.501494 32.420938
v 27.360001 -29.501494 32.420936
v 25.000001 -29.535569 32.679756
v 27.360001 -29.535568 32.679756
v 25.000001 -29.635469 32.920938
v 27.360001 -29.635469 32.920937
v 25.000002 -29.794388 33.128044
v 27.360001 -29.794387 33.128043
v 25.000002 -30.001494 33.286963
v 27.360002 -30.001494 33.286963
v 27.360002 -30.001494 33.286963
v 27.360000 -30.001494 34.670936
v 25.000002 -30.001494 33.286963
v 25.000001 -30.001494 34.670938
v 24.999999 -30.001495 3.754913
v 27.359999 -30.001495 3.754914
v 24.999999 -29.794388 3.913832
v 27.359999 -29.794388 3.913833
v 24.999999 -29.635469 4.120938
v 27.359999 -29.635469 4.120939
v 25.000000 -29.535569 4.362121
v 27.359999 -29.535569 4.362120
v 24.999999 -29.501495 4.620938
v 27.359999 -29.501494 4.620939
v 24.999999 -29.535569 4.879758
v 27.359999 -29.535569 4.879758
v 25.000000 -29.635469 5.120939
v 27.359999 -29.635469 5.120938
v 24.999999 -29.794388 5.328045
v 27.359999 -29.794388 5.328045
v 24.999999 -30.001495 5.486964
v 27.359999 -30.001494 5.486964
v 25.000000 -30.242676 5.586865
v 27.359999 -30.242675 5.586864
v 25.000000 -30.501495 5.620939
v 27.360000 -30.501494 5.620939
v 25.000000 -30.760314 5.586864
v 27.360000 -30.760314 5.586865
v 24.999999 -31.001495 5.486964
v 27.359999 -31.001494 5.486965
v 25.000000 -31.208602 5.328045
v 27.359999 -31.208601 5.328046
v 24.999999 -31.367520 5.120938
v 27.359999 -31.367520 5.120938
v 24.999999 -31.467421 4.879757
v 27.359999 -31.467420 4.879757
v 25.000000 -31.501495 4.620939
v 27.359999 -31.501494 4.620938
v 25.000000 -31.467421 4.362120
v 27.359999 -31.467420 4.362120
v 24.999999 -31.367520 4.120938
v 27.360000 -31.367520 4.120938
v 25.000000 -31.208602 3.913832
v 27.359999 -31.208601 3.913832
v 24.999999 -31.001495 3.754913
v 27.359999 -31.001495 3.754913
v 24.999999 -30.001495 3.754913
v 27.359999 -31.001495 3.754913
v 27.359999 -31.001495 2.370939
v 24.999999 -31.001495 3.754913
v 24.999999 -31.001495 2.370938
v 27.359998 -25.142676 2.405014
v 27.359998 -24.901494 2.504914
v 27.359998 -25.401495 2.370940
v 27.359998 -24.694388 2.663834
v 27.359998 -24.535469 2.870939
v 27.359998 -24.435569 3.112121
v 27.359999 -24.401494 3.370941
v 27.359999 -29.794388 3.913833
v 27.359999 -30.001495 3.754914
v 27.359999 -30.001495 2.370939
v 27.359998 -24.435569 8.012120
v 27.359999 -24.535469 7.770939
v 27.359999 -24.694388 7.563833
v 27.359999 -24.901495 7.404914
v 27.359999 -25.142676 7.305013
v 27.359999 -25.401494 7.270939
v 27.359999 -29.635469 4.120939
v 27.359999 -29.535569 4.362120
v 27.359999 -29.501494 4.620939
v 27.359999 -29.535569 4.879758
v 27.359999 -29.635469 5.120938
v 27.359999 -29.794388 5.328045
v 27.359999 -30.001494 5.486964
v 27.359999 -30.242675 5.586864
v 27.360000 -30.501494 5.620939
v 27.360000 -35.601494 7.270938
v 27.360000 -30.760314 5.586865
v 27.360000 -35.860313 7.305011
v 27.360000 -36.601495 3.370938
v 27.359999 -31.001494 5.486965
v 27.359999 -31.208601 5.328046
v 27.359999 -31.367520 5.120938
v 27.359999 -31.467420 4.879757
v 27.359999 -31.501494 4.620938
v 27.360000 -36.101495 7.404913
v 27.360000 -36.308601 7.563832
v 27.360000 -36.467520 7.770937
v 27.360000 -36.567420 8.012119
v 27.360000 -36.601494 8.270938
v 27.360000 -36.567420 3.112119
v 27.360000 -35.601494 2.370938
v 27.359999 -31.467420 4.362120
v 27.360000 -31.367520 4.120938
v 27.359999 -31.208601 3.913832
v 27.359999 -31.001495 3.754913
v 27.360000 -36.467520 2.870938
v 27.360000 -36.308601 2.663831
v 27.359999 -36.101494 2.504912
v 27.360000 -35.860313 2.405013
v 27.359999 -31.001495 2.370939
v 27.359999 -24.401494 8.270939
v 27.359998 -25.401495 2.370940
v 27.359999 -30.001495 2.370939
v 24.999999 -25.401495 2.370939
v 24.999999 -30.001495 2.370938
v 16.350001 -26.162165 17.658153
v 16.350001 -26.548276 8.725291
v 16.350001 -27.279761 18.550748
v 16.350001 -25.575171 9.773533
v 16.350001 -27.738723 7.932457
v 16.350000 -29.081063 7.438624
v 16.350001 -30.501496 7.270939
v 16.350002 -31.921929 7.438624
v 16.350002 -33.264269 7.932457
v 16.350002 -34.454716 8.725289
v 16.350001 -35.427821 9.773532
v 16.350002 -36.130084 11.019555
v 16.350002 -36.522896 12.394855
v 16.350003 -36.584661 13.823817
v 16.350001 -36.311983 15.227880
v 16.350002 -35.719854 16.529852
v 16.350002 -34.840827 17.658151
v 16.350002 -33.723231 18.550747
v 16.350001 -27.474574 18.709014
v 16.350000 -25.283138 16.529854
v 16.350001 -24.872908 11.019558
v 16.350001 -24.691009 15.227881
v 16.350000 -24.480096 12.394856
v 16.350001 -24.418331 13.823818
v 16.350001 -33.528417 18.709013
v 16.350002 -27.623841 18.910806
v 16.350002 -33.379151 18.910805
v 16.350001 -27.718156 19.143411
v 16.350002 -33.284836 19.143410
v 16.350001 -27.751578 19.392175
v 19.750001 -27.751577 19.392175
v 16.350001 -27.751578 19.392175
v 19.750001 -27.849835 20.099770
v 16.350001 -27.849835 20.099770
v 19.750001 -28.127036 20.758181
v 16.350002 -28.127036 20.758181
v 19.750001 -28.564474 21.322976
v 16.350002 -28.564475 21.322975
v 19.750002 -29.132630 21.756039
v 16.350002 -29.132631 21.756040
v 19.750001 -29.793162 22.028148
v 16.350002 -29.793163 22.028148
v 19.750002 -30.501495 22.120938
v 16.350002 -30.501496 22.120938
v 19.750002 -31.209828 22.028148
v 16.350002 -31.209829 22.028148
v 19.750002 -31.870360 21.756039
v 16.350002 -31.870361 21.756039
v 19.750002 -32.438516 21.322975
v 16.350003 -32.438517 21.322975
v 19.750003 -32.875955 20.758180
v 16.350002 -32.875955 20.758180
v 19.750002 -33.153156 20.099769
v 16.350002 -33.153157 20.099769
v 19.750002 -33.251413 19.392174
v 16.350002 -33.251414 19.392174
v 25.000001 -35.601494 29.770937
v 25.000001 -25.401495 29.770938
v 20.750002 -35.601495 29.770936
v 20.750001 -25.401495 29.770938
v 27.360000 -24.435568 33.929756
v 27.360000 -25.401494 34.670937
v 27.360000 -24.401494 33.670938
v 27.360000 -24.535469 34.170938
v 27.360001 -24.694388 34.378045
v 27.360001 -24.901494 34.536963
v 27.360002 -30.001494 33.286963
v 27.360001 -29.794387 33.128043
v 27.360001 -29.635469 32.920937
v 27.360001 -29.535568 32.679756
v 27.360001 -29.501494 32.420936
v 27.360001 -29.535568 32.162119
v 27.360000 -25.401495 29.770938
v 27.360001 -25.142676 29.736864
v 27.360000 -24.901495 29.636963
v 27.360000 -24.694388 29.478045
v 27.360000 -24.535469 29.270938
v 27.360000 -24.435568 29.029757
v 27.360000 -24.401494 28.770938
v 27.360000 -25.142675 34.636863
v 27.360000 -30.001494 34.670936
v 27.360001 -29.635469 31.920937
v 27.360001 -29.794387 31.713830
v 27.360001 -30.001494 31.554911
v 27.360001 -30.242675 31.455012
v 27.360001 -30.501494 31.420937
v 27.360002 -35.601494 29.770936
v 27.360001 -30.760313 31.455011
v 27.360001 -31.001494 31.554911
v 27.360001 -31.208601 31.713830
v 27.360001 -31.367519 31.920937
v 27.360001 -31.467420 32.162118
v 27.360002 -36.601494 33.670936
v 27.360002 -31.501494 32.420937
v 27.360001 -31.467420 32.679755
v 27.360001 -31.367519 32.920937
v 27.360001 -31.208601 33.128043
v 27.360002 -35.601494 34.670937
v 27.360001 -36.567420 29.029755
v 27.360002 -36.467519 29.270937
v 27.360001 -36.308600 29.478042
v 27.360001 -36.101494 29.636962
v 27.360002 -35.860313 29.736863
v 27.360001 -31.001494 33.286962
v 27.360001 -31.001494 34.670937
v 27.360002 -36.101494 34.536961
v 27.360001 -36.308601 34.378042
v 27.360002 -36.467520 34.170936
v 27.360002 -36.567420 33.929755
v 27.360001 -35.860313 34.636861
v 27.360001 -36.601494 28.770936
v 25.000000 -35.601495 2.370938
v 24.999999 -31.001495 2.370938
v 27.360000 -35.601494 2.370938
v 27.359999 -31.001495 2.370939
v 27.360000 -35.601494 7.270938
v 27.359999 -25.401494 7.270939
v 43.359998 -35.601492 7.270937
v 43.359997 -25.401492 7.270939
v 13.590001 -30.126051 11.000486
v 13.590001 -30.501493 10.970938
v 13.090001 -30.501493 11.470938
v 13.090001 -30.171562 11.499804
v 13.590001 -29.759852 11.088403
v 13.090001 -29.851655 11.585522
v 13.590001 -29.411916 11.232523
v 13.090001 -29.551493 11.725490
v 13.590001 -29.090809 11.429298
v 13.090001 -29.280197 11.915454
v 13.590001 -28.804437 11.673882
v 13.090001 -29.046009 12.149642
v 13.590001 -28.559853 11.960254
v 13.090001 -28.856045 12.420939
v 13.590001 -28.363078 12.281361
v 13.090001 -28.716077 12.721100
v 13.590001 -28.218958 12.629298
v 13.090001 -28.630359 13.041007
v 13.590001 -28.131041 12.995496
v 13.090001 -28.601493 13.370939
v 13.590001 -28.131041 13.746381
v 13.590001 -28.101493 13.370939
v 13.090001 -28.630359 13.700870
v 13.590001 -28.218958 14.112580
v 13.090001 -28.716077 14.020777
v 13.590001 -28.363078 14.460516
v 13.090001 -28.856045 14.320939
v 13.590001 -28.559853 14.781623
v 13.090001 -29.046009 14.592235
v 13.590001 -28.804437 15.067995
v 13.090001 -29.280197 14.826423
v 13.590001 -29.090809 15.312579
v 13.090001 -29.551494 15.016387
v 13.590001 -29.411916 15.509354
v 13.090001 -29.851655 15.156355
v 13.590001 -29.759853 15.653474
v 13.090001 -30.171562 15.242073
v 13.590001 -30.126051 15.741391
v 13.090001 -30.501494 15.270939
v 13.590001 -30.876936 15.741391
v 13.590001 -30.501494 15.770938
v 13.090001 -30.831425 15.242073
v 13.590001 -31.243135 15.653474
v 13.090001 -31.151332 15.156355
v 13.590001 -31.591071 15.509354
v 13.090001 -31.451494 15.016387
v 13.590001 -31.912178 15.312579
v 13.090001 -31.722790 14.826423
v 13.590001 -32.198550 15.067995
v 13.090001 -31.956978 14.592235
v 13.590001 -32.443135 14.781623
v 13.090001 -32.146942 14.320938
v 13.590001 -32.639910 14.460515
v 13.090001 -32.286910 14.020777
v 13.590001 -32.784029 14.112579
v 13.090001 -32.372629 13.700870
v 13.590001 -32.871946 13.746381
v 13.090001 -32.401494 13.370938
v 13.590001 -32.871946 12.995495
v 13.590001 -32.901494 13.370938
v 13.090001 -32.372628 13.041007
v 13.590001 -32.784029 12.629297
v 13.090001 -32.286910 12.721100
v 13.590001 -32.639909 12.281361
v 13.090001 -32.146942 12.420938
v 13.590001 -32.443134 11.960254
v 13.090001 -31.956978 12.149642
v 13.590001 -32.198550 11.673882
v 13.090001 -31.722790 11.915454
v 13.590001 -31.912178 11.429297
v 13.090001 -31.451493 11.725490
v 13.590001 -31.591071 11.232522
v 13.090001 -31.151332 11.585522
v 13.590001 -31.243134 11.088403
v 13.090001 -30.831425 11.499803
v 13.590001 -30.876936 11.000486
v 16.350001 -30.501493 10.970938
v 13.590001 -30.876936 11.000486
v 13.590001 -30.501493 10.970938
v 16.350001 -30.876936 11.000486
v 13.590001 -31.243134 11.088403
v 16.350001 -31.243134 11.088402
v 13.590001 -31.591071 11.232522
v 16.350001 -31.591070 11.232522
v 13.590001 -31.912178 11.429297
v 16.350001 -31.912178 11.429297
v 13.590001 -32.198550 11.673882
v 16.350001 -32.198550 11.673881
v 13.590001 -32.443134 11.960254
v 16.350001 -32.443134 11.960253
v 13.590001 -32.639909 12.281361
v 16.350001 -32.639909 12.281361
v 13.590001 -32.784029 12.629297
v 16.350001 -32.784029 12.629297
v 13.590001 -32.871946 12.995495
v 16.350002 -32.871945 12.995495
v 13.590001 -32.901494 13.370938
v 16.350002 -32.901493 13.370938
v 13.590001 -32.871946 13.746381
v 16.350002 -32.871946 13.746381
v 13.590001 -32.784029 14.112579
v 16.350002 -32.784029 14.112579
v 13.590001 -32.639910 14.460515
v 16.350002 -32.639909 14.460515
v 13.590001 -32.443135 14.781623
v 16.350002 -32.443134 14.781623
v 13.590001 -32.198550 15.067995
v 16.350002 -32.198550 15.067994
v 13.590001 -31.912178 15.312579
v 16.350002 -31.912178 15.312579
v 13.590001 -31.591071 15.509354
v 16.350002 -31.591071 15.509354
v 13.590001 -31.243135 15.653474
v 16.350002 -31.243134 15.653474
v 13.590001 -30.876936 15.741391
v 16.350002 -30.876936 15.741390
v 13.590001 -30.501494 15.770938
v 16.350001 -30.501494 15.770938
v 13.590001 -30.126051 15.741391
v 16.350001 -30.126051 15.741390
v 13.590001 -29.759853 15.653474
v 16.350001 -29.759853 15.653474
v 13.590001 -29.411916 15.509354
v 16.350001 -29.411916 15.509354
v 13.590001 -29.090809 15.312579
v 16.350001 -29.090809 15.312579
v 13.590001 -28.804437 15.067995
v 16.350001 -28.804437 15.067995
v 13.590001 -28.559853 14.781623
v 16.350001 -28.559853 14.781623
v 13.590001 -28.363078 14.460516
v 16.350001 -28.363078 14.460516
v 13.590001 -28.218958 14.112580
v 16.350001 -28.218958 14.112579
v 13.590001 -28.131041 13.746381
v 16.350001 -28.131041 13.746381
v 13.590001 -28.101493 13.370939
v 16.350001 -28.101493 13.370938
v 13.590001 -28.131041 12.995496
v 16.350001 -28.131041 12.995496
v 13.590001 -28.218958 12.629298
v 16.350001 -28.218958 12.629298
v 13.590001 -28.363078 12.281361
v 16.350001 -28.363077 12.281361
v 13.590001 -28.559853 11.960254
v 16.350001 -28.559852 11.960254
v 13.590001 -28.804437 11.673882
v 16.350001 -28.804437 11.673882
v 13.590001 -29.090809 11.429298
v 16.350001 -29.090809 11.429297
v 13.590001 -29.411916 11.232523
v 16.350001 -29.411916 11.232522
v 13.590001 -29.759852 11.088403
v 16.350001 -29.759852 11.088402
v 13.590001 -30.126051 11.000486
v 16.350001 -30.126050 11.000486
v 13.590001 -30.501493 10.970938
v 13.090001 -30.501493 11.470938
v 13.590001 -30.501493 10.970938
v 16.350001 -30.501493 10.970938
v 13.090001 -30.501493 11.470938
v 13.090001 -30.831425 11.499803
v 13.090001 -30.171562 11.499804
v 13.090001 -29.851655 11.585522
v 13.090001 -31.151332 11.585522
v 13.090001 -29.551493 11.725490
v 13.090001 -31.451493 11.725490
v 13.090001 -29.280197 11.915454
v 13.090001 -31.722790 11.915454
v 13.090001 -29.046009 12.149642
v 13.090001 -31.956978 12.149642
v 13.090001 -28.856045 12.420939
v 13.090001 -32.146942 12.420938
v 13.090001 -28.716077 12.721100
v 13.090001 -32.286910 12.721100
v 13.090001 -28.630359 13.041007
v 13.090001 -32.372628 13.041007
v 13.090001 -28.601493 13.370939
v 13.090001 -32.401494 13.370938
v 13.090001 -28.630359 13.700870
v 13.090001 -32.372629 13.700870
v 13.090001 -28.716077 14.020777
v 13.090001 -32.286910 14.020777
v 13.090001 -28.856045 14.320939
v 13.090001 -32.146942 14.320938
v 13.090001 -29.046009 14.592235
v 13.090001 -31.956978 14.592235
v 13.090001 -29.280197 14.826423
v 13.090001 -31.722790 14.826423
v 13.090001 -29.551494 15.016387
v 13.090001 -31.451494 15.016387
v 13.090001 -29.851655 15.156355
v 13.090001 -31.151332 15.156355
v 13.090001 -30.171562 15.242073
v 13.090001 -30.831425 15.242073
v 13.090001 -30.501494 15.270939
v 16.350001 -30.501493 10.970938
v 16.350001 -30.126050 11.000486
v 16.350001 -30.876936 11.000486
v 16.350001 -31.243134 11.088402
v 16.350001 -29.759852 11.088402
v 16.350001 -31.591070 11.232522
v 16.350001 -29.411916 11.232522
v 16.350001 -31.912178 11.429297
v 16.350001 -29.090809 11.429297
v 16.350001 -32.198550 11.673881
v 16.350001 -28.804437 11.673882
v 16.350001 -32.443134 11.960253
v 16.350001 -28.559852 11.960254
v 16.350001 -32.639909 12.281361
v 16.350001 -28.363077 12.281361
v 16.350001 -32.784029 12.629297
v 16.350001 -28.218958 12.629298
v 16.350002 -32.871945 12.995495
v 16.350001 -28.131041 12.995496
v 16.350002 -32.901493 13.370938
v 16.350001 -28.101493 13.370938
v 16.350002 -32.871946 13.746381
v 16.350001 -28.131041 13.746381
v 16.350002 -32.784029 14.112579
v 16.350001 -28.218958 14.112579
v 16.350002 -32.639909 14.460515
v 16.350001 -28.363078 14.460516
v 16.350002 -32.443134 14.781623
v 16.350001 -28.559853 14.781623
v 16.350002 -32.198550 15.067994
v 16.350001 -28.804437 15.067995
v 16.350002 -31.912178 15.312579
v 16.350001 -29.090809 15.312579
v 16.350002 -31.591071 15.509354
v 16.350001 -29.411916 15.509354
v 16.350002 -31.243134 15.653474
v 16.350001 -29.759853 15.653474
v 16.350002 -30.876936 15.741390
v 16.350001 -30.126051 15.741390
v 16.350001 -30.501494 15.770938
v 38.060002 -31.126492 7.270940
v 38.060001 -31.126491 -1.729060
v 38.221764 -31.105196 7.270940
v 37.898239 -31.105195 -1.729060
v 38.060001 -29.876491 -1.729060
v 37.898240 -29.897788 7.270940
v 38.060002 -29.876492 7.270940
v 37.898239 -29.897788 -1.729060
v 37.747502 -29.960226 7.270940
v 37.747501 -29.960225 -1.729060
v 37.618060 -30.059550 7.270940
v 37.618059 -30.059549 -1.729060
v 37.518736 -30.188992 7.270940
v 37.518735 -30.188991 -1.729060
v 37.456298 -30.339730 7.270940
v 37.456297 -30.339729 -1.729060
v 37.435002 -30.501492 7.270940
v 37.435001 -30.501491 -1.729060
v 37.456298 -30.663254 7.270940
v 37.456297 -30.663253 -1.729060
v 37.518736 -30.813992 7.270940
v 37.518735 -30.813991 -1.729060
v 37.618060 -30.943434 7.270940
v 37.618059 -30.943433 -1.729060
v 37.747502 -31.042758 7.270940
v 37.747501 -31.042757 -1.729060
v 37.898240 -31.105196 7.270940
v 38.221763 -29.897788 7.270940
v 38.372501 -29.960225 -1.729060
v 38.221763 -29.897788 -1.729060
v 38.060002 -29.876492 7.270940
v 38.372502 -29.960226 7.270940
v 38.501943 -30.059549 -1.729060
v 38.501943 -30.059550 7.270940
v 38.601267 -30.188991 -1.729060
v 38.601267 -30.188992 7.270940
v 38.663705 -30.339729 -1.729060
v 38.663705 -30.339730 7.270940
v 38.685001 -30.501491 -1.729060
v 38.685002 -30.501492 7.270940
v 38.663705 -30.663253 -1.729060
v 38.663705 -30.663254 7.270940
v 38.601267 -30.813991 -1.729060
v 38.601268 -30.813992 7.270940
v 38.501943 -30.943433 -1.729060
v 38.501943 -30.943434 7.270940
v 38.372501 -31.042757 -1.729060
v 38.372502 -31.042758 7.270940
v 38.221763 -31.105195 -1.729060
v 38.060001 -31.126491 -1.729060
v 38.060001 -29.876491 -1.729060
v 38.221763 -29.897788 -1.729060
v 38.221763 -31.105195 -1.729060
v 38.060001 -29.876491 -1.729060
v 38.372501 -31.042757 -1.729060
v 38.060001 -31.126491 -1.729060
v 37.898239 -29.897788 -1.729060
v 37.898239 -31.105195 -1.729060
v 37.747501 -29.960225 -1.729060
v 37.747501 -31.042757 -1.729060
v 37.618059 -30.059549 -1.729060
v 37.618059 -30.943433 -1.729060
v 37.518735 -30.188991 -1.729060
v 37.518735 -30.813991 -1.729060
v 37.456297 -30.339729 -1.729060
v 37.456297 -30.663253 -1.729060
v 37.435001 -30.501491 -1.729060
v 38.372501 -29.960225 -1.729060
v 38.501943 -30.943433 -1.729060
v 38.501943 -30.059549 -1.729060
v 38.601267 -30.813991 -1.729060
v 38.601267 -30.188991 -1.729060
v 38.663705 -30.663253 -1.729060
v 38.663705 -30.339729 -1.729060
v 38.685001 -30.501491 -1.729060
v 38.060001 -31.126491 -1.729060
v 38.060002 -31.126492 7.270940
v 38.221763 -31.147788 -1.729060
v 37.898240 -31.147788 7.270940
v 37.898239 -31.147788 -1.729060
v 37.747502 -31.210226 7.270940
v 37.747501 -31.210225 -1.729060
v 37.618060 -31.309550 7.270940
v 37.618059 -31.309549 -1.729060
v 37.518736 -31.438992 7.270940
v 37.518735 -31.438991 -1.729060
v 37.456298 -31.589730 7.270940
v 37.456297 -31.589729 -1.729060
v 37.435002 -31.751492 7.270940
v 37.435001 -31.751491 -1.729060
v 37.456298 -31.913254 7.270940
v 37.456297 -31.913253 -1.729060
v 37.518736 -32.063992 7.270940
v 37.518735 -32.063991 -1.729060
v 37.618060 -32.193434 7.270940
v 37.618059 -32.193433 -1.729060
v 37.747502 -32.292758 7.270940
v 37.747501 -32.292757 -1.729060
v 37.898240 -32.355196 7.270940
v 37.898239 -32.355195 -1.729060
v 38.060002 -32.376492 7.270940
v 38.060001 -32.376491 -1.729060
v 38.221764 -32.355196 7.270940
v 38.060002 -32.376492 7.270940
v 38.221763 -32.355195 -1.729060
v 38.372502 -32.292758 7.270940
v 38.372501 -32.292757 -1.729060
v 38.501943 -32.193434 7.270940
v 38.501943 -32.193433 -1.729060
v 38.601268 -32.063992 7.270940
v 38.601267 -32.063991 -1.729060
v 38.663705 -31.913254 7.270940
v 38.663705 -31.913253 -1.729060
v 38.685002 -31.751492 7.270940
v 38.685001 -31.751491 -1.729060
v 38.663705 -31.589730 7.270940
v 38.663705 -31.589729 -1.729060
v 38.601267 -31.438992 7.270940
v 38.601267 -31.438991 -1.729060
v 38.501943 -31.309550 7.270940
v 38.501943 -31.309549 -1.729060
v 38.372502 -31.210226 7.270940
v 38.372501 -31.210225 -1.729060
v 38.221763 -31.147788 7.270940
v 38.060001 -32.376491 -1.729060
v 38.221763 -31.147788 -1.729060
v 38.221763 -32.355195 -1.729060
v 38.060001 -31.126491 -1.729060
v 38.372501 -32.292757 -1.729060
v 38.060001 -32.376491 -1.729060
v 37.898239 -31.147788 -1.729060
v 37.898239 -32.355195 -1.729060
v 37.747501 -31.210225 -1.729060
v 37.747501 -32.292757 -1.729060
v 37.618059 -31.309549 -1.729060
v 37.618059 -32.193433 -1.729060
v 37.518735 -31.438991 -1.729060
v 37.518735 -32.063991 -1.729060
v 37.456297 -31.589729 -1.729060
v 37.456297 -31.913253 -1.729060
v 37.435001 -31.751491 -1.729060
v 38.372501 -31.210225 -1.729060
v 38.501943 -32.193433 -1.729060
v 38.501943 -31.309549 -1.729060
v 38.601267 -32.063991 -1.729060
v 38.601267 -31.438991 -1.729060
v 38.663705 -31.913253 -1.729060
v 38.663705 -31.589729 -1.729060
v 38.685001 -31.751491 -1.729060
v 38.060001 -29.876491 -1.729060
v 38.060001 -29.876492 7.270940
v 37.898239 -29.855195 -1.729060
v 38.221763 -29.855195 -1.729060
v 38.372501 -29.792758 7.270940
v 38.221763 -29.855196 7.270940
v 38.060001 -29.876491 -1.729060
v 38.372501 -29.792757 -1.729060
v 38.501943 -29.693434 7.270940
v 38.501943 -29.693433 -1.729060
v 38.601267 -29.563992 7.270940
v 38.601267 -29.563991 -1.729060
v 38.663705 -29.413254 7.270940
v 38.663704 -29.413253 -1.729060
v 38.685001 -29.251492 7.270940
v 38.685001 -29.251491 -1.729060
v 38.663705 -29.089730 7.270940
v 38.663704 -29.089729 -1.729060
v 38.601267 -28.938992 7.270940
v 38.601267 -28.938991 -1.729060
v 38.501943 -28.809550 7.270940
v 38.501942 -28.809549 -1.729060
v 38.372501 -28.710226 7.270940
v 38.372501 -28.710225 -1.729060
v 38.221763 -28.647788 7.270940
v 38.221763 -28.647788 -1.729060
v 38.060001 -28.626492 7.270940
v 38.060001 -28.626491 -1.729060
v 37.898239 -28.647788 7.270940
v 37.898239 -28.647788 -1.729060
v 37.747501 -28.710226 7.270940
v 37.747501 -28.710225 -1.729060
v 37.618059 -28.809550 7.270940
v 37.618059 -28.809549 -1.729060
v 37.518735 -28.938992 7.270940
v 37.518735 -28.938991 -1.729060
v 37.456298 -29.089730 7.270940
v 37.456297 -29.089729 -1.729060
v 37.435001 -29.251492 7.270940
v 37.435001 -29.251491 -1.729060
v 37.456298 -29.413254 7.270940
v 37.456297 -29.413253 -1.729060
v 37.518735 -29.563992 7.270940
v 37.518735 -29.563991 -1.729060
v 37.618060 -29.693434 7.270940
v 37.618059 -29.693433 -1.729060
v 37.747501 -29.792758 7.270940
v 37.747501 -29.792757 -1.729060
v 37.898239 -29.855196 7.270940
v 38.060001 -29.876492 7.270940
v 37.898239 -29.855195 -1.729060
v 37.898239 -28.647788 -1.729060
v 38.060001 -29.876491 -1.729060
v 37.747501 -28.710225 -1.729060
v 38.060001 -28.626491 -1.729060
v 38.221763 -29.855195 -1.729060
v 38.221763 -28.647788 -1.729060
v 38.372501 -29.792757 -1.729060
v 38.372501 -28.710225 -1.729060
v 38.501943 -29.693433 -1.729060
v 38.501942 -28.809549 -1.729060
v 38.601267 -29.563991 -1.729060
v 38.601267 -28.938991 -1.729060
v 38.663704 -29.413253 -1.729060
v 38.663704 -29.089729 -1.729060
v 38.685001 -29.251491 -1.729060
v 37.747501 -29.792757 -1.729060
v 37.618059 -28.809549 -1.729060
v 37.618059 -29.693433 -1.729060
v 37.518735 -28.938991 -1.729060
v 37.518735 -29.563991 -1.729060
v 37.456297 -29.089729 -1.729060
v 37.456297 -29.413253 -1.729060
v 37.435001 -29.251491 -1.729060
v 38.060002 -31.126492 7.270940
v 37.898240 -31.147788 7.270940
v 37.747502 -31.210226 7.270940
v 37.618060 -31.309550 7.270940
v 37.518736 -31.438992 7.270940
v 37.456298 -31.589730 7.270940
v 37.435002 -31.751492 7.270940
v 37.456298 -31.913254 7.270940
v 37.518736 -32.063992 7.270940
v 37.618060 -32.193434 7.270940
v 37.747502 -32.292758 7.270940
v 37.898240 -32.355196 7.270940
v 38.060002 -32.376492 7.270940
v 38.221763 -32.355196 7.270940
v 38.372502 -32.292758 7.270940
v 38.501943 -32.193434 7.270940
v 38.601267 -32.063992 7.270940
v 38.663705 -31.913254 7.270940
v 38.685002 -31.751492 7.270940
v 38.663705 -31.589730 7.270940
v 38.601267 -31.438992 7.270940
v 38.501943 -31.309550 7.270940
v 38.372502 -31.210226 7.270940
v 38.221763 -31.147788 7.270940
v 38.060001 -31.126491 -1.729061
v 38.221762 -31.147787 -1.729061
v 38.372501 -31.210225 -1.729061
v 38.501942 -31.309549 -1.729061
v 38.601266 -31.438991 -1.729061
v 38.663705 -31.589729 -1.729061
v 38.685002 -31.751491 -1.729061
v 38.663705 -31.913253 -1.729061
v 38.601267 -32.063991 -1.729061
v 38.501943 -32.193433 -1.729061
v 38.372502 -32.292757 -1.729061
v 38.221763 -32.355195 -1.729061
v 38.060002 -32.376491 -1.729061
v 37.898239 -32.355195 -1.729061
v 37.747502 -32.292757 -1.729061
v 37.618059 -32.193433 -1.729061
v 37.518735 -32.063991 -1.729061
v 37.456297 -31.913253 -1.729061
v 37.435001 -31.751491 -1.729061
v 37.456297 -31.589729 -1.729061
v 37.518735 -31.438991 -1.729061
v 37.618059 -31.309549 -1.729061
v 37.747501 -31.210225 -1.729061
v 37.898239 -31.147787 -1.729061
v 37.898240 -29.897788 7.270940
v 37.747502 -29.960226 7.270940
v 37.618060 -30.059550 7.270940
v 37.518736 -30.188992 7.270940
v 37.456297 -30.339730 7.270940
v 37.435002 -30.501492 7.270940
v 37.456297 -30.663254 7.270940
v 37.518736 -30.813992 7.270940
v 37.618060 -30.943434 7.270940
v 37.747502 -31.042758 7.270940
v 37.898240 -31.105196 7.270940
v 37.898239 -31.105195 -1.729061
v 37.747501 -31.042757 -1.729061
v 37.618059 -30.943433 -1.729061
v 37.518735 -30.813991 -1.729061
v 37.456297 -30.663253 -1.729061
v 37.435001 -30.501491 -1.729061
v 37.456297 -30.339729 -1.729061
v 37.518735 -30.188991 -1.729061
v 37.618059 -30.059549 -1.729061
v 37.747501 -29.960225 -1.729061
v 37.898239 -29.897788 -1.729061
v 38.221762 -29.897788 -1.729061
v 38.372501 -29.960225 -1.729061
v 38.501942 -30.059549 -1.729061
v 38.601266 -30.188991 -1.729061
v 38.663705 -30.339729 -1.729061
v 38.685001 -30.501491 -1.729061
v 38.663705 -30.663253 -1.729061
v 38.601266 -30.813991 -1.729061
v 38.501942 -30.943433 -1.729061
v 38.372501 -31.042757 -1.729061
v 38.221762 -31.105195 -1.729061
v 38.221763 -31.105195 7.270940
v 38.372502 -31.042758 7.270940
v 38.501943 -30.943434 7.270940
v 38.601267 -30.813992 7.270940
v 38.663705 -30.663254 7.270940
v 38.685002 -30.501492 7.270940
v 38.663705 -30.339730 7.270940
v 38.601267 -30.188992 7.270940
v 38.501943 -30.059550 7.270940
v 38.372502 -29.960226 7.270940
v 38.221763 -29.897788 7.270940
v 38.060001 -31.126492 7.270940
v 37.898240 -32.355195 7.270940
v 38.060002 -32.376492 7.270940
v 38.221763 -31.147788 7.270940
v 38.221763 -32.355195 7.270940
v 38.372501 -31.210226 7.270940
v 38.372502 -32.292757 7.270940
v 38.501943 -31.309550 7.270940
v 38.501943 -32.193433 7.270940
v 38.601267 -31.438992 7.270940
v 38.601267 -32.063991 7.270940
v 38.663705 -31.589730 7.270940
v 38.663705 -31.913253 7.270940
v 38.685001 -31.751492 7.270940
v 37.898240 -31.147788 7.270940
v 37.747502 -32.292757 7.270940
v 37.747501 -31.210226 7.270940
v 37.618060 -32.193433 7.270940
v 37.618060 -31.309550 7.270940
v 37.518736 -32.063992 7.270940
v 37.518736 -31.438992 7.270940
v 37.456298 -31.913254 7.270940
v 37.456298 -31.589730 7.270940
v 37.435001 -31.751492 7.270940
v 37.898240 -31.105195 7.270940
v 37.898239 -29.897788 7.270940
v 37.747501 -31.042757 7.270940
v 37.747501 -29.960226 7.270940
v 37.618060 -30.943433 7.270940
v 37.618060 -30.059550 7.270940
v 37.518736 -30.813992 7.270940
v 37.518735 -30.188992 7.270940
v 37.456298 -30.663253 7.270940
v 37.456298 -30.339730 7.270940
v 37.435001 -30.501492 7.270940
v 38.060001 -29.876492 7.270940
v 38.060001 -31.126492 7.270940
v 38.221763 -29.897788 7.270940
v 38.221763 -31.105195 7.270940
v 38.372501 -29.960226 7.270940
v 38.372501 -31.042757 7.270940
v 38.501943 -30.059550 7.270940
v 38.501943 -30.943433 7.270940
v 38.601267 -30.188992 7.270940
v 38.601267 -30.813992 7.270940
v 38.663705 -30.339730 7.270940
v 38.663705 -30.663253 7.270940
v 38.685001 -30.501492 7.270940
v 37.898239 -29.855195 7.270940
v 38.060001 -28.626492 7.270940
v 37.898239 -28.647788 7.270940
v 37.747501 -29.792757 7.270940
v 37.747501 -28.710226 7.270940
v 37.618060 -29.693433 7.270940
v 37.618059 -28.809550 7.270940
v 37.518735 -29.563992 7.270940
v 37.518735 -28.938992 7.270940
v 37.456298 -29.413254 7.270940
v 37.456298 -29.089730 7.270940
v 37.435001 -29.251492 7.270940
v 38.221763 -28.647788 7.270940
v 38.221763 -29.855195 7.270940
v 38.372501 -28.710226 7.270940
v 38.372501 -29.792757 7.270940
v 38.501943 -28.809550 7.270940
v 38.501943 -29.693433 7.270940
v 38.601267 -28.938992 7.270940
v 38.601267 -29.563992 7.270940
v 38.663705 -29.089730 7.270940
v 38.663705 -29.413253 7.270940
v 38.685001 -29.251491 7.270940
v 38.060001 -29.876492 7.270940
f 1 2 3
f 1 22 21
f 1 23 22
f 1 3 23
f 2 26 3
f 2 27 26
f 3 26 23
f 4 5 6
f 4 6 7
f 4 8 5
f 4 7 28
f 5 8 29
f 5 30 6
f 5 29 30
f 6 24 7
f 6 25 24
f 6 30 25
f 7 27 28
f 7 24 26
f 7 26 27
f 8 31 29
f 9 10 11
f 9 32 31
f 9 15 32
f 9 11 15
f 10 12 11
f 10 13 12
f 11 12 15
f 12 14 15
f 14 16 17
f 14 17 15
f 15 17 32
f 16 18 19
f 16 19 17
f 17 33 32
f 17 19 33
f 18 20 19
f 19 34 33
f 19 20 36
f 19 36 34
f 20 21 22
f 20 22 35
f 20 35 36
f 22 23 24
f 22 24 25
f 22 25 35
f 23 26 24
f 25 30 34
f 25 34 35
f 29 31 32
f 29 33 30
f 29 32 33
f 30 33 34
f 34 36 35
f 37 38 39
f 38 40 41
f 38 41 39
f 39 41 50
f 40 42 43
f 40 43 41
f 41 51 50
f 41 43 51
f 42 44 45
f 42 45 43
f 43 45 57
f 43 57 51
f 44 46 47
f 44 47 45
f 45 47 56
f 45 56 57
f 46 48 49
f 46 49 47
f 47 49 55
f 47 55 56
f 48 53 49
f 49 53 54
f 49 54 55
f 50 51 52
f 51 1090 52
f 51 57 1090
f 53 58 54
f 54 1093 55
f 54 1094 1093
f 54 58 1094
f 55 1092 56
f 55 1093 1092
f 56 1091 57
f 56 1092 1091
f 57 1091 1090
f 58 1095 1094
f 59 60 61
f 59 61 62
f 59 63 60
f 60 63 66
f 60 66 94
f 60 87 61
f 60 94 87
f 61 84 85
f 61 85 62
f 61 87 84
f 63 64 65
f 63 65 66
f 63 67 64
f 64 86 65
f 64 67 86
f 65 86 92
f 65 92 66
f 66 92 94
f 67 91 86
f 68 69 70
f 68 71 72
f 68 72 69
f 69 72 74
f 69 74 88
f 71 73 74
f 71 74 72
f 71 75 73
f 73 75 76
f 73 89 74
f 73 93 89
f 73 76 93
f 74 89 90
f 74 90 88
f 75 77 76
f 76 79 81
f 76 77 79
f 76 81 93
f 77 78 79
f 78 80 81
f 78 81 79
f 78 82 80
f 80 83 84
f 80 82 83
f 80 84 81
f 81 84 87
f 81 87 93
f 83 85 84
f 86 90 92
f 86 91 90
f 87 94 93
f 88 90 91
f 89 92 90
f 89 94 92
f 89 93 94
f 95 96 97
f 96 98 99
f 96 99 97
f 97 99 108
f 98 100 101
f 98 101 99
f 99 109 108
f 99 101 109
f 100 102 103
f 100 103 101
f 101 103 115
f 101 115 109
f 102 104 105
f 102 105 103
f 103 105 114
f 103 114 115
f 104 106 107
f 104 107 105
f 105 107 113
f 105 113 114
f 106 111 107
f 107 111 112
f 107 112 113
f 108 109 110
f 109 1096 110
f 109 115 1096
f 111 116 112
f 112 1099 113
f 112 1100 1099
f 112 116 1100
f 113 1098 114
f 113 1099 1098
f 114 1097 115
f 114 1098 1097
f 115 1097 1096
f 116 1101 1100
f 117 118 119
f 117 119 120
f 117 121 118
f 118 121 122
f 118 122 189
f 118 189 194
f 118 194 119
f 119 194 199
f 119 1113 120
f 119 199 1113
f 121 123 122
f 122 123 124
f 122 124 184
f 122 184 189
f 123 125 124
f 124 125 126
f 124 126 179
f 124 179 184
f 125 127 126
f 126 127 128
f 126 128 174
f 126 174 179
f 127 129 128
f 128 129 130
f 128 130 169
f 128 169 174
f 129 131 130
f 130 131 132
f 130 132 164
f 130 164 169
f 131 133 132
f 132 133 134
f 132 134 159
f 132 159 164
f 133 135 134
f 134 135 136
f 134 136 153
f 134 153 159
f 135 137 136
f 136 137 138
f 136 138 151
f 136 151 153
f 137 139 138
f 138 139 140
f 138 154 151
f 138 140 154
f 139 1112 140
f 141 142 143
f 141 143 144
f 141 145 146
f 141 147 145
f 141 144 147
f 141 146 142
f 143 155 144
f 144 155 156
f 144 157 147
f 144 156 157
f 145 148 149
f 145 150 148
f 145 147 150
f 145 149 146
f 147 158 150
f 147 157 158
f 148 151 152
f 148 153 151
f 148 150 153
f 148 152 149
f 150 159 153
f 150 158 159
f 151 154 152
f 155 160 156
f 156 160 161
f 156 162 157
f 156 161 162
f 157 163 158
f 157 162 163
f 158 164 159
f 158 163 164
f 160 165 161
f 161 165 166
f 161 167 162
f 161 166 167
f 162 168 163
f 162 167 168
f 163 169 164
f 163 168 169
f 165 170 166
f 166 170 171
f 166 172 167
f 166 171 172
f 167 173 168
f 167 172 173
f 168 174 169
f 168 173 174
f 170 175 171
f 171 175 176
f 171 177 172
f 171 176 177
f 172 178 173
f 172 177 178
f 173 179 174
f 173 178 179
f 175 180 176
f 176 180 181
f 176 182 177
f 176 181 182
f 177 183 178
f 177 182 183
f 178 184 179
f 178 183 184
f 180 185 181
f 181 185 186
f 181 187 182
f 181 186 187
f 182 188 183
f 182 187 188
f 183 189 184
f 183 188 189
f 185 190 186
f 186 190 191
f 186 192 187
f 186 191 192
f 187 193 188
f 187 192 193
f 188 194 189
f 188 193 194
f 190 195 191
f 191 195 196
f 191 197 192
f 191 196 197
f 192 198 193
f 192 197 198
f 193 199 194
f 193 198 199
f 195 200 196
f 196 1116 197
f 196 1117 1116
f 196 200 1117
f 197 1115 198
f 197 1116 1115
f 198 1114 199
f 198 1115 1114
f 199 1114 1113
f 200 1118 1117
f 201 202 203
f 201 203 204
f 201 210 202
f 201 205 210
f 201 204 240
f 202 232 203
f 202 231 232
f 202 210 231
f 203 232 233
f 203 233 204
f 204 239 240
f 204 233 241
f 204 241 239
f 205 206 207
f 205 207 208
f 205 209 210
f 205 211 206
f 205 267 209
f 205 208 267
f 206 224 225
f 206 225 207
f 207 225 286
f 207 286 208
f 208 292 267
f 208 286 292
f 209 230 210
f 209 268 230
f 209 267 268
f 210 230 231
f 212 213 214
f 212 214 215
f 212 220 213
f 212 216 220
f 213 226 214
f 213 229 226
f 213 220 229
f 214 226 227
f 214 227 273
f 216 217 218
f 216 218 219
f 216 219 220
f 216 221 217
f 217 221 223
f 217 223 234
f 217 234 235
f 217 235 218
f 218 235 265
f 218 265 219
f 219 228 220
f 219 265 228
f 220 228 229
f 221 222 223
f 221 1129 222
f 222 236 237
f 222 238 223
f 222 237 238
f 222 1129 236
f 223 238 234
f 225 284 286
f 225 287 284
f 226 274 227
f 226 288 274
f 226 229 288
f 227 274 275
f 227 275 276
f 228 265 262
f 228 262 272
f 228 272 229
f 229 272 288
f 230 253 231
f 230 269 253
f 230 268 269
f 231 253 254
f 231 254 232
f 232 254 255
f 232 255 233
f 233 255 266
f 233 266 241
f 234 264 235
f 234 251 264
f 234 238 251
f 235 263 265
f 235 264 263
f 236 252 237
f 236 1129 252
f 237 252 250
f 237 250 249
f 237 249 238
f 238 249 251
f 239 241 242
f 241 243 242
f 241 266 243
f 242 243 244
f 242 244 247
f 243 245 244
f 243 266 245
f 244 246 247
f 244 248 246
f 244 245 248
f 245 258 261
f 245 261 248
f 245 266 258
f 246 249 250
f 246 251 249
f 246 248 251
f 246 250 247
f 248 261 264
f 248 264 251
f 253 256 254
f 253 270 256
f 253 269 270
f 254 256 257
f 254 257 255
f 255 257 258
f 255 258 266
f 256 259 257
f 256 271 259
f 256 270 271
f 257 259 260
f 257 260 258
f 258 260 261
f 259 262 260
f 259 272 262
f 259 271 272
f 260 262 263
f 260 263 261
f 261 263 264
f 262 265 263
f 267 292 268
f 268 291 269
f 268 292 291
f 269 290 270
f 269 291 290
f 270 289 271
f 270 290 289
f 271 288 272
f 271 289 288
f 274 277 275
f 274 289 277
f 274 288 289
f 275 277 278
f 275 278 279
f 277 280 278
f 277 290 280
f 277 289 290
f 278 280 281
f 278 281 282
f 280 283 281
f 280 291 283
f 280 290 291
f 281 283 284
f 281 284 285
f 283 286 284
f 283 292 286
f 283 291 292
f 293 294 295
f 293 295 296
f 293 297 294
f 293 296 316
f 294 297 299
f 294 299 321
f 294 321 322
f 294 322 295
f 295 317 296
f 295 322 317
f 296 315 316
f 296 317 318
f 296 318 315
f 297 298 299
f 297 300 298
f 298 300 302
f 298 302 325
f 298 325 326
f 298 326 299
f 299 326 321
f 300 301 302
f 300 1130 301
f 301 354 355
f 301 355 302
f 302 355 325
f 303 304 305
f 303 305 306
f 303 306 307
f 303 307 308
f 303 309 304
f 303 308 1131
f 304 309 312
f 304 319 320
f 304 320 305
f 304 312 319
f 305 346 306
f 305 320 346
f 306 323 307
f 306 346 323
f 307 323 324
f 307 324 308
f 308 365 367
f 308 324 365
f 309 310 311
f 309 311 312
f 310 313 311
f 311 313 314
f 311 314 312
f 312 314 319
f 313 336 314
f 314 336 335
f 314 335 319
f 315 318 327
f 315 327 330
f 317 322 338
f 317 328 318
f 317 338 328
f 318 328 327
f 319 335 337
f 319 337 320
f 320 337 344
f 320 344 346
f 321 326 347
f 321 339 322
f 321 347 339
f 322 339 338
f 323 346 345
f 323 345 353
f 323 353 324
f 324 366 365
f 324 353 366
f 325 355 356
f 325 348 326
f 325 356 348
f 326 348 347
f 327 329 330
f 327 331 329
f 327 328 331
f 328 338 340
f 328 340 331
f 329 332 333
f 329 334 332
f 329 331 334
f 329 333 330
f 331 340 342
f 331 342 334
f 332 335 333
f 332 337 335
f 332 334 337
f 333 335 336
f 334 342 344
f 334 344 337
f 338 341 340
f 338 339 341
f 339 347 349
f 339 349 341
f 340 343 342
f 340 341 343
f 341 349 351
f 341 351 343
f 342 345 344
f 342 343 345
f 343 353 345
f 343 351 353
f 344 345 346
f 347 350 349
f 347 348 350
f 348 356 358
f 348 358 350
f 349 352 351
f 349 350 352
f 350 358 360
f 350 360 352
f 351 366 353
f 351 352 366
f 352 363 366
f 352 360 363
f 355 357 356
f 356 359 358
f 358 361 360
f 360 362 363
f 363 364 365
f 363 365 366
f 368 369 370
f 369 371 372
f 369 372 370
f 370 372 394
f 371 373 374
f 371 374 372
f 372 392 394
f 372 374 392
f 373 375 376
f 373 376 374
f 374 376 390
f 374 390 392
f 375 377 378
f 375 378 376
f 376 378 388
f 376 388 390
f 377 379 380
f 377 380 378
f 378 380 386
f 378 386 388
f 379 395 380
f 380 395 382
f 380 382 386
f 381 382 383
f 381 383 384
f 381 385 382
f 382 385 386
f 382 395 383
f 385 387 386
f 386 387 388
f 387 389 388
f 388 389 390
f 389 391 390
f 390 391 392
f 391 393 392
f 392 393 394
f 396 397 398
f 396 398 399
f 396 405 397
f 396 400 405
f 396 399 435
f 397 427 398
f 397 426 427
f 397 405 426
f 398 427 428
f 398 428 399
f 399 434 435
f 399 428 436
f 399 436 434
f 400 401 402
f 400 402 403
f 400 404 405
f 400 406 401
f 400 462 404
f 400 403 462
f 401 419 420
f 401 420 402
f 402 420 481
f 402 481 403
f 403 487 462
f 403 481 487
f 404 425 405
f 404 463 425
f 404 462 463
f 405 425 426
f 407 408 409
f 407 409 410
f 407 415 408
f 407 411 415
f 408 421 409
f 408 424 421
f 408 415 424
f 409 421 422
f 409 422 468
f 411 412 413
f 411 413 414
f 411 414 415
f 411 416 412
f 412 416 418
f 412 418 429
f 412 429 430
f 412 430 413
f 413 430 460
f 413 460 414
f 414 423 415
f 414 460 423
f 415 423 424
f 416 417 418
f 416 1132 417
f 417 431 432
f 417 433 418
f 417 432 433
f 417 1132 431
f 418 433 429
f 420 479 481
f 420 482 479
f 421 469 422
f 421 483 469
f 421 424 483
f 422 469 470
f 422 470 471
f 423 460 457
f 423 457 467
f 423 467 424
f 424 467 483
f 425 448 426
f 425 464 448
f 425 463 464
f 426 448 449
f 426 449 427
f 427 449 450
f 427 450 428
f 428 450 461
f 428 461 436
f 429 459 430
f 429 446 459
f 429 433 446
f 430 458 460
f 430 459 458
f 431 447 432
f 431 1132 447
f 432 447 445
f 432 445 444
f 432 444 433
f 433 444 446
f 434 436 437
f 436 438 437
f 436 461 438
f 437 438 439
f 437 439 442
f 438 440 439
f 438 461 440
f 439 441 442
f 439 443 441
f 439 440 443
f 440 453 456
f 440 456 443
f 440 461 453
f 441 444 445
f 441 446 444
f 441 443 446
f 441 445 442
f 443 456 459
f 443 459 446
f 448 451 449
f 448 465 451
f 448 464 465
f 449 451 452
f 449 452 450
f 450 452 453
f 450 453 461
f 451 454 452
f 451 466 454
f 451 465 466
f 452 454 455
f 452 455 453
f 453 455 456
f 454 457 455
f 454 467 457
f 454 466 467
f 455 457 458
f 455 458 456
f 456 458 459
f 457 460 458
f 462 487 463
f 463 486 464
f 463 487 486
f 464 485 465
f 464 486 485
f 465 484 466
f 465 485 484
f 466 483 467
f 466 484 483
f 469 472 470
f 469 484 472
f 469 483 484
f 470 472 473
f 470 473 474
f 472 475 473
f 472 485 475
f 472 484 485
f 473 475 476
f 473 476 477
f 475 478 476
f 475 486 478
f 475 485 486
f 476 478 479
f 476 479 480
f 478 481 479
f 478 487 481
f 478 486 487
f 488 489 490
f 488 490 491
f 488 492 489
f 488 491 511
f 489 492 494
f 489 494 516
f 489 516 517
f 489 517 490
f 490 512 491
f 490 517 512
f 491 510 511
f 491 512 513
f 491 513 510
f 492 493 494
f 492 495 493
f 493 495 497
f 493 497 520
f 493 520 521
f 493 521 494
f 494 521 516
f 495 496 497
f 495 1133 496
f 496 549 550
f 496 550 497
f 497 550 520
f 498 499 500
f 498 500 501
f 498 501 502
f 498 502 503
f 498 504 499
f 498 503 1134
f 499 504 507
f 499 514 515
f 499 515 500
f 499 507 514
f 500 541 501
f 500 515 541
f 501 518 502
f 501 541 518
f 502 518 519
f 502 519 503
f 503 560 562
f 503 519 560
f 504 505 506
f 504 506 507
f 505 508 506
f 506 508 509
f 506 509 507
f 507 509 514
f 508 531 509
f 509 531 530
f 509 530 514
f 510 513 522
f 510 522 525
f 512 517 533
f 512 523 513
f 512 533 523
f 513 523 522
f 514 530 532
f 514 532 515
f 515 532 539
f 515 539 541
f 516 521 542
f 516 534 517
f 516 542 534
f 517 534 533
f 518 541 540
f 518 540 548
f 518 548 519
f 519 561 560
f 519 548 561
f 520 550 551
f 520 543 521
f 520 551 543
f 521 543 542
f 522 524 525
f 522 526 524
f 522 523 526
f 523 533 535
f 523 535 526
f 524 527 528
f 524 529 527
f 524 526 529
f 524 528 525
f 526 535 537
f 526 537 529
f 527 530 528
f 527 532 530
f 527 529 532
f 528 530 531
f 529 537 539
f 529 539 532
f 533 536 535
f 533 534 536
f 534 542 544
f 534 544 536
f 535 538 537
f 535 536 538
f 536 544 546
f 536 546 538
f 537 540 539
f 537 538 540
f 538 548 540
f 538 546 548
f 539 540 541
f 542 545 544
f 542 543 545
f 543 551 553
f 543 553 545
f 544 547 546
f 544 545 547
f 545 553 555
f 545 555 547
f 546 561 548
f 546 547 561
f 547 558 561
f 547 555 558
f 550 552 551
f 551 554 553
f 553 556 555
f 555 557 558
f 558 559 560
f 558 560 561
f 563 564 565
f 564 566 567
f 564 567 565
f 565 567 589
f 566 568 569
f 566 569 567
f 567 587 589
f 567 569 587
f 568 570 571
f 568 571 569
f 569 571 585
f 569 585 587
f 570 572 573
f 570 573 571
f 571 573 583
f 571 583 585
f 572 574 575
f 572 575 573
f 573 575 581
f 573 581 583
f 574 590 575
f 575 590 577
f 575 577 581
f 576 577 578
f 576 578 579
f 576 580 577
f 577 580 581
f 577 590 578
f 580 582 581
f 581 582 583
f 582 584 583
f 583 584 585
f 584 586 585
f 585 586 587
f 586 588 587
f 587 588 589
f 591 592 593
f 591 593 594
f 591 600 592
f 591 595 600
f 591 594 629
f 592 621 593
f 592 620 621
f 592 600 620
f 593 621 622
f 593 622 594
f 594 628 629
f 594 622 630
f 594 630 628
f 595 596 597
f 595 597 598
f 595 599 600
f 595 656 599
f 595 598 656
f 595 1136 596
f 596 613 614
f 596 614 597
f 597 614 675
f 597 675 598
f 598 681 656
f 598 675 681
f 599 619 600
f 599 657 619
f 599 656 657
f 600 619 620
f 601 602 603
f 601 603 604
f 601 609 602
f 601 605 609
f 602 615 603
f 602 618 615
f 602 609 618
f 603 615 616
f 603 616 662
f 605 606 607
f 605 607 608
f 605 608 609
f 605 610 606
f 606 610 612
f 606 612 623
f 606 623 624
f 606 624 607
f 607 624 654
f 607 654 608
f 608 617 609
f 608 654 617
f 609 617 618
f 610 611 612
f 610 1135 611
f 611 625 626
f 611 627 612
f 611 626 627
f 611 1135 625
f 612 627 623
f 614 673 675
f 614 676 673
f 615 663 616
f 615 677 663
f 615 618 677
f 616 663 664
f 616 664 665
f 617 654 651
f 617 651 661
f 617 661 618
f 618 661 677
f 619 642 620
f 619 658 642
f 619 657 658
f 620 642 643
f 620 643 621
f 621 643 644
f 621 644 622
f 622 644 655
f 622 655 630
f 623 653 624
f 623 640 653
f 623 627 640
f 624 652 654
f 624 653 652
f 625 641 626
f 625 1135 641
f 626 641 639
f 626 639 638
f 626 638 627
f 627 638 640
f 628 630 631
f 630 632 631
f 630 655 632
f 631 632 633
f 631 633 636
f 632 634 633
f 632 655 634
f 633 635 636
f 633 637 635
f 633 634 637
f 634 647 650
f 634 650 637
f 634 655 647
f 635 638 639
f 635 640 638
f 635 637 640
f 635 639 636
f 637 650 653
f 637 653 640
f 642 645 643
f 642 659 645
f 642 658 659
f 643 645 646
f 643 646 644
f 644 646 647
f 644 647 655
f 645 648 646
f 645 660 648
f 645 659 660
f 646 648 649
f 646 649 647
f 647 649 650
f 648 651 649
f 648 661 651
f 648 660 661
f 649 651 652
f 649 652 650
f 650 652 653
f 651 654 652
f 656 681 657
f 657 680 658
f 657 681 680
f 658 679 659
f 658 680 679
f 659 678 660
f 659 679 678
f 660 677 661
f 660 678 677
f 663 666 664
f 663 678 666
f 663 677 678
f 664 666 667
f 664 667 668
f 666 669 667
f 666 679 669
f 666 678 679
f 667 669 670
f 667 670 671
f 669 672 670
f 669 680 672
f 669 679 680
f 670 672 673
f 670 673 674
f 672 675 673
f 672 681 675
f 672 680 681
f 682 683 684
f 682 684 685
f 682 686 683
f 682 685 705
f 683 686 688
f 683 688 710
f 683 710 711
f 683 711 684
f 684 706 685
f 684 711 706
f 685 704 705
f 685 706 707
f 685 707 704
f 686 687 688
f 686 689 687
f 687 689 691
f 687 691 714
f 687 714 715
f 687 715 688
f 688 715 710
f 689 690 691
f 689 1137 690
f 690 743 744
f 690 744 691
f 691 744 714
f 692 693 694
f 692 694 695
f 692 695 696
f 692 696 697
f 692 698 693
f 692 697 1138
f 693 698 701
f 693 708 709
f 693 709 694
f 693 701 708
f 694 735 695
f 694 709 735
f 695 712 696
f 695 735 712
f 696 712 713
f 696 713 697
f 697 754 756
f 697 713 754
f 698 699 700
f 698 700 701
f 699 702 700
f 700 702 703
f 700 703 701
f 701 703 708
f 702 725 703
f 703 725 724
f 703 724 708
f 704 707 716
f 704 716 719
f 706 711 727
f 706 717 707
f 706 727 717
f 707 717 716
f 708 724 726
f 708 726 709
f 709 726 733
f 709 733 735
f 710 715 736
f 710 728 711
f 710 736 728
f 711 728 727
f 712 735 734
f 712 734 742
f 712 742 713
f 713 755 754
f 713 742 755
f 714 744 745
f 714 737 715
f 714 745 737
f 715 737 736
f 716 718 719
f 716 720 718
f 716 717 720
f 717 727 729
f 717 729 720
f 718 721 722
f 718 723 721
f 718 720 723
f 718 722 719
f 720 729 731
f 720 731 723
f 721 724 722
f 721 726 724
f 721 723 726
f 722 724 725
f 723 731 733
f 723 733 726
f 727 730 729
f 727 728 730
f 728 736 738
f 728 738 730
f 729 732 731
f 729 730 732
f 730 738 740
f 730 740 732
f 731 734 733
f 731 732 734
f 732 742 734
f 732 740 742
f 733 734 735
f 736 739 738
f 736 737 739
f 737 745 747
f 737 747 739
f 738 741 740
f 738 739 741
f 739 747 749
f 739 749 741
f 740 755 742
f 740 741 755
f 741 752 755
f 741 749 752
f 744 746 745
f 745 748 747
f 747 750 749
f 749 751 752
f 752 753 754
f 752 754 755
f 757 758 759
f 757 759 760
f 757 761 762
f 757 762 763
f 757 764 765
f 757 765 766
f 757 767 768
f 757 769 764
f 757 766 767
f 757 768 758
f 757 760 761
f 757 763 1142
f 758 768 771
f 761 1141 762
f 768 770 771
f 768 772 770
f 770 772 774
f 772 773 774
f 772 775 776
f 772 776 773
f 773 776 783
f 775 784 776
f 776 777 778
f 776 779 780
f 776 780 781
f 776 782 783
f 776 784 777
f 776 778 785
f 776 1139 779
f 776 781 782
f 780 1140 781
f 786 787 788
f 786 788 789
f 786 790 787
f 787 790 792
f 788 1145 789
f 790 791 792
f 790 793 791
f 791 793 794
f 793 795 794
f 794 795 797
f 795 796 797
f 795 798 796
f 796 798 800
f 798 799 800
f 798 801 799
f 799 801 803
f 801 802 803
f 801 804 802
f 802 804 805
f 804 806 805
f 805 806 808
f 806 807 808
f 806 809 807
f 807 809 810
f 809 811 810
f 810 811 813
f 811 812 813
f 811 814 812
f 812 814 816
f 814 815 816
f 814 817 815
f 815 817 819
f 817 818 819
f 817 820 818
f 818 820 821
f 820 822 821
f 821 822 824
f 822 823 824
f 822 825 823
f 823 825 826
f 825 827 826
f 826 827 829
f 827 828 829
f 827 830 828
f 828 830 831
f 830 832 831
f 831 832 834
f 832 833 834
f 832 835 833
f 833 835 837
f 835 836 837
f 835 838 836
f 836 838 840
f 838 839 840
f 838 841 839
f 839 841 842
f 841 1144 842
f 842 1144 1143
f 843 844 845
f 843 846 844
f 844 846 847
f 846 848 847
f 847 848 849
f 848 850 849
f 849 850 851
f 850 852 851
f 851 852 853
f 852 854 853
f 853 854 855
f 854 856 855
f 857 858 859
f 858 1156 859
f 859 860 861
f 859 888 893
f 859 893 894
f 859 894 895
f 859 895 896
f 859 896 897
f 859 899 1154
f 859 897 899
f 859 1156 860
f 859 861 1157
f 859 1157 888
f 862 863 864
f 862 864 882
f 862 882 883
f 862 883 884
f 862 884 885
f 862 885 886
f 862 887 888
f 862 886 887
f 863 867 864
f 864 865 866
f 864 867 865
f 864 866 868
f 864 868 869
f 864 870 871
f 864 871 878
f 864 878 879
f 864 879 880
f 864 880 881
f 864 881 882
f 870 874 871
f 871 872 873
f 871 874 872
f 871 873 875
f 871 877 876
f 871 876 878
f 887 889 888
f 888 889 890
f 888 890 891
f 888 891 892
f 888 892 893
f 897 898 899
f 898 1155 899
f 899 1150 1151
f 899 1151 1152
f 899 1152 1153
f 899 1153 1154
f 900 901 902
f 900 903 901
f 901 903 904
f 903 905 904
f 904 905 906
f 905 907 906
f 906 907 908
f 907 909 908
f 908 909 910
f 909 911 910
f 910 911 912
f 911 913 912
f 914 915 916
f 914 917 915
f 915 917 918
f 917 919 918
f 918 919 920
f 919 921 920
f 920 921 922
f 921 923 922
f 922 923 924
f 923 925 924
f 924 925 926
f 925 927 926
f 928 929 930
f 928 930 931
f 928 932 929
f 928 1163 1162
f 928 1164 1163
f 928 931 1164
f 930 933 934
f 930 1166 931
f 930 1167 1166
f 930 934 1167
f 931 1165 1164
f 933 935 934
f 934 1168 1167
f 934 1169 1168
f 934 1170 1169
f 934 1171 1170
f 934 1172 1171
f 936 937 938
f 937 1177 938
f 938 941 1173
f 938 1173 1174
f 938 1174 1175
f 938 1175 1176
f 938 1177 941
f 938 1176 1182
f 939 940 941
f 939 941 1177
f 940 1178 941
f 941 944 974
f 941 975 976
f 941 1178 971
f 941 971 944
f 941 974 1179
f 941 1179 975
f 941 976 1180
f 941 1180 1181
f 942 943 944
f 942 944 972
f 943 973 944
f 944 971 972
f 944 973 968
f 944 968 947
f 945 946 947
f 945 947 969
f 946 970 947
f 947 950 966
f 947 968 969
f 947 970 960
f 947 960 950
f 948 949 950
f 948 950 961
f 949 952 950
f 950 951 958
f 950 960 961
f 950 952 951
f 950 962 963
f 950 963 964
f 950 965 966
f 950 967 962
f 950 964 965
f 951 952 953
f 951 953 954
f 951 955 956
f 951 956 957
f 951 959 955
f 951 957 958
f 977 978 979
f 977 980 978
f 978 980 981
f 980 982 981
f 981 982 983
f 982 984 983
f 983 984 985
f 984 986 985
f 985 986 987
f 986 988 987
f 987 988 989
f 988 990 989
f 991 992 993
f 991 993 994
f 991 994 995
f 991 996 997
f 991 998 999
f 991 1000 998
f 991 999 992
f 991 995 996
f 992 999 1001
f 992 1001 1185
f 994 1186 995
f 995 1186 1187
f 995 1188 1189
f 995 1189 1190
f 995 1187 1188
f 999 1184 1001
f 1001 1184 1183
f 1002 1003 1004
f 1002 1005 1003
f 1003 1005 1006
f 1005 1007 1006
f 1006 1007 1008
f 1007 1009 1008
f 1008 1009 1010
f 1009 1011 1010
f 1010 1011 1012
f 1011 1013 1012
f 1012 1013 1014
f 1013 1191 1014
f 1015 1016 1017
f 1015 1018 1016
f 1016 1018 1019
f 1016 1019 1020
f 1016 1020 1021
f 1016 1021 1193
f 1021 1035 1193
f 1021 1022 1035
f 1022 1023 1024
f 1022 1024 1025
f 1022 1026 1023
f 1022 1025 1035
f 1023 1026 1027
f 1023 1028 1029
f 1023 1027 1198
f 1023 1198 1028
f 1024 1031 1030
f 1024 1030 1032
f 1024 1032 1033
f 1024 1033 1034
f 1024 1034 1025
f 1035 1192 1193
f 1036 1037 1038
f 1036 1038 1039
f 1036 1040 1037
f 1037 1040 1041
f 1038 1213 1039
f 1040 1042 1041
f 1041 1042 1043
f 1042 1044 1043
f 1043 1044 1045
f 1044 1046 1045
f 1045 1046 1047
f 1046 1048 1047
f 1049 1050 1051
f 1049 1051 1052
f 1049 1053 1050
f 1050 1053 1054
f 1051 1232 1052
f 1053 1055 1054
f 1054 1055 1056
f 1055 1057 1056
f 1056 1057 1058
f 1057 1059 1058
f 1058 1059 1060
f 1059 1061 1060
f 1062 1063 1064
f 1062 1065 1063
f 1063 1065 1066
f 1065 1067 1066
f 1066 1067 1068
f 1067 1069 1068
f 1068 1069 1070
f 1069 1071 1070
f 1070 1071 1072
f 1071 1073 1072
f 1072 1073 1074
f 1073 1233 1074
f 1075 1076 1077
f 1076 1387 1077
f 1078 1079 1080
f 1078 1081 1079
f 1079 1081 1082
f 1079 1082 1083
f 1079 1083 1084
f 1079 1084 1085
f 1079 1085 1086
f 1079 1086 1087
f 1079 1087 1088
f 1079 1088 1089
f 1079 1476 1475
f 1079 1089 1476
f 1102 1103 1104
f 1103 1105 1104
f 1104 1105 1106
f 1105 1107 1106
f 1106 1107 1108
f 1107 1109 1108
f 1108 1109 1110
f 1109 1111 1110
f 1119 1120 1121
f 1120 1122 1121
f 1121 1122 1123
f 1122 1124 1123
f 1123 1124 1125
f 1124 1126 1125
f 1125 1126 1127
f 1126 1128 1127
f 1146 1147 1148
f 1147 1149 1148
f 1158 1159 1160
f 1159 1161 1160
f 1192 1194 1193
f 1193 1194 1195
f 1193 1195 1196
f 1193 1196 1197
f 1199 1200 1201
f 1200 1202 1201
f 1201 1202 1203
f 1202 1204 1203
f 1203 1204 1205
f 1204 1206 1205
f 1205 1206 1207
f 1206 1208 1207
f 1207 1208 1209
f 1208 1210 1209
f 1209 1210 1211
f 1210 1212 1211
f 1214 1215 1216
f 1215 1217 1216
f 1218 1219 1220
f 1219 1221 1220
f 1220 1221 1222
f 1221 1223 1222
f 1222 1223 1224
f 1223 1225 1224
f 1224 1225 1226
f 1225 1227 1226
f 1226 1227 1228
f 1227 1229 1228
f 1228 1229 1230
f 1229 1231 1230
f 1234 1235 1236
f 1235 1237 1236
f 1236 1237 1238
f 1237 1239 1238
f 1238 1239 1240
f 1239 1241 1240
f 1240 1241 1242
f 1241 1243 1242
f 1242 1243 1244
f 1243 1245 1244
f 1244 1245 1246
f 1245 1247 1246
f 1248 1249 1250
f 1249 1251 1250
f 1250 1251 1252
f 1250 1253 1254
f 1250 1252 1253
f 1253 1255 1254
f 1254 1255 1256
f 1254 1257 1258
f 1254 1256 1257
f 1259 1260 1261
f 1260 1262 1261
f 1260 1263 1262
f 1260 1264 1263
f 1260 1265 1264
f 1264 1265 1266
f 1265 1267 1266
f 1265 1268 1267
f 1265 1269 1268
f 1270 1271 1272
f 1271 1273 1272
f 1272 1273 1274
f 1273 1275 1274
f 1274 1275 1276
f 1275 1277 1276
f 1276 1277 1278
f 1277 1279 1278
f 1278 1279 1280
f 1279 1281 1280
f 1280 1281 1282
f 1281 1283 1282
f 1284 1285 1286
f 1285 1287 1286
f 1285 1288 1287
f 1285 1289 1288
f 1285 1290 1289
f 1289 1290 1291
f 1290 1292 1291
f 1290 1293 1292
f 1290 1294 1293
f 1295 1296 1297
f 1296 1298 1297
f 1299 1300 1301
f 1300 1302 1301
f 1301 1302 1303
f 1302 1304 1303
f 1303 1304 1305
f 1304 1306 1305
f 1305 1306 1307
f 1306 1308 1307
f 1307 1308 1309
f 1308 1310 1309
f 1309 1310 1311
f 1310 1312 1311
f 1311 1312 1313
f 1312 1314 1313
f 1313 1314 1315
f 1314 1316 1315
f 1315 1316 1317
f 1316 1318 1317
f 1317 1318 1319
f 1318 1320 1319
f 1319 1320 1321
f 1320 1322 1321
f 1321 1322 1323
f 1322 1324 1323
f 1323 1324 1325
f 1324 1326 1325
f 1325 1326 1327
f 1326 1328 1327
f 1327 1328 1329
f 1328 1330 1329
f 1329 1330 1331
f 1330 1332 1331
f 1331 1332 1333
f 1332 1334 1333
f 1333 1334 1335
f 1334 1336 1335
f 1335 1336 1337
f 1336 1338 1337
f 1337 1338 1339
f 1338 1340 1339
f 1341 1342 1343
f 1342 1344 1343
f 1345 1346 1347
f 1346 1348 1347
f 1347 1348 1349
f 1348 1350 1349
f 1349 1350 1351
f 1350 1352 1351
f 1351 1352 1353
f 1352 1354 1353
f 1353 1354 1355
f 1354 1356 1355
f 1355 1356 1357
f 1356 1358 1357
f 1357 1358 1359
f 1358 1360 1359
f 1359 1360 1361
f 1360 1362 1361
f 1361 1362 1363
f 1362 1364 1363
f 1363 1364 1365
f 1364 1366 1365
f 1365 1366 1367
f 1366 1368 1367
f 1367 1368 1369
f 1368 1370 1369
f 1369 1370 1371
f 1370 1372 1371
f 1371 1372 1373
f 1372 1374 1373
f 1373 1374 1375
f 1374 1376 1375
f 1375 1376 1377
f 1376 1378 1377
f 1377 1378 1379
f 1378 1380 1379
f 1379 1380 1381
f 1380 1382 1381
f 1381 1382 1383
f 1382 1384 1383
f 1383 1384 1385
f 1384 1386 1385
f 1388 1389 1390
f 1389 1391 1390
f 1392 1393 1394
f 1393 1395 1394
f 1394 1395 1396
f 1394 1397 1398
f 1394 1398 1399
f 1394 1400 1401
f 1394 1396 1397
f 1394 1399 1400
f 1398 1402 1403
f 1398 1403 1404
f 1398 1405 1406
f 1398 1406 1407
f 1398 1408 1399
f 1398 1409 1408
f 1398 1410 1409
f 1398 1411 1410
f 1398 1407 1411
f 1398 1442 1402
f 1398 1404 1405
f 1407 1412 1411
f 1407 1413 1412
f 1407 1414 1413
f 1407 1415 1414
f 1407 1416 1415
f 1407 1417 1416
f 1416 1417 1418
f 1417 1419 1420
f 1417 1421 1418
f 1417 1422 1421
f 1417 1423 1422
f 1417 1424 1423
f 1417 1420 1424
f 1419 1426 1420
f 1420 1425 1424
f 1420 1426 1427
f 1420 1428 1429
f 1420 1429 1430
f 1420 1431 1432
f 1420 1433 1425
f 1420 1434 1433
f 1420 1435 1434
f 1420 1432 1435
f 1420 1427 1428
f 1431 1437 1432
f 1432 1436 1435
f 1432 1437 1438
f 1432 1439 1440
f 1432 1441 1436
f 1432 1438 1439
f 1443 1444 1445
f 1444 1446 1445
f 1447 1448 1449
f 1447 1450 1448
f 1447 1466 1450
f 1448 1451 1449
f 1449 1451 1452
f 1449 1453 1454
f 1449 1454 1455
f 1449 1456 1457
f 1449 1457 1458
f 1449 1459 1460
f 1449 1460 1461
f 1449 1462 1463
f 1449 1463 1464
f 1449 1464 1465
f 1449 1452 1453
f 1449 1455 1456
f 1449 1458 1459
f 1449 1461 1462
f 1450 1466 1467
f 1464 1471 1465
f 1465 1471 1472
f 1466 1468 1467
f 1467 1468 1469
f 1468 1470 1469
f 1471 1473 1472
f 1472 1473 1474
f 1473 1475 1474
f 1474 1475 1476
f 1477 1478 1479
f 1478 1480 1479
f 1479 1480 1481
f 1480 1482 1481
f 1481 1482 1483
f 1482 1484 1483
f 1483 1484 1485
f 1484 1486 1485
f 1485 1486 1487
f 1486 1488 1487
f 1487 1488 1489
f 1488 1490 1489
f 1489 1490 1491
f 1490 1492 1491
f 1491 1492 1493
f 1492 1494 1493
f 1493 1494 1495
f 1494 1496 1495
f 1495 1496 1497
f 1496 1498 1497
f 1497 1498 1499
f 1498 1500 1499
f 1499 1500 1501
f 1500 1502 1501
f 1503 1504 1505
f 1504 1506 1505
f 1507 1508 1509
f 1507 1510 1508
f 1508 1510 1511
f 1508 1511 1512
f 1508 1513 1514
f 1508 1514 1509
f 1508 1512 1526
f 1508 1527 1513
f 1509 1514 1515
f 1509 1516 1517
f 1509 1517 1518
f 1509 1518 1519
f 1509 1520 1521
f 1509 1521 1522
f 1509 1523 1524
f 1509 1524 1525
f 1509 1515 1516
f 1509 1519 1520
f 1509 1522 1523
f 1518 1528 1519
f 1519 1528 1529
f 1519 1530 1531
f 1519 1531 1532
f 1519 1532 1533
f 1519 1529 1530
f 1532 1534 1533
f 1533 1534 1535
f 1533 1536 1537
f 1533 1537 1538
f 1533 1538 1539
f 1533 1535 1536
f 1533 1539 1549
f 1538 1540 1539
f 1539 1540 1541
f 1539 1542 1543
f 1539 1543 1544
f 1539 1545 1546
f 1539 1546 1547
f 1539 1548 1549
f 1539 1541 1542
f 1539 1544 1555
f 1539 1557 1545
f 1539 1547 1548
f 1543 1550 1544
f 1544 1550 1551
f 1544 1552 1553
f 1544 1553 1554
f 1544 1556 1552
f 1544 1554 1555
f 1558 1559 1560
f 1559 1561 1560
f 1562 1563 1564
f 1563 1565 1564
f 1566 1567 1568
f 1566 1569 1570
f 1566 1568 1569
f 1569 1571 1570
f 1570 1571 1572
f 1571 1573 1572
f 1572 1573 1574
f 1573 1575 1574
f 1574 1575 1576
f 1575 1577 1576
f 1576 1577 1578
f 1577 1579 1578
f 1578 1579 1580
f 1579 1581 1580
f 1580 1581 1582
f 1581 1583 1582
f 1582 1583 1584
f 1583 1585 1584
f 1584 1585 1587
f 1585 1586 1587
f 1585 1588 1586
f 1586 1588 1589
f 1588 1590 1589
f 1589 1590 1591
f 1590 1592 1591
f 1591 1592 1593
f 1592 1594 1593
f 1593 1594 1595
f 1594 1596 1595
f 1595 1596 1597
f 1596 1598 1597
f 1597 1598 1599
f 1598 1600 1599
f 1599 1600 1601
f 1600 1602 1601
f 1601 1602 1603
f 1602 1604 1603
f 1603 1604 1606
f 1604 1605 1606
f 1604 1607 1605
f 1605 1607 1608
f 1607 1609 1608
f 1608 1609 1610
f 1609 1611 1610
f 1610 1611 1612
f 1611 1613 1612
f 1612 1613 1614
f 1613 1615 1614
f 1614 1615 1616
f 1615 1617 1616
f 1616 1617 1618
f 1617 1619 1618
f 1618 1619 1620
f 1619 1621 1620
f 1620 1621 1622
f 1621 1623 1622
f 1622 1623 1625
f 1623 1624 1625
f 1623 1626 1624
f 1624 1626 1627
f 1626 1628 1627
f 1627 1628 1629
f 1628 1630 1629
f 1629 1630 1631
f 1630 1632 1631
f 1631 1632 1633
f 1632 1634 1633
f 1633 1634 1635
f 1634 1636 1635
f 1635 1636 1637
f 1636 1638 1637
f 1637 1638 1639
f 1638 1640 1639
f 1639 1640 1641
f 1640 1723 1641
f 1641 1723 1724
f 1642 1643 1644
f 1642 1645 1643
f 1643 1645 1646
f 1645 1647 1646
f 1646 1647 1648
f 1647 1649 1648
f 1648 1649 1650
f 1649 1651 1650
f 1650 1651 1652
f 1651 1653 1652
f 1652 1653 1654
f 1653 1655 1654
f 1654 1655 1656
f 1655 1657 1656
f 1656 1657 1658
f 1657 1659 1658
f 1658 1659 1660
f 1659 1661 1660
f 1660 1661 1662
f 1661 1663 1662
f 1662 1663 1664
f 1663 1665 1664
f 1664 1665 1666
f 1665 1667 1666
f 1666 1667 1668
f 1667 1669 1668
f 1668 1669 1670
f 1669 1671 1670
f 1670 1671 1672
f 1671 1673 1672
f 1672 1673 1674
f 1673 1675 1674
f 1674 1675 1676
f 1675 1677 1676
f 1676 1677 1678
f 1677 1679 1678
f 1678 1679 1680
f 1679 1681 1680
f 1680 1681 1682
f 1681 1683 1682
f 1682 1683 1684
f 1683 1685 1684
f 1684 1685 1686
f 1685 1687 1686
f 1686 1687 1688
f 1687 1689 1688
f 1688 1689 1690
f 1689 1691 1690
f 1690 1691 1692
f 1691 1693 1692
f 1692 1693 1694
f 1693 1695 1694
f 1694 1695 1696
f 1695 1697 1696
f 1696 1697 1698
f 1697 1699 1698
f 1698 1699 1700
f 1699 1701 1700
f 1700 1701 1702
f 1701 1703 1702
f 1702 1703 1704
f 1703 1705 1704
f 1704 1705 1706
f 1705 1707 1706
f 1706 1707 1708
f 1707 1709 1708
f 1708 1709 1710
f 1709 1711 1710
f 1710 1711 1712
f 1711 1713 1712
f 1712 1713 1714
f 1713 1715 1714
f 1714 1715 1716
f 1715 1717 1716
f 1716 1717 1718
f 1717 1719 1718
f 1718 1719 1720
f 1719 1721 1720
f 1720 1721 1722
f 1721 1725 1722
f 1726 1727 1728
f 1727 1729 1728
f 1727 1730 1729
f 1729 1730 1731
f 1730 1732 1731
f 1731 1732 1733
f 1732 1734 1733
f 1733 1734 1735
f 1734 1736 1735
f 1735 1736 1737
f 1736 1738 1737
f 1737 1738 1739
f 1738 1740 1739
f 1739 1740 1741
f 1740 1742 1741
f 1741 1742 1743
f 1742 1744 1743
f 1743 1744 1745
f 1744 1746 1745
f 1745 1746 1747
f 1746 1748 1747
f 1747 1748 1749
f 1748 1750 1749
f 1749 1750 1751
f 1750 1752 1751
f 1751 1752 1753
f 1752 1754 1753
f 1753 1754 1755
f 1754 1756 1755
f 1755 1756 1757
f 1756 1758 1757
f 1757 1758 1759
f 1758 1760 1759
f 1759 1760 1761
f 1762 1763 1764
f 1763 1765 1764
f 1763 1766 1765
f 1765 1766 1767
f 1766 1768 1767
f 1767 1768 1769
f 1768 1770 1769
f 1769 1770 1771
f 1770 1772 1771
f 1771 1772 1773
f 1772 1774 1773
f 1773 1774 1775
f 1774 1776 1775
f 1775 1776 1777
f 1776 1778 1777
f 1777 1778 1779
f 1778 1780 1779
f 1779 1780 1781
f 1780 1782 1781
f 1781 1782 1783
f 1782 1784 1783
f 1783 1784 1785
f 1784 1786 1785
f 1785 1786 1787
f 1786 1788 1787
f 1787 1788 1789
f 1788 1790 1789
f 1789 1790 1791
f 1790 1792 1791
f 1791 1792 1793
f 1792 1794 1793
f 1793 1794 1795
f 1794 1796 1795
f 1795 1796 1797
f 1796 1798 1797
f 1797 1798 1799
f 1798 1800 1799
f 1799 1800 1801
f 1802 1803 1804
f 1802 1805 1803
f 1802 1828 1805
f 1804 1851 1850
f 1804 1850 1849
f 1805 1828 1827
f 1806 1807 1808
f 1806 1809 1807
f 1807 1809 1810
f 1809 1811 1810
f 1810 1811 1812
f 1811 1813 1812
f 1812 1813 1814
f 1813 1815 1814
f 1814 1815 1816
f 1815 1817 1816
f 1816 1817 1818
f 1817 1819 1818
f 1818 1819 1820
f 1819 1821 1820
f 1820 1821 1822
f 1821 1823 1822
f 1822 1823 1824
f 1823 1825 1824
f 1824 1825 1826
f 1825 1827 1826
f 1826 1827 1828
f 1829 1830 1831
f 1829 1831 1832
f 1829 1833 1830
f 1830 1833 1834
f 1831 1852 1832
f 1833 1835 1834
f 1834 1835 1836
f 1835 1837 1836
f 1836 1837 1838
f 1837 1839 1838
f 1838 1839 1840
f 1839 1841 1840
f 1840 1841 1842
f 1841 1843 1842
f 1842 1843 1844
f 1843 1845 1844
f 1844 1845 1846
f 1845 1847 1846
f 1846 1847 1848
f 1847 1849 1848
f 1848 1849 1850
f 1853 1854 1855
f 1853 1856 1854
f 1853 1869 1856
f 1854 1857 1855
f 1855 1857 1858
f 1856 1869 1870
f 1857 1859 1858
f 1858 1859 1860
f 1859 1861 1860
f 1860 1861 1862
f 1861 1863 1862
f 1862 1863 1864
f 1863 1865 1864
f 1864 1865 1866
f 1865 1867 1866
f 1866 1867 1868
f 1869 1871 1870
f 1870 1871 1872
f 1871 1873 1872
f 1872 1873 1874
f 1873 1875 1874
f 1874 1875 1876
f 1877 1878 1879
f 1877 1880 1878
f 1877 1881 1880
f 1878 1925 1879
f 1879 1925 1924
f 1880 1881 1882
f 1881 1883 1882
f 1882 1883 1884
f 1883 1885 1884
f 1884 1885 1886
f 1885 1887 1886
f 1886 1887 1888
f 1887 1889 1888
f 1888 1889 1890
f 1889 1891 1890
f 1890 1891 1892
f 1891 1893 1892
f 1892 1893 1894
f 1893 1895 1894
f 1894 1895 1896
f 1895 1897 1896
f 1896 1897 1898
f 1897 1899 1898
f 1898 1899 1900
f 1899 1901 1900
f 1900 1901 1902
f 1901 1926 1902
f 1903 1904 1905
f 1903 1906 1904
f 1904 1906 1907
f 1906 1908 1907
f 1907 1908 1909
f 1908 1910 1909
f 1909 1910 1911
f 1910 1912 1911
f 1911 1912 1913
f 1912 1914 1913
f 1913 1914 1915
f 1914 1916 1915
f 1915 1916 1917
f 1916 1918 1917
f 1917 1918 1919
f 1918 1920 1919
f 1919 1920 1921
f 1920 1922 1921
f 1921 1922 1923
f 1922 1924 1923
f 1923 1924 1925
f 1927 1928 1929
f 1927 1930 1928
f 1927 1943 1930
f 1928 1931 1929
f 1929 1931 1932
f 1930 1943 1944
f 1931 1933 1932
f 1932 1933 1934
f 1933 1935 1934
f 1934 1935 1936
f 1935 1937 1936
f 1936 1937 1938
f 1937 1939 1938
f 1938 1939 1940
f 1939 1941 1940
f 1940 1941 1942
f 1943 1945 1944
f 1944 1945 1946
f 1945 1947 1946
f 1946 1947 1948
f 1947 1949 1948
f 1948 1949 1950
f 1951 1952 1953
f 1952 1999 1953
f 1953 1999 1998
f 1954 1955 1956
f 1954 1956 1957
f 1954 1958 1955
f 1955 1958 1959
f 1956 2000 1957
f 1958 1960 1959
f 1959 1960 1961
f 1960 1962 1961
f 1961 1962 1963
f 1962 1964 1963
f 1963 1964 1965
f 1964 1966 1965
f 1965 1966 1967
f 1966 1968 1967
f 1967 1968 1969
f 1968 1970 1969
f 1969 1970 1971
f 1970 1972 1971
f 1971 1972 1973
f 1972 1974 1973
f 1973 1974 1975
f 1974 1976 1975
f 1975 1976 1977
f 1976 1978 1977
f 1977 1978 1979
f 1978 1980 1979
f 1979 1980 1981
f 1980 1982 1981
f 1981 1982 1983
f 1982 1984 1983
f 1983 1984 1985
f 1984 1986 1985
f 1985 1986 1987
f 1986 1988 1987
f 1987 1988 1989
f 1988 1990 1989
f 1989 1990 1991
f 1990 1992 1991
f 1991 1992 1993
f 1992 1994 1993
f 1993 1994 1995
f 1994 1996 1995
f 1995 1996 1997
f 1996 1998 1997
f 1997 1998 1999
f 2001 2002 2003
f 2001 2004 2002
f 2001 2017 2004
f 2002 2005 2003
f 2003 2005 2006
f 2004 2017 2018
f 2005 2007 2006
f 2006 2007 2008
f 2007 2009 2008
f 2008 2009 2010
f 2009 2011 2010
f 2010 2011 2012
f 2011 2013 2012
f 2012 2013 2014
f 2013 2015 2014
f 2014 2015 2016
f 2017 2019 2018
f 2018 2019 2020
f 2019 2021 2020
f 2020 2021 2022
f 2021 2023 2022
f 2022 2023 2024
f 2117 2118 2119
f 2117 2119 2120
f 2117 2131 2118
f 2118 2131 2132
f 2119 2121 2120
f 2120 2121 2122
f 2121 2123 2122
f 2122 2123 2124
f 2123 2125 2124
f 2124 2125 2126
f 2125 2127 2126
f 2126 2127 2128
f 2127 2129 2128
f 2128 2129 2130
f 2131 2133 2132
f 2132 2133 2134
f 2133 2135 2134
f 2134 2135 2136
f 2135 2137 2136
f 2136 2137 2138
f 2137 2139 2138
f 2138 2139 2140
f 2141 2142 2143
f 2141 2152 2142
f 2141 2153 2152
f 2142 2144 2143
f 2143 2144 2145
f 2144 2146 2145
f 2145 2146 2147
f 2146 2148 2147
f 2147 2148 2149
f 2148 2150 2149
f 2149 2150 2151
f 2152 2153 2154
f 2153 2155 2154
f 2154 2155 2156
f 2155 2157 2156
f 2156 2157 2158
f 2157 2159 2158
f 2158 2159 2160
f 2159 2161 2160
f 2160 2161 2162
f 2161 2163 2162
f 2162 2163 2164
f 2165 2166 2167
f 2165 2167 2168
f 2165 2188 2166
f 2166 2188 2177
f 2167 2169 2168
f 2168 2169 2170
f 2169 2171 2170
f 2170 2171 2172
f 2171 2173 2172
f 2172 2173 2174
f 2173 2175 2174
f 2174 2175 2176
f 2177 2178 2179
f 2177 2188 2178
f 2178 2180 2179
f 2179 2180 2181
f 2180 2182 2181
f 2181 2182 2183
f 2182 2184 2183
f 2183 2184 2185
f 2184 2186 2185
f 2185 2186 2187