# SG90
# Autodesk dbId: 138
# Units: mm
o 138_SG90
v 5.873341 -2.618637 -79.356950
v 5.967656 -2.474948 -79.539866
v 5.875648 -2.564997 -79.314193
v 6.329732 -2.066868 -79.640373
v 6.342120 -1.972068 -79.478029
v 6.135517 -2.118235 -79.419423
v 6.135517 -2.209056 -79.580943
v 6.382494 -1.929611 -79.424677
v 6.575812 -1.833775 -78.954153
v 6.703192 -1.881728 -78.731390
v 6.582313 -1.888634 -78.775359
v 6.581077 -2.016258 -78.560134
v 6.839889 -1.990697 -78.537513
v 6.339903 -2.093666 -78.623311
v 6.342119 -1.979615 -78.814262
v 6.132803 -2.217650 -78.722739
v 6.135517 -2.124410 -78.876176
v 5.973889 -2.379757 -78.851643
v 5.976448 -2.313250 -78.956923
v 5.873992 -2.568941 -79.001237
v 5.839919 -2.772308 -79.161326
v 5.875648 -2.513941 -79.186858
v 5.875648 -2.531087 -79.253887
v 5.976449 -2.308862 -79.342989
v 5.976449 -2.276227 -79.215409
v 5.976449 -2.373406 -79.457776
v 6.116922 -2.350292 -79.698552
v 6.311735 -2.252524 -79.823009
v 6.342120 -1.915958 -79.258679
v 6.135517 -2.072312 -79.239900
v 6.466427 -1.850108 -79.190620
v 6.342120 -1.918532 -79.032280
v 6.135517 -2.074419 -79.054608
v 5.976449 -2.277723 -79.083729
v 5.875648 -2.514727 -79.117676
v 5.875648 -2.533393 -79.051055
v 8.330846 -0.981002 -81.441655
v 8.360120 -0.788243 -81.268060
v 7.770264 -1.469458 -80.819852
v 8.445951 -0.630162 -81.078873
v 7.796407 -1.279427 -80.642784
v 8.582486 -0.517532 -80.886985
v 7.873056 -1.129346 -80.443414
v 8.760423 -0.458029 -80.705474
v 7.994988 -1.029441 -80.235326
v 8.967635 -0.455708 -80.546709
v 8.153892 -0.986522 -80.032704
v 9.190000 -0.510728 -80.421510
v 8.338940 -1.003514 -79.849354
v 7.091515 -1.896895 -80.275724
v 7.113867 -1.709253 -80.095617
v 6.311735 -2.252524 -79.823009
v 8.537520 -1.079259 -79.697773
v 7.577719 -1.482888 -79.239113
v 7.419508 -1.448997 -79.443975
v 7.283648 -1.477403 -79.665072
v 7.179400 -1.566172 -79.887335
v 7.747501 -1.576768 -79.064444
v 0.340083 -2.772309 -79.161327
v 0.304353 -2.531086 -79.253887
v 0.304353 -2.564996 -79.314193
v 0.306661 -2.618637 -79.356950
v 0.306010 -2.568940 -79.001237
v 0.304353 -2.533392 -79.051055
v 0.304353 -2.514727 -79.117676
v 0.304353 -2.513940 -79.186859
v 0.206113 -2.379756 -78.851643
v -0.523191 -1.881727 -78.731391
v -0.401076 -2.016258 -78.560134
v -0.659887 -1.990697 -78.537514
v -0.395811 -1.833775 -78.954153
v -0.402311 -1.888633 -78.775359
v -0.162118 -1.918532 -79.032280
v -0.162118 -1.979614 -78.814262
v -0.286426 -1.850107 -79.190620
v -0.162118 -1.915958 -79.258679
v -0.202493 -1.929611 -79.424677
v -0.149730 -2.066868 -79.640373
v -0.162118 -1.972068 -79.478029
v 0.044484 -2.209055 -79.580943
v 0.044484 -2.118234 -79.419423
v -0.131734 -2.252525 -79.823010
v 0.063080 -2.350292 -79.698552
v 0.203553 -2.373406 -79.457776
v 0.212346 -2.474948 -79.539866
v 0.203553 -2.313250 -78.956923
v 0.203553 -2.308862 -79.342989
v -0.159902 -2.093667 -78.623312
v 0.044484 -2.074419 -79.054608
v 0.044484 -2.124410 -78.876176
v 0.047198 -2.217650 -78.722740
v 0.203553 -2.277724 -79.083729
v 0.044484 -2.072312 -79.239900
v 0.203553 -2.276226 -79.215409
v -3.009999 -0.510728 -80.421510
v -2.787633 -0.455709 -80.546710
v -2.357518 -1.079258 -79.697773
v -2.580421 -0.458029 -80.705474
v -2.158938 -1.003514 -79.849354
v -2.402484 -0.517532 -80.886985
v -1.973890 -0.986522 -80.032704
v -2.265949 -0.630162 -81.078873
v -1.814986 -1.029441 -80.235326
v -2.180118 -0.788243 -81.268060
v -1.693055 -1.129346 -80.443414
v -2.150843 -0.981003 -81.441655
v -1.616405 -1.279427 -80.642785
v -1.567499 -1.576768 -79.064444
v -1.397717 -1.482888 -79.239113
v -0.659887 -1.990697 -78.537514
v -1.590262 -1.469458 -80.819852
v -0.933865 -1.709252 -80.095617
v -0.999399 -1.566171 -79.887335
v -1.103647 -1.477402 -79.665072
v -1.239506 -1.448995 -79.443976
v -0.911513 -1.896896 -80.275725
v 0.438340 -3.209418 -78.604886
v 0.686120 -3.423233 -77.913724
v 0.405485 -3.011467 -78.437902
v 0.340083 -2.772309 -79.161327
v 0.715541 -3.616146 -78.087124
v 1.128979 -3.776453 -77.464076
v 1.152980 -3.965043 -77.642979
v 1.704175 -4.047289 -77.119303
v 1.721136 -4.232563 -77.302425
v 2.372891 -4.217465 -76.902670
v 2.381668 -4.400657 -77.088444
v 3.090001 -4.275494 -76.828798
v 3.090001 -4.457976 -77.015476
v 3.807110 -4.217465 -76.902670
v 3.798334 -4.400656 -77.088444
v 4.475827 -4.047290 -77.119303
v 4.458866 -4.232563 -77.302425
v 5.051022 -3.776453 -77.464076
v 5.027021 -3.965042 -77.642979
v 5.493881 -3.423234 -77.913724
v 5.464460 -3.616145 -78.087124
v 5.774517 -3.011466 -78.437902
v 5.741661 -3.209418 -78.604886
v 5.873992 -2.568941 -79.001237
v 6.456338 -2.571178 -77.853722
v 6.839889 -1.990697 -78.537513
v 6.705901 -2.586756 -77.778731
v 6.104425 -3.087526 -77.196412
v 6.223781 -2.610252 -77.965700
v 6.581077 -2.016258 -78.560134
v 5.896180 -3.090929 -77.353799
v 6.024080 -2.701315 -78.107035
v 6.339903 -2.093666 -78.623311
v 5.717356 -3.151362 -77.534127
v 5.870845 -2.838163 -78.268094
v 6.132803 -2.217650 -78.722739
v 5.580139 -3.264705 -77.725107
v 5.973889 -2.379757 -78.851643
v 6.327900 -3.141385 -77.072691
v 5.549088 -3.530458 -76.632561
v 5.379207 -3.503262 -76.828901
v 5.233327 -3.537418 -77.042678
v 5.121389 -3.630599 -77.259325
v 5.731393 -3.617152 -76.467040
v 4.827802 -3.870081 -76.200221
v 4.707750 -3.819423 -76.426428
v 4.604659 -3.833433 -76.665853
v 4.525554 -3.911153 -76.902180
v 4.956635 -3.981955 -76.002648
v 3.989243 -4.083478 -75.928568
v 3.927121 -4.018078 -76.173541
v 3.873776 -4.019426 -76.429081
v 3.832842 -4.087434 -76.677774
v 4.055909 -4.211171 -75.710856
v 3.090000 -4.156247 -75.835933
v 3.090001 -4.085820 -76.087306
v 3.090001 -4.082853 -76.348341
v 3.090001 -4.147547 -76.601250
v 3.090000 -4.289335 -75.611353
v 2.190757 -4.083478 -75.928568
v 2.252880 -4.018078 -76.173541
v 2.306225 -4.019427 -76.429081
v 2.347159 -4.087434 -76.677774
v 2.124092 -4.211170 -75.710856
v 1.352199 -3.870082 -76.200222
v 1.472251 -3.819423 -76.426428
v 1.575343 -3.833432 -76.665853
v 1.654447 -3.911153 -76.902180
v 1.223367 -3.981954 -76.002649
v 0.630913 -3.530458 -76.632562
v 0.800794 -3.503261 -76.828901
v 0.946674 -3.537418 -77.042678
v 1.058612 -3.630599 -77.259325
v 0.448608 -3.617152 -76.467040
v 0.075576 -3.087526 -77.196412
v 0.283821 -3.090929 -77.353799
v 0.462646 -3.151361 -77.534127
v 0.599862 -3.264705 -77.725107
v -0.147899 -3.141384 -77.072691
v -0.276337 -2.571178 -77.853722
v -0.043780 -2.610252 -77.965700
v 0.155921 -2.701315 -78.107035
v 0.309157 -2.838162 -78.268094
v -0.525900 -2.586756 -77.778732
v -3.009998 0.050362 -81.135777
v -2.920517 0.033754 -81.200224
v -2.899572 -0.183850 -80.905017
v -2.885955 -0.330982 -80.697438
v -3.009998 0.611453 -81.850044
v -3.007877 1.482304 -82.982506
v -3.001663 1.231363 -82.685582
v -2.991580 0.982329 -82.388246
v -2.960793 0.495764 -81.793670
v -2.941326 0.260893 -81.496631
v -3.009998 1.733635 -83.278578
v -2.957681 0.970995 -82.864078
v -2.971529 1.106090 -82.893391
v -3.000385 1.419093 -83.086727
v -3.009998 1.733635 -83.278578
v -2.799190 0.235411 -82.433810
v -2.663385 -0.068929 -82.088584
v -2.769209 0.206842 -82.296741
v -2.855978 0.497030 -82.499298
v -2.923403 0.797710 -82.697830
v -2.531173 -0.434979 -81.969528
v -2.396385 -0.558880 -81.649059
v -2.538926 -0.325795 -81.873231
v -3.009998 1.733635 -83.278578
v -3.006027 1.474138 -82.996039
v -2.972346 1.127015 -82.859471
v -3.000567 1.429434 -83.069757
v -2.859982 0.540698 -82.431996
v -2.925448 0.829672 -82.647094
v -2.916654 0.467373 -81.855148
v -2.879039 0.234133 -81.566877
v -2.838159 0.013091 -81.277335
v -2.796002 -0.192922 -80.986800
v -2.556775 -0.240362 -81.759632
v -2.674650 0.001178 -81.989491
v -2.285438 -0.705540 -81.483715
v -2.322325 -0.589625 -81.349511
v -2.423799 -0.456311 -81.522477
v -2.787633 -0.455709 -80.546710
v -3.009999 -0.510728 -80.421510
v -2.767594 -0.327798 -80.781204
v -2.580421 -0.458029 -80.705474
v -2.641201 -0.344953 -80.889658
v -2.529398 -0.384261 -81.007909
v -2.592742 -0.263292 -81.202365
v -2.435117 -0.444395 -81.132585
v -2.402484 -0.517532 -80.886985
v -2.514492 -0.322778 -81.319291
v -2.361003 -0.523606 -81.260127
v -2.265949 -0.630162 -81.078873
v -2.454334 -0.396648 -81.438662
v -2.180118 -0.788243 -81.268060
v -2.872342 0.430616 -81.928627
v -2.815808 0.196367 -81.652211
v -2.753297 -0.021661 -81.372898
v -2.835576 0.389911 -82.004146
v -2.762734 0.151678 -81.741031
v -2.680951 -0.067589 -81.473876
v -2.806645 0.345628 -82.081045
v -2.720429 0.100668 -81.832200
v -2.622293 -0.123820 -81.578483
v -2.785791 0.298158 -82.158649
v -2.689420 0.043998 -81.924550
v -2.578344 -0.189348 -81.684858
v -2.776091 0.263126 -82.213215
v -2.687263 -0.219620 -81.090654
v -2.977849 0.736719 -82.090928
v -2.949235 0.710185 -82.142032
v -2.920736 0.677517 -82.202328
v -2.897280 0.642847 -82.263670
v -2.878983 0.606371 -82.325718
v -2.865945 0.568293 -82.388129
v -3.009998 1.733635 -83.278578
v -2.973726 1.140514 -82.837427
v -3.000897 1.436139 -83.058736
v -3.009998 1.733635 -83.278578
v -2.976844 1.159595 -82.806050
v -3.001660 1.445673 -83.043047
v -3.009998 1.733635 -83.278578
v -2.981320 1.178490 -82.774720
v -3.002767 1.455185 -83.027365
v -3.009998 1.733635 -83.278578
v -2.987153 1.197172 -82.743480
v -3.004221 1.464676 -83.011694
v -3.009998 1.733635 -83.278578
v -2.994343 1.215614 -82.712373
v -3.009998 1.733635 -83.278578
v -2.928677 0.850115 -82.614081
v -2.935853 0.878724 -82.567103
v -2.946034 0.906671 -82.520279
v -2.959193 0.933871 -82.473754
v -2.975296 0.960239 -82.427674
v 8.711174 -0.434980 -81.969528
v 8.829451 -0.100785 -82.063198
v 8.689153 -0.379211 -81.824833
v 8.527377 -0.627059 -81.575346
v 8.979191 0.235411 -82.433810
v 9.053559 0.566828 -82.546253
v 8.947275 0.201157 -82.292628
v 9.137683 0.970994 -82.864077
v 9.174858 1.339004 -83.037594
v 9.129395 0.948037 -82.793975
v 9.190001 0.611453 -81.850044
v 9.118884 0.233244 -81.461083
v 9.140426 0.490991 -81.787712
v 9.161394 0.794043 -82.160765
v 9.176992 1.104016 -82.533958
v 9.186675 1.418213 -82.906850
v 9.190001 0.050362 -81.135777
v 9.190000 -0.510728 -80.421510
v 9.073231 -0.250889 -80.811328
v 9.095877 -0.014913 -81.135277
v 8.967635 -0.455708 -80.546709
v 8.962913 -0.254894 -80.894131
v 8.360120 -0.788243 -81.268060
v 8.330846 -0.981002 -81.441655
v 8.708810 -0.290183 -81.708231
v 8.558718 -0.518605 -81.445120
v 9.008922 -0.033543 -81.213611
v 9.054282 0.206959 -81.532257
v 8.954228 0.257707 -82.208782
v 8.841376 -0.028926 -81.962302
v 9.135973 0.768349 -82.209230
v 9.165529 1.084835 -82.567293
v 9.130755 0.974522 -82.751454
v 9.057029 0.607675 -82.482816
v 8.592703 -0.456097 -81.358685
v 8.732143 -0.237309 -81.631391
v 8.658861 -0.379744 -81.235498
v 8.445951 -0.630162 -81.078873
v 8.779348 -0.169899 -81.522061
v 8.744098 -0.319764 -81.114962
v 8.582486 -0.517532 -80.886985
v 8.842019 -0.112764 -81.414642
v 8.846254 -0.277734 -81.000187
v 8.760423 -0.458029 -80.705474
v 8.918990 -0.067001 -81.311171
v 8.856861 0.014853 -81.896151
v 8.964015 0.292890 -82.154004
v 8.889265 0.072604 -81.802077
v 8.985049 0.340547 -82.076100
v 8.933367 0.124327 -81.709250
v 9.014220 0.384977 -81.998908
v 8.988595 0.169322 -81.618907
v 9.051283 0.425784 -81.923113
v 9.095946 0.462594 -81.849383
v 9.062268 0.633567 -82.441486
v 9.132973 0.991539 -82.723806
v 9.073760 0.669427 -82.382682
v 9.137942 1.015485 -82.684455
v 9.089930 0.703955 -82.324181
v 9.145031 1.039050 -82.645196
v 9.110698 0.736985 -82.266269
v 9.190001 1.733635 -83.278578
v 9.175152 1.352013 -83.016295
v 9.175679 1.360441 -83.002461
v 9.190001 1.733635 -83.278578
v 9.176887 1.372408 -82.982768
v 9.190001 1.733635 -83.278578
v 9.178634 1.384334 -82.963088
v 9.190001 1.733635 -83.278578
v 9.190001 1.733635 -83.278578
v 9.180927 1.396211 -82.943429
v 9.190001 1.733635 -83.278578
v 9.183768 1.408032 -82.923804
v 9.154231 1.062185 -82.606114
v 9.190001 1.733635 -83.278578
v -0.543179 5.501851 -88.075508
v -0.410737 5.337692 -87.921694
v -1.498366 5.080676 -87.539353
v -0.287321 5.131129 -87.820457
v -1.331105 4.931869 -87.405081
v -0.181341 4.896240 -87.778702
v -1.175242 4.739613 -87.322059
v -0.100020 4.649031 -87.799271
v -1.041399 4.517009 -87.295942
v -0.048900 4.406350 -87.880763
v -0.938698 4.279227 -87.328512
v -0.031463 4.184736 -88.017626
v -0.874138 4.042473 -87.417548
v -2.180118 3.089810 -86.204811
v -1.591073 3.599593 -86.853764
v -1.565070 3.382459 -86.996330
v -2.150843 2.875508 -86.350983
v -2.265948 3.311049 -86.096024
v -1.667310 3.829135 -86.755546
v -2.402484 3.524150 -86.032035
v -1.788585 4.055443 -86.708370
v -2.580420 3.714588 -86.017205
v -1.946634 4.263093 -86.715450
v -2.787632 3.869387 -86.052546
v -2.130685 4.437936 -86.776305
v -3.009998 3.977998 -86.135647
v -2.328197 4.568056 -86.886789
v -0.852117 3.822880 -87.556983
v 0.365116 5.501851 -88.075507
v 0.405537 5.404998 -88.037802
v 0.038968 5.400899 -88.014388
v -0.215158 5.402339 -87.995941
v 1.273411 5.501852 -88.075508
v 2.701918 5.488946 -88.082950
v 2.313406 5.474165 -88.086659
v 1.925748 5.458374 -88.086239
v 1.157614 5.427299 -88.071501
v 0.778939 5.414325 -88.056937
v 3.090001 5.501851 -88.075508
v 2.292932 5.199275 -88.246668
v 2.399437 5.277132 -88.203118
v 2.744827 5.394599 -88.147536
v 3.090001 5.501851 -88.075508
v 1.500178 4.855501 -88.315173
v 1.040695 4.751110 -88.224482
v 1.374740 4.885899 -88.253169
v 1.713289 5.020554 -88.257733
v 2.055153 5.151701 -88.240448
v 0.720948 4.500908 -88.252900
v 0.392397 4.496702 -88.084802
v 0.712669 4.619995 -88.169210
v 3.090001 5.501851 -88.075508
v 2.707517 5.476178 -88.090625
v 2.385689 5.307054 -88.180651
v 2.737871 5.409349 -88.136179
v 1.687340 5.082725 -88.213984
v 2.035000 5.197376 -88.207168
v 1.188421 5.352610 -88.074043
v 0.817647 5.325176 -88.047762
v 0.453410 5.303884 -88.012502
v 0.097677 5.291582 -87.968559
v 0.676112 4.739038 -88.098396
v 1.006077 4.849561 -88.161469
v 0.171778 4.417793 -88.005703
v 0.137846 4.577453 -87.927188
v 0.356217 4.638556 -88.008230
v -0.410737 5.337692 -87.921694
v -0.543179 5.501851 -88.075508
v -0.147319 5.290500 -87.933282
v -0.287321 5.131129 -87.820457
v -0.072630 5.149128 -87.883609
v -0.003921 4.998311 -87.859908
v 0.223722 5.017785 -87.925163
v 0.056974 4.842318 -87.862556
v -0.181341 4.896240 -87.778702
v 0.278924 4.875861 -87.937146
v 0.108339 4.685594 -87.891425
v -0.100020 4.649031 -87.799271
v 0.327163 4.735030 -87.971275
v -0.048900 4.406350 -87.880763
v 1.223496 5.266813 -88.085092
v 0.861422 5.221308 -88.048949
v 0.507091 5.183549 -87.999116
v 1.257739 5.182243 -88.104772
v 0.903663 5.117738 -88.062814
v 0.558128 5.061402 -88.003070
v 1.290855 5.099631 -88.132879
v 0.943846 5.015773 -88.089116
v 0.605652 4.939578 -88.024176
v 1.322557 5.019694 -88.169153
v 0.981461 4.916712 -88.127501
v 0.648825 4.820233 -88.062040
v 1.343826 4.965532 -88.199365
v 0.162852 5.157447 -87.935647
v 1.540220 5.442439 -88.081298
v 1.564016 5.383530 -88.091186
v 1.591251 5.316432 -88.107655
v 1.618072 5.250703 -88.129459
v 1.644333 5.186702 -88.156467
v 1.669889 5.124784 -88.188529
v 3.090001 5.501851 -88.075508
v 2.376694 5.326963 -88.166765
v 2.733347 5.419055 -88.128977
v 3.090001 5.501851 -88.075508
v 2.363806 5.355931 -88.147975
v 2.726898 5.433042 -88.118957
v 3.090001 5.501851 -88.075508
v 2.350841 5.385601 -88.130360
v 2.720443 5.447226 -88.109221
v 3.090001 5.501851 -88.075508
v 2.337815 5.415932 -88.113951
v 2.713982 5.461606 -88.099775
v 3.090001 5.501851 -88.075508
v 2.324745 5.446889 -88.098775
v 3.090001 5.501851 -88.075508
v 2.021667 5.228049 -88.187181
v 2.002396 5.272995 -88.160999
v 1.982839 5.319313 -88.137561
v 1.963056 5.366863 -88.116942
v 1.943107 5.415501 -88.099212
v -2.531172 2.491942 -85.695491
v -2.649449 2.480072 -85.348620
v -2.509151 2.645727 -85.675572
v -2.347375 2.829430 -85.975448
v -2.799190 2.199608 -84.934228
v -2.873557 2.168840 -84.585610
v -2.767274 2.328663 -85.000937
v -2.957681 1.955759 -84.117679
v -2.994856 1.874319 -83.719049
v -2.949393 2.018431 -84.156584
v -3.009998 2.855816 -84.707112
v -2.938882 3.144158 -85.166669
v -2.960424 2.887851 -84.838908
v -2.981392 2.597168 -84.456138
v -2.996990 2.307988 -84.066612
v -3.006672 2.020101 -83.673051
v -3.009998 3.416907 -85.421379
v -3.009998 3.977998 -86.135647
v -2.893229 3.660794 -85.790889
v -2.915875 3.401936 -85.484915
v -2.787632 3.869387 -86.052546
v -2.782911 3.579398 -85.775175
v -2.180118 3.089810 -86.204811
v -2.150843 2.875508 -86.350983
v -2.528808 2.780095 -85.616687
v -2.378716 2.981634 -85.900915
v -2.828920 3.321418 -85.484468
v -2.874280 3.068784 -85.175352
v -2.774226 2.423516 -84.965852
v -2.661373 2.595113 -85.302697
v -2.955971 2.543997 -84.469626
v -2.985527 2.271059 -84.077352
v -2.950753 2.066014 -84.140921
v -2.877028 2.240146 -84.560945
v -2.412701 3.080412 -85.860651
v -2.552140 2.867268 -85.583512
v -2.478859 3.218175 -85.815640
v -2.265948 3.311049 -86.096024
v -2.599346 2.989452 -85.543907
v -2.564096 3.349486 -85.785908
v -2.402484 3.524150 -86.032035
v -2.662017 3.107345 -85.513834
v -2.666252 3.470950 -85.772252
v -2.580420 3.714588 -86.017205
v -2.738987 3.218709 -85.493872
v -2.676859 2.669750 -85.275828
v -2.784013 2.485066 -84.944639
v -2.709263 2.774823 -85.241995
v -2.805047 2.572040 -84.916785
v -2.753364 2.877258 -85.213723
v -2.834218 2.657558 -84.891897
v -2.808592 2.975685 -85.191399
v -2.871281 2.740861 -84.870199
v -2.915943 2.821210 -84.851894
v -2.882266 2.286430 -84.545578
v -2.952971 2.096906 -84.130934
v -2.893758 2.352054 -84.524663
v -2.957940 2.140807 -84.116988
v -2.909927 2.417068 -84.504967
v -2.965029 2.184530 -84.103389
v -2.930696 2.481153 -84.486592
v -3.009998 1.733635 -83.278578
v -2.995150 1.898093 -83.711453
v -2.995677 1.913529 -83.706541
v -3.009998 1.733635 -83.278578
v -2.996884 1.935496 -83.699576
v -3.009998 1.733635 -83.278578
v -2.998632 1.957441 -83.692650
v -3.009998 1.733635 -83.278578
v -3.009998 1.733635 -83.278578
v -3.000925 1.979352 -83.685766
v -3.009998 1.733635 -83.278578
v -3.003765 2.001218 -83.678928
v -2.974229 2.227978 -84.090168
v -3.009998 1.733635 -83.278578
v 9.190001 3.977997 -86.135646
v 8.967635 3.869387 -86.052545
v 8.508199 4.568055 -86.886788
v 8.760423 3.714588 -86.017205
v 8.310687 4.437936 -86.776305
v 8.582487 3.524149 -86.032035
v 8.126636 4.263093 -86.715450
v 8.445951 3.311049 -86.096025
v 7.968587 4.055442 -86.708368
v 8.360121 3.089809 -86.204811
v 7.847312 3.829135 -86.755546
v 8.330846 2.875508 -86.350982
v 7.771076 3.599593 -86.853763
v 6.228902 4.406350 -87.880763
v 7.054140 4.042473 -87.417548
v 7.032120 3.822879 -87.556983
v 6.211466 4.184735 -88.017625
v 6.280023 4.649031 -87.799272
v 7.118701 4.279227 -87.328512
v 6.361344 4.896239 -87.778702
v 7.221402 4.517009 -87.295942
v 6.467324 5.131129 -87.820457
v 7.355245 4.739613 -87.322058
v 6.590740 5.337692 -87.921693
v 7.511107 4.931869 -87.405082
v 6.723182 5.501852 -88.075508
v 7.678369 5.080676 -87.539353
v 7.745073 3.382460 -86.996330
v 9.190001 3.416906 -85.421378
v 9.100520 3.350361 -85.422255
v 9.079574 3.585644 -85.703574
v 9.065957 3.752479 -85.895674
v 9.190001 2.855816 -84.707112
v 9.187879 1.961773 -83.592869
v 9.181665 2.190831 -83.906983
v 9.171581 2.420742 -84.219341
v 9.140796 2.883193 -84.832860
v 9.121328 3.116167 -85.131388
v 9.137684 1.955759 -84.117679
v 9.151531 1.959268 -83.979485
v 9.180388 1.845548 -83.629604
v 9.190001 1.733635 -83.278578
v 8.979191 2.199608 -84.934228
v 8.843387 2.462950 -85.311661
v 8.949211 2.326014 -84.994442
v 9.035980 2.197932 -84.664542
v 9.103405 2.076246 -84.325403
v 8.711175 2.491942 -85.695490
v 8.576387 2.773958 -85.891754
v 8.718929 2.611354 -85.612215
v 9.190001 1.733635 -83.278578
v 9.186029 1.946691 -83.597598
v 9.152348 1.997179 -83.967188
v 9.180569 1.864484 -83.623575
v 9.039983 2.273660 -84.638053
v 9.105450 2.133107 -84.306363
v 9.096656 2.816740 -84.845887
v 9.059041 3.041583 -85.140753
v 9.018161 3.270549 -85.424070
v 8.976005 3.504038 -85.693021
v 8.736777 2.741953 -85.556111
v 8.854652 2.575827 -85.267012
v 8.465440 2.899871 -86.073394
v 8.502327 3.057706 -85.992555
v 8.603801 2.921228 -85.822075
v 8.967635 3.869387 -86.052545
v 9.190001 3.977997 -86.135646
v 8.947596 3.671850 -85.872745
v 8.760423 3.714588 -86.017205
v 8.821203 3.562418 -85.863730
v 8.709400 3.438223 -85.873919
v 8.772744 3.277941 -85.710345
v 8.615119 3.302852 -85.902822
v 8.582487 3.524149 -86.032035
v 8.694495 3.150255 -85.740453
v 8.541005 3.160181 -85.949578
v 8.445951 3.311049 -86.096025
v 8.634336 3.016787 -85.783955
v 8.360121 3.089809 -86.204811
v 9.052344 2.736647 -84.864198
v 8.995811 2.949733 -85.157239
v 8.933299 3.169475 -85.435207
v 9.015578 2.653637 -84.885863
v 8.942736 2.852856 -85.179625
v 8.860952 3.060491 -85.455916
v 8.986648 2.568439 -84.910677
v 8.900432 2.752202 -85.207596
v 8.802295 2.945546 -85.485779
v 8.965793 2.481802 -84.938423
v 8.869422 2.649060 -85.240786
v 8.758346 2.826680 -85.524252
v 8.956094 2.420492 -84.959536
v 8.867265 3.396817 -85.694368
v 9.157851 2.651445 -84.528369
v 9.129237 2.595511 -84.542047
v 9.100739 2.529194 -84.559509
v 9.077281 2.461388 -84.578667
v 9.058985 2.392466 -84.599412
v 9.045947 2.322814 -84.621630
v 9.190001 1.733635 -83.278578
v 9.153727 2.021792 -83.959292
v 9.180900 1.876779 -83.619669
v 9.190001 1.733635 -83.278578
v 9.156846 2.056795 -83.948183
v 9.181662 1.894280 -83.614122
v 9.190001 1.733635 -83.278578
v 9.161322 2.091708 -83.937244
v 9.182769 1.911768 -83.608594
v 9.190001 1.733635 -83.278578
v 9.167155 2.126483 -83.926491
v 9.184223 1.929241 -83.603084
v 9.190001 1.733635 -83.278578
v 9.174345 2.161073 -83.915939
v 9.190001 1.733635 -83.278578
v 9.108679 2.170020 -84.294318
v 9.115855 2.222438 -84.277648
v 9.126036 2.274548 -84.261583
v 9.139196 2.326190 -84.246174
v 9.155299 2.377204 -84.231468
v 5.459056 4.500908 -88.252899
v 5.178950 4.735135 -88.219311
v 5.538391 4.592081 -88.153276
v 5.887688 4.460072 -88.051252
v 4.679825 4.855502 -88.315173
v 4.386671 5.051767 -88.255567
v 4.812007 4.883186 -88.252839
v 3.887071 5.199275 -88.246667
v 3.523286 5.365525 -88.163344
v 3.956380 5.214013 -88.224551
v 4.906592 5.501851 -88.075507
v 5.446099 5.412986 -88.054882
v 5.030023 5.427014 -88.071256
v 4.549453 5.446151 -88.082886
v 4.064498 5.466182 -88.086986
v 3.577170 5.485320 -88.084266
v 5.814887 5.501851 -88.075508
v 6.723182 5.501852 -88.075508
v 6.256122 5.401037 -88.006213
v 5.855603 5.403585 -88.033009
v 6.590740 5.337692 -87.921693
v 6.193482 5.290187 -87.953005
v 6.228902 4.406350 -87.880763
v 6.211466 4.184735 -88.017625
v 5.575088 4.715922 -88.080989
v 5.923098 4.609762 -87.973518
v 5.805511 5.300295 -88.003573
v 5.406366 5.322249 -88.044008
v 4.843010 4.963182 -88.198840
v 5.213902 4.835950 -88.155277
v 4.527213 5.391015 -88.093873
v 4.050133 5.431047 -88.100010
v 3.973456 5.251887 -88.196529
v 4.411325 5.109986 -88.214245
v 5.952456 4.711400 -87.936895
v 5.602851 4.800359 -88.044331
v 6.002161 4.859326 -87.904821
v 6.280023 4.649031 -87.799272
v 5.647185 4.924317 -88.006984
v 6.059897 5.007626 -87.896716
v 6.361344 4.896239 -87.778702
v 5.696362 5.050545 -87.987521
v 6.124191 5.152479 -87.912834
v 6.467324 5.131129 -87.820457
v 5.749460 5.176656 -87.986333
v 5.238878 4.904725 -88.120944
v 4.864351 5.017595 -88.168542
v 5.277180 5.006154 -88.082472
v 4.896175 5.097904 -88.132202
v 5.318227 5.110476 -88.056605
v 4.929431 5.180898 -88.104102
v 5.361475 5.216305 -88.043702
v 4.963827 5.265848 -88.084502
v 4.999068 5.352017 -88.073605
v 4.427832 5.149310 -88.190016
v 3.984686 5.277211 -88.179455
v 4.451922 5.207151 -88.159194
v 4.000839 5.314204 -88.156715
v 4.476596 5.266911 -88.132811
v 4.017154 5.352227 -88.135860
v 4.501734 5.328298 -88.111000
v 3.090001 5.501851 -88.075508
v 3.531999 5.384098 -88.149129
v 3.537671 5.396355 -88.140171
v 3.090001 5.501851 -88.075508
v 3.545765 5.414068 -88.127790
v 3.090001 5.501851 -88.075508
v 3.553874 5.432083 -88.115861
v 3.090001 5.501851 -88.075508
v 3.090001 5.501851 -88.075508
v 3.561996 5.450394 -88.104392
v 3.090001 5.501851 -88.075508
v 3.570126 5.468992 -88.093395
v 4.033597 5.391202 -88.116942
v 3.090001 5.501851 -88.075508
v 9.189999 -7.779569 -71.168295
v 4.956635 -3.981955 -76.002648
v 5.731393 -3.617152 -76.467040
v 6.327900 -3.141385 -77.072691
v 6.705901 -2.586756 -77.778731
v 7.747501 -1.576768 -79.064444
v 8.537520 -1.079259 -79.697773
v 9.056025 -8.088440 -70.775103
v 8.897106 -8.216377 -70.612239
v 8.689999 -8.314547 -70.487267
v 8.448818 -8.376261 -70.408707
v 8.189999 -8.397310 -70.381913
v 9.155926 -7.939451 -70.964765
v 3.090000 -4.289335 -75.611353
v 4.055909 -4.211171 -75.710856
v -2.010000 -8.397309 -70.381913
v 1.223367 -3.981954 -76.002649
v 2.124092 -4.211170 -75.710856
v -2.268818 -8.376260 -70.408708
v -3.010000 -7.779569 -71.168295
v -2.717106 -8.216377 -70.612239
v -2.876025 -8.088440 -70.775103
v -2.357518 -1.079258 -79.697773
v -1.567499 -1.576768 -79.064444
v -0.525900 -2.586756 -77.778732
v -0.147899 -3.141384 -77.072691
v 0.448608 -3.617152 -76.467040
v -2.509999 -8.314548 -70.487268
v -2.975925 -7.939451 -70.964764
v 7.429332 -4.374831 -82.625248
v 7.770264 -1.469458 -80.819852
v 7.091515 -1.896895 -80.275724
v 6.311736 -4.926224 -81.923327
v 8.308358 -3.677836 -83.512523
v 8.711174 -0.434980 -81.969528
v 8.330846 -0.981002 -81.441655
v 8.900488 -2.873555 -84.536370
v 8.979191 0.235411 -82.433810
v 9.173166 -2.006208 -85.640500
v 9.190001 1.733635 -83.278578
v 9.137683 0.970994 -82.864077
v 9.111401 -1.123480 -86.764210
v 8.979191 2.199608 -84.934228
v 9.137684 1.955759 -84.117679
v 8.718589 -0.273902 -87.845721
v 8.330846 2.875508 -86.350982
v 8.711175 2.491942 -85.695490
v 8.016326 0.495817 -88.825572
v 7.745073 3.382460 -86.996330
v 7.043221 1.143360 -89.649891
v 6.211466 4.184735 -88.017625
v 7.032120 3.822879 -87.556983
v 5.852774 1.633124 -90.273360
v 5.459056 4.500908 -88.252899
v 4.510435 1.938185 -90.661702
v 3.887071 5.199275 -88.246667
v 4.679825 4.855502 -88.315173
v 3.090002 2.041771 -90.793567
v 2.292932 5.199275 -88.246668
v 3.090001 5.501851 -88.075508
v 1.669569 1.938185 -90.661703
v 0.720948 4.500908 -88.252900
v 1.500178 4.855501 -88.315173
v 0.327229 1.633125 -90.273361
v -0.031463 4.184736 -88.017626
v -0.863218 1.143360 -89.649891
v -1.565070 3.382459 -86.996330
v -0.852117 3.822880 -87.556983
v -1.836323 0.495818 -88.825572
v -2.150843 2.875508 -86.350983
v -2.538586 -0.273902 -87.845721
v -2.799190 2.199608 -84.934228
v -2.531172 2.491942 -85.695491
v -2.931398 -1.123480 -86.764211
v -2.957681 1.955759 -84.117679
v -2.993163 -2.006207 -85.640501
v -2.957681 0.970995 -82.864078
v -3.009998 1.733635 -83.278578
v -2.720486 -2.873554 -84.536371
v -2.531173 -0.434979 -81.969528
v -2.799190 0.235411 -82.433810
v -2.128356 -3.677836 -83.512523
v -1.590262 -1.469458 -80.819852
v -2.150843 -0.981003 -81.441655
v -1.249330 -4.374832 -82.625249
v -0.911513 -1.896896 -80.275725
v -2.010000 -6.226253 -62.445377
v -2.268819 -8.061065 -63.930041
v -2.010000 -8.082114 -63.903243
v -2.268819 -6.205204 -62.472172
v -2.510000 -7.999353 -64.008600
v -2.510000 -6.143491 -62.550732
v -2.717106 -7.901182 -64.133570
v -2.717106 -6.045321 -62.675702
v -2.876026 -7.773244 -64.296434
v -2.876025 -5.917383 -62.838567
v -2.975926 -7.624257 -64.486095
v -2.975926 -5.768395 -63.028229
v -3.010000 -7.464373 -64.689626
v -3.010000 -5.608513 -63.231758
v -3.010000 -4.437445 -68.542898
v -2.975926 -4.597328 -68.339368
v -3.010000 -7.464373 -64.689626
v -2.717106 -4.874253 -67.986842
v -2.510000 -4.972424 -67.861871
v 8.189999 -5.055187 -67.756516
v 8.448818 -5.034137 -67.783311
v 9.189999 -7.464374 -64.689626
v 8.897105 -4.874254 -67.986842
v 9.056025 -4.746316 -68.149706
v 8.689999 -4.972424 -67.861871
v 9.155925 -4.597328 -68.339367
v 9.189999 -4.437445 -68.542897
v 9.155925 -7.624256 -64.486096
v 8.189999 -8.082115 -63.903243
v 8.897105 -7.901183 -64.133570
v 8.689999 -7.999353 -64.008599
v 9.056024 -7.773245 -64.296434
v 8.448818 -8.061065 -63.930040
v 3.589999 -7.227177 -64.991577
v 3.589999 -8.082115 -63.903244
v 3.797106 -7.129006 -65.116548
v 3.956025 -7.001069 -65.279412
v 4.055925 -6.852081 -65.469072
v 4.089999 -6.692198 -65.672604
v 4.055925 -6.532315 -65.876134
v 3.956025 -6.383328 -66.065794
v 3.797106 -6.255389 -66.228660
v 3.590000 -6.157219 -66.353630
v 3.348819 -6.095507 -66.432190
v 3.090000 -6.074458 -66.458986
v -2.009999 -5.055186 -67.756516
v 2.831181 -6.095507 -66.432190
v 2.590000 -6.157219 -66.353630
v 2.382893 -6.255389 -66.228659
v 2.223974 -6.383328 -66.065795
v 2.124074 -6.532315 -65.876134
v 2.090000 -6.692198 -65.672603
v 2.124074 -6.852081 -65.469073
v 2.223974 -7.001069 -65.279412
v 2.382893 -7.129007 -65.116547
v 2.590000 -7.227177 -64.991576
v -2.010000 -8.082114 -63.903243
v 9.189999 -5.608513 -63.231758
v 9.155925 -7.624256 -64.486096
v 9.189999 -7.464374 -64.689626
v 9.155924 -5.768395 -63.028228
v 9.056024 -7.773245 -64.296434
v 9.056024 -5.917383 -62.838567
v 8.897105 -7.901183 -64.133570
v 8.897105 -6.045321 -62.675702
v 8.689999 -7.999353 -64.008599
v 8.689999 -6.143491 -62.550731
v 8.448818 -8.061065 -63.930040
v 8.448818 -6.205204 -62.472173
v 8.189999 -8.082115 -63.903243
v 8.189999 -6.226253 -62.445375
v -3.009998 13.109024 -87.059133
v -2.975924 11.413046 -88.720532
v -3.009998 11.253163 -88.517001
v -2.975924 13.268907 -87.262664
v -2.876024 11.562034 -88.910193
v -2.876023 13.417895 -87.452325
v -2.717105 11.689971 -89.073057
v -2.717105 13.545832 -87.615189
v -2.509998 11.788141 -89.198027
v -2.509998 13.644003 -87.740161
v -2.268817 11.849854 -89.276588
v -2.268817 13.705715 -87.818720
v -2.009998 11.870903 -89.303384
v -2.009998 13.726765 -87.845515
v -3.010000 -2.581584 -67.085030
v -3.010000 22.664207 -73.322013
v -3.009999 10.082096 -83.205861
v -3.009999 -0.510728 -80.421510
v -3.010001 10.000528 -57.201182
v -3.009998 13.109024 -87.059133
v -3.009998 8.226234 -84.663730
v -3.009998 11.253163 -88.517001
v 2.590001 11.870903 -89.303383
v 2.590001 11.015966 -88.215050
v -2.009998 11.870903 -89.303384
v 2.223976 10.789858 -87.927215
v 2.124076 10.640870 -87.737553
v -3.009998 11.253163 -88.517001
v 2.382895 10.044179 -86.977968
v 2.590001 9.946008 -86.852997
v -2.009998 8.843975 -85.450111
v 3.590001 9.946008 -86.852996
v 3.797108 10.044178 -86.977967
v 8.190000 8.843975 -85.450111
v 4.055927 10.640870 -87.737553
v 3.956027 10.789858 -87.927215
v 9.190001 11.253162 -88.517001
v 8.190001 11.870903 -89.303383
v 3.797108 10.917795 -88.090079
v 3.590001 11.015966 -88.215050
v 3.590001 11.870903 -89.303383
v 8.690001 11.788141 -89.198028
v 8.897107 11.689971 -89.073057
v 9.056026 11.562033 -88.910192
v 9.155927 11.413045 -88.720531
v 8.448819 11.849854 -89.276587
v 4.055927 10.321104 -87.330494
v 4.090001 10.480987 -87.534023
v 9.155927 8.386117 -84.867260
v 9.056026 8.535104 -85.056919
v 8.897107 8.663042 -85.219784
v 8.690000 8.761213 -85.344756
v 8.448819 8.822926 -85.423316
v 9.190001 8.226234 -84.663728
v 3.090001 9.863246 -86.747641
v 3.348820 9.884296 -86.774437
v 3.956026 10.172117 -87.140833
v 2.124076 10.321104 -87.330493
v 2.223976 10.172117 -87.140832
v 2.831182 9.884296 -86.774436
v -2.268817 8.822926 -85.423317
v -2.717105 8.663043 -85.219785
v -2.876024 8.535105 -85.056920
v 8.190000 13.726764 -87.845515
v 8.448819 11.849854 -89.276587
v 8.190001 11.870903 -89.303383
v 8.448819 13.705715 -87.818719
v 8.690001 11.788141 -89.198028
v 8.690000 13.644003 -87.740161
v 8.897107 11.689971 -89.073057
v 8.897107 13.545832 -87.615189
v 9.056026 11.562033 -88.910192
v 9.056026 13.417894 -87.452324
v 9.155927 11.413045 -88.720531
v 9.155926 13.268907 -87.262663
v 9.190001 11.253162 -88.517001
v 9.190001 13.109024 -87.059133
v 9.190000 10.082095 -83.205861
v 9.190000 -0.510728 -80.421510
v 9.190001 0.050362 -81.135777
v 9.190001 0.611453 -81.850044
v 9.190001 8.226234 -84.663728
v 9.190001 11.253162 -88.517001
v 9.190001 13.109024 -87.059133
v 9.189998 10.000527 -57.201181
v 9.189999 -2.581584 -67.085030
v 9.189999 22.664207 -73.322012
v 9.189999 -4.437445 -68.542897
v 8.189999 -3.199324 -66.298648
v 8.448816 9.403835 -56.441594
v 8.189998 9.382787 -56.414800
v 8.448818 -3.178276 -66.325443
v 8.689998 9.465548 -56.520154
v 8.689999 -3.116563 -66.404003
v 8.897104 9.563719 -56.645126
v 8.897105 -3.018393 -66.528974
v 9.056023 9.691656 -56.807990
v 9.056024 -2.890455 -66.691838
v 9.155924 9.840644 -56.997651
v 9.155925 -2.741468 -66.881500
v 9.189998 10.000527 -57.201181
v 9.056025 22.973077 -73.715204
v 9.189999 22.664207 -73.322012
v 9.155925 22.824090 -73.525543
v 8.897106 23.101015 -73.878068
v 8.689999 23.199187 -74.003039
v 8.448818 23.260899 -74.081600
v 8.189999 23.281948 -74.108395
v -2.010000 23.281948 -74.108395
v -3.010000 22.664207 -73.322013
v -3.010001 10.000528 -57.201182
v -2.010001 9.382787 -56.414800
v -2.268819 23.260900 -74.081600
v -2.510000 23.199186 -74.003040
v -2.876025 22.973078 -73.715204
v -2.975926 22.824090 -73.525543
v -2.876027 9.691657 -56.807991
v -2.975927 9.840644 -56.997652
v -2.717108 9.563719 -56.645126
v -2.510001 9.465549 -56.520154
v -2.268820 9.403836 -56.441595
v 8.189998 9.382787 -56.414800
v -2.975926 -2.741467 -66.881500
v -2.876027 9.691657 -56.807991
v -2.975927 9.840644 -56.997652
v -3.010000 -2.581584 -67.085030
v -2.876026 -2.890454 -66.691839
v -2.717108 9.563719 -56.645126
v -2.717107 -3.018392 -66.528974
v -2.510001 9.465549 -56.520154
v -2.510000 -3.116563 -66.404004
v -2.268820 9.403836 -56.441595
v -2.268819 -3.178275 -66.325443
v -2.010001 9.382787 -56.414800
v -2.010000 -3.199324 -66.298648
v 9.155926 10.241978 -83.409391
v 9.056025 22.973077 -73.715204
v 9.155925 22.824090 -73.525543
v 9.190000 10.082095 -83.205861
v 9.056026 10.390966 -83.599053
v 8.897106 23.101015 -73.878068
v 8.897107 10.518904 -83.761916
v 8.689999 23.199187 -74.003039
v 8.690001 10.617074 -83.886888
v 8.448818 23.260899 -74.081600
v 8.448819 10.678787 -83.965449
v 8.189999 23.281948 -74.108395
v 8.190000 10.699836 -83.992243
v -2.009999 10.699836 -83.992243
v -2.268819 23.260900 -74.081600
v -2.010000 23.281948 -74.108395
v -2.268817 10.678788 -83.965449
v -2.510000 23.199186 -74.003040
v -2.509998 10.617075 -83.886888
v -2.717106 23.101016 -73.878068
v -2.717105 10.518904 -83.761917
v -2.876025 22.973078 -73.715204
v -2.876024 10.390966 -83.599052
v -2.975926 22.824090 -73.525543
v -2.975924 10.241979 -83.409393
v -3.010000 22.664207 -73.322013
v 2.590001 13.726765 -87.845515
v 2.590001 12.871827 -86.757182
v 2.590001 11.870903 -89.303383
v 5.464460 -6.289845 -80.187442
v 5.839919 -5.446007 -81.261644
v 5.741661 -5.883118 -80.705204
v 5.027022 -6.638741 -79.743297
v 4.458866 -6.906263 -79.402743
v 3.798334 -7.074355 -79.188762
v 3.090001 -7.131675 -79.115793
v 2.381668 -7.074355 -79.188762
v 1.721136 -6.906263 -79.402743
v 1.152980 -6.638741 -79.743297
v 0.715542 -6.289845 -80.187442
v 0.438341 -5.883118 -80.705205
v 6.329732 -2.066868 -79.640373
v 6.382494 -1.929611 -79.424677
v 6.466427 -1.850108 -79.190620
v 6.575812 -1.833775 -78.954153
v 6.703192 -1.881728 -78.731390
v 6.839889 -1.990697 -78.537513
v -0.523191 -1.881727 -78.731391
v -0.395811 -1.833775 -78.954153
v -0.286426 -1.850107 -79.190620
v -0.202493 -1.929611 -79.424677
v -0.149730 -2.066868 -79.640373
v -0.131734 -2.252525 -79.823010
v -0.131734 -2.252525 -79.823010
v -0.131734 -4.926224 -81.923328
v 0.063080 -2.350292 -79.698552
v 0.063080 -5.023991 -81.798870
v 0.212346 -2.474948 -79.539866
v 0.212346 -5.148645 -81.640184
v 0.306661 -2.618637 -79.356950
v 0.306661 -5.292336 -81.457269
v 0.340083 -2.772309 -79.161327
v 0.340083 -5.446008 -81.261645
v 5.839919 -2.772308 -79.161326
v 0.306010 -2.568940 -79.001237
v 0.206113 -2.379756 -78.851643
v 0.047198 -2.217650 -78.722740
v -0.159902 -2.093667 -78.623312
v -0.401076 -2.016258 -78.560134
v -0.659887 -1.990697 -78.537514
v 5.839919 -2.772308 -79.161326
v 5.839919 -5.446007 -81.261644
v 5.873341 -2.618637 -79.356950
v 5.873341 -5.292336 -81.457268
v 5.967656 -2.474948 -79.539866
v 5.967656 -5.148647 -81.640184
v 6.116922 -2.350292 -79.698552
v 6.116922 -5.023992 -81.798870
v 6.311735 -2.252524 -79.823009
v 6.311736 -4.926224 -81.923327
v -2.150843 -0.981003 -81.441655
v 9.190001 1.733635 -83.278578
v 9.190001 1.733635 -83.278578
v -0.031463 4.184736 -88.017626
v -3.009998 1.733635 -83.278578
v -3.009998 1.733635 -83.278578
v 8.330846 2.875508 -86.350982
v 9.190001 1.733635 -83.278578
v 3.090001 5.501851 -88.075508
v 3.090001 5.501851 -88.075508
v -3.009999 -0.510728 -80.421510
v -0.659887 -1.990697 -78.537514
v 6.839889 -1.990697 -78.537513
v 9.190000 -0.510728 -80.421510
v -0.131734 -2.252525 -79.823010
v -0.131734 -4.926224 -81.923328
v 6.311735 -2.252524 -79.823009
v -2.010000 -8.082114 -63.903243
v 2.589999 -8.082115 -63.903243
v -2.010000 -6.226253 -62.445377
v 2.589999 -6.226253 -62.445377
v -2.268819 -8.061065 -63.930041
v -2.510000 -7.999353 -64.008600
v -2.717106 -7.901182 -64.133570
v -2.876026 -7.773244 -64.296434
v -2.975926 -7.624257 -64.486095
v 2.589999 -8.082115 -63.903243
v -2.876025 -4.746316 -68.149707
v -2.268818 -5.034137 -67.783311
v 8.189999 -6.226253 -62.445375
v 3.589999 -6.226253 -62.445376
v 8.189999 -8.082115 -63.903243
v 3.589999 -8.082115 -63.903244
v -3.010000 -5.608513 -63.231758
v -3.010000 -7.464373 -64.689626
v -3.010000 -4.437445 -68.542898
v -3.010000 -7.779569 -71.168295
v -3.009998 0.050362 -81.135777
v -3.009998 0.611453 -81.850044
v -3.009998 1.733635 -83.278578
v -3.009998 2.855816 -84.707112
v -3.009998 3.416907 -85.421379
v -3.009998 3.977998 -86.135647
v -3.009998 4.884111 -87.289126
v -2.975924 11.413046 -88.720532
v -2.876024 11.562034 -88.910193
v -2.717105 11.689971 -89.073057
v -2.509998 11.788141 -89.198027
v 2.382895 10.917795 -88.090079
v 2.090001 10.480987 -87.534024
v -2.509998 8.761213 -85.344756
v -2.975924 8.386117 -84.867259
v -3.009998 8.226234 -84.663730
v -2.268817 11.849854 -89.276588
v 9.189999 -7.464374 -64.689626
v 9.189999 -5.608513 -63.231758
v 9.189999 -7.779569 -71.168295
v 9.190001 1.733635 -83.278578
v 9.190001 2.855816 -84.707112
v 9.190001 3.416906 -85.421378
v 9.190001 3.977997 -86.135646
v 9.190001 4.884110 -87.289126
v 9.189999 -2.581584 -67.085030
v 8.448816 9.403835 -56.441594
v 9.189998 10.000527 -57.201181
v 8.689998 9.465548 -56.520154
v 8.897104 9.563719 -56.645126
v 9.056023 9.691656 -56.807990
v 9.155924 9.840644 -56.997651
v -2.717106 23.101016 -73.878068
v 8.189999 -5.055187 -67.756516
v 8.189999 -8.397310 -70.381913
v 8.448818 -5.034137 -67.783311
v 8.448818 -8.376261 -70.408707
v 8.689999 -4.972424 -67.861871
v 8.689999 -8.314547 -70.487267
v 8.897105 -4.874254 -67.986842
v 8.897106 -8.216377 -70.612239
v 9.056025 -4.746316 -68.149706
v 9.056025 -8.088440 -70.775103
v 9.155925 -4.597328 -68.339367
v 9.155926 -7.939451 -70.964765
v 9.189999 -4.437445 -68.542897
v 9.189999 -7.779569 -71.168295
v -3.010001 10.000528 -57.201182
v 8.189998 9.382787 -56.414800
v -2.010001 9.382787 -56.414800
v 8.189999 -3.199324 -66.298648
v -2.010000 -3.199324 -66.298648
v -3.010000 -4.437445 -68.542898
v -3.010000 -7.779569 -71.168295
v -2.975926 -4.597328 -68.339368
v -2.975925 -7.939451 -70.964764
v -2.876025 -4.746316 -68.149707
v -2.876025 -8.088440 -70.775103
v -2.717106 -4.874253 -67.986842
v -2.717106 -8.216377 -70.612239
v -2.510000 -4.972424 -67.861871
v -2.509999 -8.314548 -70.487268
v -2.268818 -5.034137 -67.783311
v -2.268818 -8.376260 -70.408708
v -2.009999 -5.055186 -67.756516
v -2.010000 -8.397309 -70.381913
v 9.189999 22.664207 -73.322012
v -3.009999 10.082096 -83.205861
v 9.190001 8.226234 -84.663728
v 9.190001 4.884110 -87.289126
v 9.155927 8.386117 -84.867260
v 9.155927 5.043994 -87.492656
v 9.056026 8.535104 -85.056919
v 9.056026 5.192981 -87.682318
v 8.897107 8.663042 -85.219784
v 8.897107 5.320919 -87.845182
v 8.690000 8.761213 -85.344756
v 8.690001 5.419090 -87.970153
v 8.448819 8.822926 -85.423316
v 8.448820 5.480802 -88.048713
v 8.190000 8.843975 -85.450111
v 8.190001 5.501851 -88.075508
v 8.190001 5.501851 -88.075508
v 6.723182 5.501852 -88.075508
v 8.190000 8.843975 -85.450111
v 5.814887 5.501851 -88.075508
v 4.906592 5.501851 -88.075507
v 3.090001 5.501851 -88.075508
v -2.009998 8.843975 -85.450111
v 1.273411 5.501852 -88.075508
v 0.365116 5.501851 -88.075507
v -0.543179 5.501851 -88.075508
v -2.009998 5.501852 -88.075508
v 9.190001 3.977997 -86.135646
v 8.508199 4.568055 -86.886788
v 9.190001 4.884110 -87.289126
v 9.155927 5.043994 -87.492656
v 9.056026 5.192981 -87.682318
v 8.897107 5.320919 -87.845182
v 7.678369 5.080676 -87.539353
v 8.690001 5.419090 -87.970153
v 8.448820 5.480802 -88.048713
v 8.190001 5.501851 -88.075508
v 6.723182 5.501852 -88.075508
v -2.009998 8.843975 -85.450111
v -2.009998 5.501852 -88.075508
v -2.268817 8.822926 -85.423317
v -2.268817 5.480803 -88.048713
v -2.509998 8.761213 -85.344756
v -2.509998 5.419090 -87.970154
v -2.717105 8.663043 -85.219785
v -2.717104 5.320919 -87.845182
v -2.876024 8.535105 -85.056920
v -2.876024 5.192982 -87.682318
v -2.975924 8.386117 -84.867259
v -2.975924 5.043994 -87.492657
v -3.009998 8.226234 -84.663730
v -3.009998 4.884111 -87.289126
v -0.543179 5.501851 -88.075508
v -1.498366 5.080676 -87.539353
v -2.009998 5.501852 -88.075508
v -2.268817 5.480803 -88.048713
v -2.509998 5.419090 -87.970154
v -2.717104 5.320919 -87.845182
v -2.328197 4.568056 -86.886789
v -2.876024 5.192982 -87.682318
v -2.975924 5.043994 -87.492657
v -3.009998 4.884111 -87.289126
v -3.009998 3.977998 -86.135647
v 3.589999 -6.226253 -62.445376
v 3.589999 -5.371315 -63.533709
v 3.589999 -8.082115 -63.903244
v 3.589999 -7.227177 -64.991577
v 3.589999 -7.227177 -64.991577
v 3.589999 -5.371315 -63.533709
v 3.797106 -7.129006 -65.116548
v 3.797106 -5.273145 -63.658680
v 3.956025 -7.001069 -65.279412
v 3.956025 -5.145207 -63.821545
v 4.055925 -6.852081 -65.469072
v 4.055925 -4.996219 -64.011206
v 4.089999 -6.692198 -65.672604
v 4.089999 -4.836336 -64.214735
v 4.055925 -6.532315 -65.876134
v 4.055925 -4.676454 -64.418266
v 3.956025 -6.383328 -66.065794
v 3.956025 -4.527466 -64.607927
v 3.797106 -6.255389 -66.228660
v 3.797106 -4.399528 -64.770792
v 3.590000 -6.157219 -66.353630
v 3.589999 -4.301358 -64.895763
v 3.348819 -6.095507 -66.432190
v 3.348818 -4.239645 -64.974322
v 3.090000 -6.074458 -66.458986
v 3.089999 -4.218596 -65.001118
v 2.831181 -6.095507 -66.432190
v 2.831180 -4.239646 -64.974322
v 2.590000 -6.157219 -66.353630
v 2.589999 -4.301357 -64.895763
v 2.382893 -6.255389 -66.228659
v 2.382893 -4.399529 -64.770792
v 2.223974 -6.383328 -66.065795
v 2.223974 -4.527466 -64.607926
v 2.124074 -6.532315 -65.876134
v 2.124074 -4.676454 -64.418266
v 2.090000 -6.692198 -65.672603
v 2.089999 -4.836336 -64.214737
v 2.124074 -6.852081 -65.469073
v 2.124074 -4.996220 -64.011205
v 2.223974 -7.001069 -65.279412
v 2.223974 -5.145207 -63.821545
v 2.382893 -7.129007 -65.116547
v 2.382893 -5.273145 -63.658681
v 2.590000 -7.227177 -64.991576
v 2.589999 -5.371316 -63.533708
v 2.589999 -5.371316 -63.533708
v 2.589999 -6.226253 -62.445377
v 2.590000 -7.227177 -64.991576
v 2.589999 -8.082115 -63.903243
v 2.590001 11.015966 -88.215050
v 2.590001 12.871827 -86.757182
v 2.382895 10.917795 -88.090079
v 2.382894 12.773657 -86.632211
v 2.223976 10.789858 -87.927215
v 2.223976 12.645719 -86.469347
v 2.124076 10.640870 -87.737553
v 2.124075 12.496731 -86.279686
v 2.090001 10.480987 -87.534024
v 2.090001 12.336848 -86.076156
v 2.124076 10.321104 -87.330493
v 2.124075 12.176965 -85.872625
v 2.223976 10.172117 -87.140832
v 2.223976 12.027978 -85.682966
v 2.382895 10.044179 -86.977968
v 2.382894 11.900040 -85.520100
v 2.590001 9.946008 -86.852997
v 2.590001 11.801870 -85.395129
v 2.831182 9.884296 -86.774436
v 2.831182 11.740157 -85.316569
v 3.090001 9.863246 -86.747641
v 3.090001 11.719108 -85.289773
v 3.348820 9.884296 -86.774437
v 3.348820 11.740157 -85.316568
v 3.590001 9.946008 -86.852996
v 3.590001 11.801869 -85.395128
v 3.797108 10.044178 -86.977967
v 3.797108 11.900040 -85.520099
v 3.956026 10.172117 -87.140833
v 3.956026 12.027978 -85.682965
v 4.055927 10.321104 -87.330494
v 4.055927 12.176965 -85.872625
v 4.090001 10.480987 -87.534023
v 4.090001 12.336848 -86.076156
v 4.055927 10.640870 -87.737553
v 4.055927 12.496731 -86.279686
v 3.956027 10.789858 -87.927215
v 3.956026 12.645719 -86.469347
v 3.797108 10.917795 -88.090079
v 3.797108 12.773657 -86.632212
v 3.590001 11.015966 -88.215050
v 3.590001 12.871827 -86.757182
v 2.590001 11.015966 -88.215050
v 3.590001 12.871827 -86.757182
v 3.590001 13.726764 -87.845515
v 3.590001 11.015966 -88.215050
v 3.590001 11.870903 -89.303383
v -2.268817 13.705715 -87.818720
v -2.509998 13.644003 -87.740161
v -2.009998 13.726765 -87.845515
v -2.717105 13.545832 -87.615189
v -2.876023 13.417895 -87.452325
v -2.975924 13.268907 -87.262664
v -3.009998 13.109024 -87.059133
v 2.382894 12.773657 -86.632211
v 2.590001 12.871827 -86.757182
v 2.590001 13.726765 -87.845515
v -2.975924 10.241979 -83.409393
v -2.876024 10.390966 -83.599052
v -2.717105 10.518904 -83.761917
v -2.509998 10.617075 -83.886888
v -2.268817 10.678788 -83.965449
v -2.009999 10.699836 -83.992243
v 2.223976 12.645719 -86.469347
v 2.124075 12.496731 -86.279686
v 2.090001 12.336848 -86.076156
v 2.124075 12.176965 -85.872625
v 2.223976 12.027978 -85.682966
v 2.382894 11.900040 -85.520100
v 2.590001 11.801870 -85.395129
v 2.831182 11.740157 -85.316569
v 3.090001 11.719108 -85.289773
v 8.190000 10.699836 -83.992243
v 3.348820 11.740157 -85.316568
v 8.448819 10.678787 -83.965449
v 9.190001 13.109024 -87.059133
v 3.590001 11.801869 -85.395128
v 3.797108 11.900040 -85.520099
v 3.956026 12.027978 -85.682965
v 4.055927 12.176965 -85.872625
v 4.090001 12.336848 -86.076156
v 8.690001 10.617074 -83.886888
v 8.897107 10.518904 -83.761916
v 9.056026 10.390966 -83.599053
v 9.155926 10.241978 -83.409391
v 9.190000 10.082095 -83.205861
v 9.155926 13.268907 -87.262663
v 8.190000 13.726764 -87.845515
v 4.055927 12.496731 -86.279686
v 3.956026 12.645719 -86.469347
v 3.797108 12.773657 -86.632212
v 3.590001 12.871827 -86.757182
v 9.056026 13.417894 -87.452324
v 8.897107 13.545832 -87.615189
v 8.690000 13.644003 -87.740161
v 8.448819 13.705715 -87.818719
v 3.590001 13.726764 -87.845515
v -3.009999 10.082096 -83.205861
v -2.009998 13.726765 -87.845515
v 2.590001 13.726765 -87.845515
v -2.009998 11.870903 -89.303384
v 2.590001 11.870903 -89.303383
v -1.249330 -4.374832 -82.625249
v -0.863218 1.143360 -89.649891
v -0.131734 -4.926224 -81.923328
v -1.836323 0.495818 -88.825572
v 0.327229 1.633125 -90.273361
v 1.669569 1.938185 -90.661703
v 3.090002 2.041771 -90.793567
v 4.510435 1.938185 -90.661702
v 5.852774 1.633124 -90.273360
v 7.043221 1.143360 -89.649891
v 8.016326 0.495817 -88.825572
v 8.718589 -0.273902 -87.845721
v 9.111401 -1.123480 -86.764210
v 9.173166 -2.006208 -85.640500
v 8.900488 -2.873555 -84.536370
v 8.308358 -3.677836 -83.512523
v 7.429332 -4.374831 -82.625248
v 6.311736 -4.926224 -81.923327
v 0.063080 -5.023991 -81.798870
v -2.128356 -3.677836 -83.512523
v -2.538586 -0.273902 -87.845721
v -2.720486 -2.873554 -84.536371
v -2.931398 -1.123480 -86.764211
v -2.993163 -2.006207 -85.640501
v 6.116922 -5.023992 -81.798870
v 0.212346 -5.148645 -81.640184
v 5.967656 -5.148647 -81.640184
v 0.306661 -5.292336 -81.457269
v 5.873341 -5.292336 -81.457268
v 0.340083 -5.446008 -81.261645
v 0.340083 -2.772309 -79.161327
v 0.340083 -5.446008 -81.261645
v 0.438340 -3.209418 -78.604886
v 0.438341 -5.883118 -80.705205
v 0.715541 -3.616146 -78.087124
v 0.715542 -6.289845 -80.187442
v 1.152980 -3.965043 -77.642979
v 1.152980 -6.638741 -79.743297
v 1.721136 -4.232563 -77.302425
v 1.721136 -6.906263 -79.402743
v 2.381668 -4.400657 -77.088444
v 2.381668 -7.074355 -79.188762
v 3.090001 -4.457976 -77.015476
v 3.090001 -7.131675 -79.115793
v 3.798334 -4.400656 -77.088444
v 3.798334 -7.074355 -79.188762
v 4.458866 -4.232563 -77.302425
v 4.458866 -6.906263 -79.402743
v 5.027021 -3.965042 -77.642979
v 5.027022 -6.638741 -79.743297
v 5.464460 -3.616145 -78.087124
v 5.464460 -6.289845 -80.187442
v 5.741661 -3.209418 -78.604886
v 5.741661 -5.883118 -80.705204
v 5.839919 -2.772308 -79.161326
v 5.839919 -5.446007 -81.261644
v 8.189999 -5.055187 -67.756516
v -2.009999 -5.055186 -67.756516
v 8.189999 -8.397310 -70.381913
v -2.010000 -8.397309 -70.381913
v -2.975926 -5.768395 -63.028229
v -2.010000 -6.226253 -62.445377
v -3.010000 -5.608513 -63.231758
v -2.876025 -5.917383 -62.838567
v -2.717106 -6.045321 -62.675702
v -2.510000 -6.143491 -62.550732
v 2.589999 -5.371316 -63.533708
v 2.382893 -5.273145 -63.658681
v 2.223974 -5.145207 -63.821545
v 2.124074 -4.996220 -64.011205
v 2.089999 -4.836336 -64.214737
v 2.124074 -4.676454 -64.418266
v -2.010000 -3.199324 -66.298648
v -2.268819 -3.178275 -66.325443
v -2.510000 -3.116563 -66.404004
v -2.717107 -3.018392 -66.528974
v -2.876026 -2.890454 -66.691839
v -2.975926 -2.741467 -66.881500
v -3.010000 -2.581584 -67.085030
v -2.268819 -6.205204 -62.472172
v 2.589999 -6.226253 -62.445377
v 2.223974 -4.527466 -64.607926
v 2.382893 -4.399529 -64.770792
v 2.589999 -4.301357 -64.895763
v 2.831180 -4.239646 -64.974322
v 3.089999 -4.218596 -65.001118
v 8.189999 -3.199324 -66.298648
v 3.348818 -4.239645 -64.974322
v 3.589999 -4.301358 -64.895763
v 3.797106 -4.399528 -64.770792
v 3.956025 -4.527466 -64.607927
v 4.055925 -4.676454 -64.418266
v 9.189999 -5.608513 -63.231758
v 4.089999 -4.836336 -64.214735
v 4.055925 -4.996219 -64.011206
v 3.956025 -5.145207 -63.821545
v 3.797106 -5.273145 -63.658680
v 8.189999 -6.226253 -62.445375
v 9.155925 -2.741468 -66.881500
v 9.056024 -2.890455 -66.691838
v 8.897105 -3.018393 -66.528974
v 8.689999 -3.116563 -66.404003
v 8.448818 -3.178276 -66.325443
v 3.589999 -5.371315 -63.533709
v 3.589999 -6.226253 -62.445376
v 8.689999 -6.143491 -62.550731
v 8.897105 -6.045321 -62.675702
v 9.056024 -5.917383 -62.838567
v 9.155924 -5.768395 -63.028228
v 8.448818 -6.205204 -62.472173
v 9.189999 -2.581584 -67.085030
v 8.190001 11.870903 -89.303383
v 3.590001 11.870903 -89.303383
v 8.190000 13.726764 -87.845515
v 3.590001 13.726764 -87.845515
v 8.190000 10.699836 -83.992243
v -2.009999 10.699836 -83.992243
v 8.189999 23.281948 -74.108395
v -2.010000 23.281948 -74.108395
v 2.714558 -2.432536 -89.565683
v 3.090001 -2.414283 -89.588919
v 3.090001 -3.116344 -89.504598
v 2.760069 -3.134176 -89.481899
v 2.348360 -2.486846 -89.496547
v 2.440163 -3.187128 -89.414491
v 2.000424 -2.575874 -89.383214
v 2.140001 -3.273591 -89.304423
v 1.679316 -2.697430 -89.228473
v 1.868704 -3.390940 -89.155039
v 1.392944 -2.848520 -89.036137
v 1.634516 -3.535607 -88.970878
v 1.148360 -3.025423 -88.810939
v 1.444553 -3.703198 -88.757535
v 0.951585 -3.223784 -88.558426
v 1.304585 -3.888620 -88.521494
v 0.807465 -3.438719 -88.284815
v 1.218866 -4.086239 -88.269925
v 0.719549 -3.664934 -87.996844
v 1.190001 -4.290051 -88.010473
v 0.719549 -4.128787 -87.406361
v 0.690001 -3.896860 -87.701602
v 1.218866 -4.493863 -87.751020
v 0.807465 -4.355002 -87.118389
v 1.304585 -4.691483 -87.499451
v 0.951585 -4.569936 -86.844778
v 1.444552 -4.876905 -87.263410
v 1.148360 -4.768297 -86.592265
v 1.634516 -5.044496 -87.050067
v 1.392944 -4.945201 -86.367068
v 1.868704 -5.189163 -86.865906
v 1.679316 -5.096291 -86.174731
v 2.140001 -5.306511 -86.716522
v 2.000423 -5.217846 -86.019991
v 2.440162 -5.392975 -86.606454
v 2.348360 -5.306875 -85.906657
v 2.760069 -5.445927 -86.539046
v 2.714558 -5.361185 -85.837521
v 3.090001 -5.463758 -86.516347
v 3.465443 -5.361185 -85.837521
v 3.090000 -5.379438 -85.814286
v 3.419932 -5.445927 -86.539046
v 3.831641 -5.306875 -85.906657
v 3.739839 -5.392975 -86.606453
v 4.179578 -5.217846 -86.019990
v 4.040001 -5.306512 -86.716522
v 4.500685 -5.096291 -86.174731
v 4.311297 -5.189163 -86.865906
v 4.787057 -4.945201 -86.367067
v 4.545485 -5.044496 -87.050067
v 5.031641 -4.768297 -86.592265
v 4.735449 -4.876905 -87.263409
v 5.228416 -4.569936 -86.844778
v 4.875417 -4.691483 -87.499451
v 5.372536 -4.355002 -87.118389
v 4.961135 -4.493864 -87.751020
v 5.460453 -4.128787 -87.406361
v 4.990001 -4.290052 -88.010472
v 5.460453 -3.664934 -87.996843
v 5.490001 -3.896860 -87.701602
v 4.961135 -4.086239 -88.269924
v 5.372536 -3.438719 -88.284815
v 4.875417 -3.888620 -88.521493
v 5.228416 -3.223784 -88.558426
v 4.735449 -3.703198 -88.757535
v 5.031641 -3.025423 -88.810939
v 4.545485 -3.535607 -88.970878
v 4.787057 -2.848520 -89.036136
v 4.311297 -3.390940 -89.155039
v 4.500685 -2.697430 -89.228473
v 4.040001 -3.273591 -89.304423
v 4.179578 -2.575874 -89.383214
v 3.739839 -3.187128 -89.414491
v 3.831642 -2.486846 -89.496547
v 3.419932 -3.134176 -89.481899
v 3.465444 -2.432536 -89.565683
v 3.090001 -0.243869 -87.883955
v 3.465444 -2.432536 -89.565683
v 3.090001 -2.414283 -89.588919
v 3.465443 -0.262122 -87.860719
v 3.831642 -2.486846 -89.496547
v 3.831642 -0.316431 -87.791583
v 4.179578 -2.575874 -89.383214
v 4.179578 -0.405460 -87.678250
v 4.500685 -2.697430 -89.228473
v 4.500685 -0.527016 -87.523509
v 4.787057 -2.848520 -89.036136
v 4.787057 -0.678106 -87.331172
v 5.031641 -3.025423 -88.810939
v 5.031641 -0.855009 -87.105975
v 5.228416 -3.223784 -88.558426
v 5.228416 -1.053370 -86.853462
v 5.372536 -3.438719 -88.284815
v 5.372536 -1.268305 -86.579851
v 5.460453 -3.664934 -87.996843
v 5.460453 -1.494520 -86.291879
v 5.490001 -3.896860 -87.701602
v 5.490000 -1.726446 -85.996638
v 5.460453 -4.128787 -87.406361
v 5.460452 -1.958372 -85.701397
v 5.372536 -4.355002 -87.118389
v 5.372536 -2.184588 -85.413425
v 5.228416 -4.569936 -86.844778
v 5.228416 -2.399522 -85.139814
v 5.031641 -4.768297 -86.592265
v 5.031641 -2.597883 -84.887301
v 4.787057 -4.945201 -86.367067
v 4.787057 -2.774787 -84.662104
v 4.500685 -5.096291 -86.174731
v 4.500685 -2.925876 -84.469767
v 4.179578 -5.217846 -86.019990
v 4.179578 -3.047432 -84.315027
v 3.831641 -5.306875 -85.906657
v 3.831641 -3.136461 -84.201693
v 3.465443 -5.361185 -85.837521
v 3.465443 -3.190770 -84.132558
v 3.090000 -5.379438 -85.814286
v 3.090000 -3.209023 -84.109322
v 2.714558 -5.361185 -85.837521
v 2.714558 -3.190770 -84.132558
v 2.348360 -5.306875 -85.906657
v 2.348360 -3.136461 -84.201693
v 2.000423 -5.217846 -86.019991
v 2.000423 -3.047432 -84.315027
v 1.679316 -5.096291 -86.174731
v 1.679316 -2.925876 -84.469767
v 1.392944 -4.945201 -86.367068
v 1.392944 -2.774787 -84.662104
v 1.148360 -4.768297 -86.592265
v 1.148360 -2.597883 -84.887302
v 0.951585 -4.569936 -86.844778
v 0.951585 -2.399522 -85.139815
v 0.807465 -4.355002 -87.118389
v 0.807465 -2.184588 -85.413425
v 0.719549 -4.128787 -87.406361
v 0.719549 -1.958372 -85.701397
v 0.690001 -3.896860 -87.701602
v 0.690001 -1.726446 -85.996638
v 0.719549 -3.664934 -87.996844
v 0.719549 -1.494520 -86.291880
v 0.807465 -3.438719 -88.284815
v 0.807465 -1.268305 -86.579851
v 0.951585 -3.223784 -88.558426
v 0.951585 -1.053370 -86.853462
v 1.148360 -3.025423 -88.810939
v 1.148360 -0.855009 -87.105975
v 1.392944 -2.848520 -89.036137
v 1.392944 -0.678106 -87.331173
v 1.679316 -2.697430 -89.228473
v 1.679316 -0.527016 -87.523510
v 2.000424 -2.575874 -89.383214
v 2.000424 -0.405460 -87.678250
v 2.348360 -2.486846 -89.496547
v 2.348360 -0.316431 -87.791583
v 2.714558 -2.432536 -89.565683
v 2.714558 -0.262122 -87.860719
v 3.090001 -2.414283 -89.588919
v 3.090001 -3.116344 -89.504598
v 3.090001 -2.414283 -89.588919
v 3.090001 -0.243869 -87.883955
v 3.090001 -3.116344 -89.504598
v 3.419932 -3.134176 -89.481899
v 2.760069 -3.134176 -89.481899
v 2.440163 -3.187128 -89.414491
v 3.739839 -3.187128 -89.414491
v 2.140001 -3.273591 -89.304423
v 4.040001 -3.273591 -89.304423
v 1.868704 -3.390940 -89.155039
v 4.311297 -3.390940 -89.155039
v 1.634516 -3.535607 -88.970878
v 4.545485 -3.535607 -88.970878
v 1.444553 -3.703198 -88.757535
v 4.735449 -3.703198 -88.757535
v 1.304585 -3.888620 -88.521494
v 4.875417 -3.888620 -88.521493
v 1.218866 -4.086239 -88.269925
v 4.961135 -4.086239 -88.269924
v 1.190001 -4.290051 -88.010473
v 4.990001 -4.290052 -88.010472
v 1.218866 -4.493863 -87.751020
v 4.961135 -4.493864 -87.751020
v 1.304585 -4.691483 -87.499451
v 4.875417 -4.691483 -87.499451
v 1.444552 -4.876905 -87.263410
v 4.735449 -4.876905 -87.263409
v 1.634516 -5.044496 -87.050067
v 4.545485 -5.044496 -87.050067
v 1.868704 -5.189163 -86.865906
v 4.311297 -5.189163 -86.865906
v 2.140001 -5.306511 -86.716522
v 4.040001 -5.306512 -86.716522
v 2.440162 -5.392975 -86.606454
v 3.739839 -5.392975 -86.606453
v 2.760069 -5.445927 -86.539046
v 3.419932 -5.445927 -86.539046
v 3.090001 -5.463758 -86.516347
v 3.090001 -0.243869 -87.883955
v 2.714558 -0.262122 -87.860719
v 3.465443 -0.262122 -87.860719
v 3.831642 -0.316431 -87.791583
v 2.348360 -0.316431 -87.791583
v 4.179578 -0.405460 -87.678250
v 2.000424 -0.405460 -87.678250
v 4.500685 -0.527016 -87.523509
v 1.679316 -0.527016 -87.523510
v 4.787057 -0.678106 -87.331172
v 1.392944 -0.678106 -87.331173
v 5.031641 -0.855009 -87.105975
v 1.148360 -0.855009 -87.105975
v 5.228416 -1.053370 -86.853462
v 0.951585 -1.053370 -86.853462
v 5.372536 -1.268305 -86.579851
v 0.807465 -1.268305 -86.579851
v 5.460453 -1.494520 -86.291879
v 0.719549 -1.494520 -86.291880
v 5.490000 -1.726446 -85.996638
v 0.690001 -1.726446 -85.996638
v 5.460452 -1.958372 -85.701397
v 0.719549 -1.958372 -85.701397
v 5.372536 -2.184588 -85.413425
v 0.807465 -2.184588 -85.413425
v 5.228416 -2.399522 -85.139814
v 0.951585 -2.399522 -85.139815
v 5.031641 -2.597883 -84.887301
v 1.148360 -2.597883 -84.887302
v 4.787057 -2.774787 -84.662104
v 1.392944 -2.774787 -84.662104
v 4.500685 -2.925876 -84.469767
v 1.679316 -2.925876 -84.469767
v 4.179578 -3.047432 -84.315027
v 2.000423 -3.047432 -84.315027
v 3.831641 -3.136461 -84.201693
v 2.348360 -3.136461 -84.201693
v 3.465443 -3.190770 -84.132558
v 2.714558 -3.190770 -84.132558
v 3.090000 -3.209023 -84.109322
v 2.465001 24.673789 -84.459853
v 2.465001 19.114124 -77.382416
v 2.443705 24.546582 -84.559780
v 2.443705 24.800996 -84.359927
v 2.381266 19.359868 -77.189372
v 2.443704 19.241331 -77.282489
v 2.465001 24.673789 -84.459853
v 2.381267 24.919534 -84.266810
v 2.281942 19.461659 -77.109411
v 2.281943 25.021324 -84.186848
v 2.152501 19.539766 -77.048054
v 2.152501 25.099431 -84.125492
v 2.001762 19.588866 -77.009484
v 2.001763 25.148531 -84.086921
v 1.840000 19.605613 -76.996328
v 1.840001 25.165278 -84.073766
v 1.678239 19.588866 -77.009484
v 1.678239 25.148531 -84.086921
v 1.527501 19.539766 -77.048054
v 1.527501 25.099431 -84.125492
v 1.398059 19.461659 -77.109411
v 1.398059 25.021324 -84.186848
v 1.298735 19.359869 -77.189372
v 1.298735 24.919534 -84.266810
v 1.236297 19.241331 -77.282489
v 1.236298 24.800996 -84.359927
v 1.215001 19.114124 -77.382416
v 1.215001 24.673789 -84.459854
v 1.236297 18.986917 -77.482343
v 1.236298 24.546583 -84.559780
v 1.298735 18.868380 -77.575460
v 1.298735 24.428045 -84.652898
v 1.398059 18.766589 -77.655421
v 1.398060 24.326254 -84.732859
v 1.527501 18.688482 -77.716778
v 1.527501 24.248147 -84.794215
v 1.678239 18.639382 -77.755348
v 1.678239 24.199047 -84.832786
v 1.840001 18.622635 -77.768504
v 1.840001 24.182300 -84.845941
v 2.001762 18.639382 -77.755348
v 2.001763 24.199047 -84.832786
v 2.152501 18.688482 -77.716778
v 2.152501 24.248147 -84.794215
v 2.281942 18.766589 -77.655421
v 2.281943 24.326254 -84.732859
v 2.381266 18.868380 -77.575460
v 2.381267 24.428045 -84.652897
v 2.443704 18.986917 -77.482343
v 2.465001 19.114124 -77.382416
v 2.443705 24.546582 -84.559780
v 1.236298 24.546583 -84.559780
v 2.465001 24.673789 -84.459853
v 1.298735 24.428045 -84.652898
v 1.215001 24.673789 -84.459854
v 2.443705 24.800996 -84.359927
v 1.236298 24.800996 -84.359927
v 2.381267 24.919534 -84.266810
v 1.298735 24.919534 -84.266810
v 2.281943 25.021324 -84.186848
v 1.398059 25.021324 -84.186848
v 2.152501 25.099431 -84.125492
v 1.527501 25.099431 -84.125492
v 2.001763 25.148531 -84.086921
v 1.678239 25.148531 -84.086921
v 1.840001 25.165278 -84.073766
v 2.381267 24.428045 -84.652897
v 1.398060 24.326254 -84.732859
v 2.281943 24.326254 -84.732859
v 1.527501 24.248147 -84.794215
v 2.152501 24.248147 -84.794215
v 1.678239 24.199047 -84.832786
v 2.001763 24.199047 -84.832786
v 1.840001 24.182300 -84.845941
v 3.715001 19.114124 -77.382416
v 3.736297 18.986918 -77.482343
v 3.798735 18.868380 -77.575459
v 3.898059 18.766589 -77.655421
v 4.027501 18.688482 -77.716778
v 4.178239 18.639382 -77.755348
v 4.340001 18.622636 -77.768503
v 4.501763 18.639382 -77.755348
v 4.652501 18.688482 -77.716778
v 4.781942 18.766589 -77.655421
v 4.881266 18.868380 -77.575459
v 4.943704 18.986918 -77.482343
v 4.965001 19.114124 -77.382415
v 4.943704 19.241330 -77.282489
v 4.881266 19.359869 -77.189372
v 4.781942 19.461659 -77.109411
v 4.652500 19.539766 -77.048054
v 4.501762 19.588866 -77.009483
v 4.340001 19.605613 -76.996328
v 4.178239 19.588866 -77.009483
v 4.027501 19.539766 -77.048054
v 3.898059 19.461659 -77.109411
v 3.798735 19.359869 -77.189372
v 3.736297 19.241330 -77.282489
v 3.715001 24.673790 -84.459854
v 3.736297 24.800996 -84.359928
v 3.798735 24.919535 -84.266810
v 3.898059 25.021325 -84.186849
v 4.027501 25.099431 -84.125493
v 4.178239 25.148532 -84.086922
v 4.340001 25.165279 -84.073766
v 4.501763 25.148532 -84.086922
v 4.652501 25.099431 -84.125492
v 4.781943 25.021325 -84.186849
v 4.881267 24.919534 -84.266810
v 4.943705 24.800996 -84.359927
v 4.965001 24.673790 -84.459854
v 4.943705 24.546583 -84.559781
v 4.881267 24.428046 -84.652898
v 4.781943 24.326255 -84.732859
v 4.652501 24.248148 -84.794216
v 4.501763 24.199048 -84.832787
v 4.340001 24.182301 -84.845942
v 4.178239 24.199048 -84.832787
v 4.027501 24.248148 -84.794216
v 3.898059 24.326255 -84.732860
v 3.798735 24.428046 -84.652898
v 3.736298 24.546583 -84.559781
v 2.486297 18.986918 -77.482343
v 2.548735 18.868380 -77.575460
v 2.648059 18.766589 -77.655421
v 2.777501 18.688483 -77.716778
v 2.928239 18.639382 -77.755348
v 3.090001 18.622636 -77.768503
v 3.251763 18.639382 -77.755348
v 3.402501 18.688482 -77.716778
v 3.531942 18.766589 -77.655421
v 3.631266 18.868380 -77.575460
v 3.693704 18.986918 -77.482343
v 3.693705 24.546583 -84.559781
v 3.631267 24.428046 -84.652898
v 3.531943 24.326255 -84.732860
v 3.402501 24.248148 -84.794216
v 3.251763 24.199048 -84.832787
v 3.090001 24.182301 -84.845942
v 2.928239 24.199048 -84.832787
v 2.777501 24.248148 -84.794216
v 2.648059 24.326255 -84.732860
v 2.548735 24.428046 -84.652898
v 2.486298 24.546583 -84.559781
v 2.486298 24.800996 -84.359928
v 2.548735 24.919535 -84.266810
v 2.648059 25.021325 -84.186849
v 2.777501 25.099431 -84.125493
v 2.928239 25.148532 -84.086922
v 3.090001 25.165279 -84.073766
v 3.251763 25.148532 -84.086922
v 3.402501 25.099431 -84.125493
v 3.531943 25.021325 -84.186849
v 3.631267 24.919535 -84.266810
v 3.693705 24.800996 -84.359928
v 3.693704 19.241330 -77.282489
v 3.631266 19.359869 -77.189372
v 3.531942 19.461659 -77.109411
v 3.402501 19.539766 -77.048054
v 3.251762 19.588866 -77.009484
v 3.090001 19.605613 -76.996328
v 2.928239 19.588866 -77.009484
v 2.777501 19.539766 -77.048054
v 2.648059 19.461659 -77.109411
v 2.548735 19.359869 -77.189372
v 2.486297 19.241330 -77.282489
v 3.715001 24.673790 -84.459854
v 3.715000 19.114125 -77.382416
v 3.736297 24.800996 -84.359927
v 3.736297 18.986918 -77.482343
v 3.736297 24.546583 -84.559781
v 3.798734 18.868380 -77.575460
v 3.798735 24.428045 -84.652898
v 3.898059 18.766590 -77.655421
v 3.898059 24.326255 -84.732859
v 4.027500 18.688483 -77.716778
v 4.027501 24.248148 -84.794216
v 4.178238 18.639383 -77.755348
v 4.178239 24.199048 -84.832786
v 4.340000 18.622636 -77.768504
v 4.340001 24.182301 -84.845942
v 4.501762 18.639383 -77.755348
v 4.501763 24.199048 -84.832786
v 4.652500 18.688483 -77.716778
v 4.652501 24.248148 -84.794216
v 4.781942 18.766589 -77.655421
v 4.781943 24.326255 -84.732859
v 4.881266 18.868380 -77.575460
v 4.881267 24.428045 -84.652898
v 4.943704 18.986918 -77.482343
v 4.943705 24.546583 -84.559781
v 4.965000 19.114125 -77.382416
v 4.965001 24.673790 -84.459854
v 4.943704 19.241331 -77.282489
v 4.965000 19.114125 -77.382416
v 4.943705 24.800996 -84.359927
v 4.881266 19.359869 -77.189372
v 4.881267 24.919534 -84.266810
v 4.781942 19.461660 -77.109411
v 4.781943 25.021325 -84.186849
v 4.652500 19.539766 -77.048054
v 4.652501 25.099431 -84.125492
v 4.501762 19.588866 -77.009484
v 4.501763 25.148531 -84.086922
v 4.340000 19.605613 -76.996328
v 4.340001 25.165278 -84.073766
v 4.178238 19.588866 -77.009484
v 4.178239 25.148531 -84.086922
v 4.027500 19.539766 -77.048054
v 4.027501 25.099431 -84.125492
v 3.898059 19.461660 -77.109411
v 3.898059 25.021325 -84.186849
v 3.798734 19.359869 -77.189372
v 3.798735 24.919534 -84.266810
v 3.736297 19.241331 -77.282489
v 4.965001 24.673790 -84.459854
v 3.736297 24.800996 -84.359927
v 4.943705 24.800996 -84.359927
v 3.715001 24.673790 -84.459854
v 4.881267 24.919534 -84.266810
v 4.965001 24.673790 -84.459854
v 3.736297 24.546583 -84.559781
v 4.943705 24.546583 -84.559781
v 3.798735 24.428045 -84.652898
v 4.881267 24.428045 -84.652898
v 3.898059 24.326255 -84.732859
v 4.781943 24.326255 -84.732859
v 4.027501 24.248148 -84.794216
v 4.652501 24.248148 -84.794216
v 4.178239 24.199048 -84.832786
v 4.501763 24.199048 -84.832786
v 4.340001 24.182301 -84.845942
v 3.798735 24.919534 -84.266810
v 4.781943 25.021325 -84.186849
v 3.898059 25.021325 -84.186849
v 4.652501 25.099431 -84.125492
v 4.027501 25.099431 -84.125492
v 4.501763 25.148531 -84.086922
v 4.178239 25.148531 -84.086922
v 4.340001 25.165278 -84.073766
v 3.715001 19.114125 -77.382416
v 3.715001 24.673790 -84.459854
v 3.693704 19.241331 -77.282489
v 3.693705 24.546583 -84.559781
v 2.465001 24.673790 -84.459854
v 2.486297 18.986918 -77.482343
v 2.465001 19.114125 -77.382416
v 2.486298 24.546583 -84.559781
v 2.548735 18.868380 -77.575460
v 2.548735 24.428045 -84.652898
v 2.648059 18.766590 -77.655421
v 2.648059 24.326255 -84.732859
v 2.777501 18.688483 -77.716778
v 2.777501 24.248148 -84.794216
v 2.928239 18.639383 -77.755348
v 2.928239 24.199048 -84.832786
v 3.090001 18.622636 -77.768504
v 3.090001 24.182301 -84.845942
v 3.251762 18.639383 -77.755348
v 3.251763 24.199048 -84.832786
v 3.402501 18.688483 -77.716778
v 3.402501 24.248148 -84.794216
v 3.531942 18.766589 -77.655421
v 3.531943 24.326255 -84.732859
v 3.631266 18.868380 -77.575460
v 3.631267 24.428045 -84.652898
v 3.693704 18.986918 -77.482343
v 2.486297 19.241331 -77.282489
v 2.548735 24.919534 -84.266810
v 2.486298 24.800996 -84.359927
v 2.465001 19.114125 -77.382416
v 2.548735 19.359869 -77.189372
v 2.648059 25.021325 -84.186849
v 2.648059 19.461660 -77.109411
v 2.777501 25.099431 -84.125492
v 2.777501 19.539766 -77.048054
v 2.928239 25.148531 -84.086922
v 2.928239 19.588866 -77.009484
v 3.090001 25.165278 -84.073766
v 3.090001 19.605613 -76.996328
v 3.251763 25.148531 -84.086922
v 3.251762 19.588866 -77.009484
v 3.402501 25.099431 -84.125492
v 3.402501 19.539766 -77.048054
v 3.531943 25.021325 -84.186849
v 3.531942 19.461660 -77.109411
v 3.631267 24.919534 -84.266810
v 3.631266 19.359869 -77.189372
v 3.693705 24.800996 -84.359927
v 3.715001 24.673790 -84.459854
v 2.465001 24.673790 -84.459854
v 2.486298 24.800996 -84.359927
v 3.693705 24.800996 -84.359927
v 2.465001 24.673790 -84.459854
v 3.631267 24.919534 -84.266810
v 3.715001 24.673790 -84.459854
v 2.486298 24.546583 -84.559781
v 3.693705 24.546583 -84.559781
v 2.548735 24.428045 -84.652898
v 3.631267 24.428045 -84.652898
v 2.648059 24.326255 -84.732859
v 3.531943 24.326255 -84.732859
v 2.777501 24.248148 -84.794216
v 3.402501 24.248148 -84.794216
v 2.928239 24.199048 -84.832786
v 3.251763 24.199048 -84.832786
v 3.090001 24.182301 -84.845942
v 2.548735 24.919534 -84.266810
v 3.531943 25.021325 -84.186849
v 2.648059 25.021325 -84.186849
v 3.402501 25.099431 -84.125492
v 2.777501 25.099431 -84.125492
v 3.251763 25.148531 -84.086922
v 2.928239 25.148531 -84.086922
v 3.090001 25.165278 -84.073766
v 3.715001 19.114124 -77.382416
v 4.943704 18.986918 -77.482342
v 4.965001 19.114124 -77.382416
v 3.736297 19.241331 -77.282489
v 4.943704 19.241331 -77.282489
v 3.798735 19.359869 -77.189372
v 4.881267 19.359869 -77.189372
v 3.898059 19.461659 -77.109410
v 4.781942 19.461659 -77.109410
v 4.027501 19.539766 -77.048054
v 4.652501 19.539766 -77.048054
v 4.178239 19.588866 -77.009483
v 4.501763 19.588866 -77.009483
v 4.340001 19.605613 -76.996328
v 3.736297 18.986918 -77.482343
v 4.881267 18.868380 -77.575460
v 3.798735 18.868380 -77.575460
v 4.781942 18.766589 -77.655421
v 3.898059 18.766589 -77.655421
v 4.652501 18.688483 -77.716778
v 4.027501 18.688483 -77.716778
v 4.501763 18.639383 -77.755348
v 4.178239 18.639383 -77.755348
v 4.340001 18.622636 -77.768503
v 3.693704 18.986918 -77.482343
v 2.486297 18.986918 -77.482343
v 3.631267 18.868380 -77.575460
v 2.548735 18.868380 -77.575460
v 3.531942 18.766589 -77.655421
v 2.648059 18.766589 -77.655421
v 3.402501 18.688483 -77.716778
v 2.777501 18.688483 -77.716778
v 3.251763 18.639383 -77.755348
v 2.928239 18.639383 -77.755348
v 3.090001 18.622636 -77.768504
v 2.465001 19.114124 -77.382416
v 3.715001 19.114124 -77.382416
v 2.486297 19.241331 -77.282489
v 3.693704 19.241331 -77.282489
v 2.548735 19.359869 -77.189372
v 3.631266 19.359869 -77.189372
v 2.648059 19.461659 -77.109410
v 3.531942 19.461659 -77.109410
v 2.777501 19.539766 -77.048054
v 3.402501 19.539766 -77.048054
v 2.928239 19.588866 -77.009484
v 3.251763 19.588866 -77.009484
v 3.090001 19.605613 -76.996328
v 2.443704 18.986918 -77.482343
v 1.215001 19.114124 -77.382416
v 1.236297 18.986918 -77.482343
v 2.381267 18.868380 -77.575460
v 1.298735 18.868380 -77.575460
v 2.281942 18.766589 -77.655421
v 1.398059 18.766589 -77.655421
v 2.152501 18.688483 -77.716778
v 1.527501 18.688483 -77.716778
v 2.001763 18.639383 -77.755348
v 1.678239 18.639383 -77.755348
v 1.840001 18.622636 -77.768504
v 1.236297 19.241331 -77.282489
v 2.443704 19.241331 -77.282489
v 1.298735 19.359869 -77.189372
v 2.381267 19.359869 -77.189372
v 1.398059 19.461659 -77.109411
v 2.281942 19.461659 -77.109411
v 1.527501 19.539766 -77.048054
v 2.152501 19.539766 -77.048054
v 1.678239 19.588866 -77.009484
v 2.001763 19.588866 -77.009484
v 1.840001 19.605613 -76.996328
v 2.465001 19.114124 -77.382416
f 1 2 3
f 1 22 21
f 1 23 22
f 1 3 23
f 2 26 3
f 2 27 26
f 3 26 23
f 4 5 6
f 4 6 7
f 4 8 5
f 4 7 28
f 5 8 29
f 5 30 6
f 5 29 30
f 6 24 7
f 6 25 24
f 6 30 25
f 7 27 28
f 7 24 26
f 7 26 27
f 8 31 29
f 9 10 11
f 9 32 31
f 9 15 32
f 9 11 15
f 10 12 11
f 10 13 12
f 11 12 15
f 12 14 15
f 14 16 17
f 14 17 15
f 15 17 32
f 16 18 19
f 16 19 17
f 17 33 32
f 17 19 33
f 18 20 19
f 19 34 33
f 19 20 36
f 19 36 34
f 20 21 22
f 20 22 35
f 20 35 36
f 22 23 24
f 22 24 25
f 22 25 35
f 23 26 24
f 25 30 34
f 25 34 35
f 29 31 32
f 29 33 30
f 29 32 33
f 30 33 34
f 34 36 35
f 37 38 39
f 38 40 41
f 38 41 39
f 39 41 50
f 40 42 43
f 40 43 41
f 41 51 50
f 41 43 51
f 42 44 45
f 42 45 43
f 43 45 57
f 43 57 51
f 44 46 47
f 44 47 45
f 45 47 56
f 45 56 57
f 46 48 49
f 46 49 47
f 47 49 55
f 47 55 56
f 48 53 49
f 49 53 54
f 49 54 55
f 50 51 52
f 51 1090 52
f 51 57 1090
f 53 58 54
f 54 1093 55
f 54 1094 1093
f 54 58 1094
f 55 1092 56
f 55 1093 1092
f 56 1091 57
f 56 1092 1091
f 57 1091 1090
f 58 1095 1094
f 59 60 61
f 59 61 62
f 59 63 60
f 60 63 66
f 60 66 94
f 60 87 61
f 60 94 87
f 61 84 85
f 61 85 62
f 61 87 84
f 63 64 65
f 63 65 66
f 63 67 64
f 64 86 65
f 64 67 86
f 65 86 92
f 65 92 66
f 66 92 94
f 67 91 86
f 68 69 70
f 68 71 72
f 68 72 69
f 69 72 74
f 69 74 88
f 71 73 74
f 71 74 72
f 71 75 73
f 73 75 76
f 73 89 74
f 73 93 89
f 73 76 93
f 74 89 90
f 74 90 88
f 75 77 76
f 76 79 81
f 76 77 79
f 76 81 93
f 77 78 79
f 78 80 81
f 78 81 79
f 78 82 80
f 80 83 84
f 80 82 83
f 80 84 81
f 81 84 87
f 81 87 93
f 83 85 84
f 86 90 92
f 86 91 90
f 87 94 93
f 88 90 91
f 89 92 90
f 89 94 92
f 89 93 94
f 95 96 97
f 96 98 99
f 96 99 97
f 97 99 108
f 98 100 101
f 98 101 99
f 99 109 108
f 99 101 109
f 100 102 103
f 100 103 101
f 101 103 115
f 101 115 109
f 102 104 105
f 102 105 103
f 103 105 114
f 103 114 115
f 104 106 107
f 104 107 105
f 105 107 113
f 105 113 114
f 106 111 107
f 107 111 112
f 107 112 113
f 108 109 110
f 109 1096 110
f 109 115 1096
f 111 116 112
f 112 1099 113
f 112 1100 1099
f 112 116 1100
f 113 1098 114
f 113 1099 1098
f 114 1097 115
f 114 1098 1097
f 115 1097 1096
f 116 1101 1100
f 117 118 119
f 117 119 120
f 117 121 118
f 118 121 122
f 118 122 189
f 118 189 194
f 118 194 119
f 119 194 199
f 119 1113 120
f 119 199 1113
f 121 123 122
f 122 123 124
f 122 124 184
f 122 184 189
f 123 125 124
f 124 125 126
f 124 126 179
f 124 179 184
f 125 127 126
f 126 127 128
f 126 128 174
f 126 174 179
f 127 129 128
f 128 129 130
f 128 130 169
f 128 169 174
f 129 131 130
f 130 131 132
f 130 132 164
f 130 164 169
f 131 133 132
f 132 133 134
f 132 134 159
f 132 159 164
f 133 135 134
f 134 135 136
f 134 136 153
f 134 153 159
f 135 137 136
f 136 137 138
f 136 138 151
f 136 151 153
f 137 139 138
f 138 139 140
f 138 154 151
f 138 140 154
f 139 1112 140
f 141 142 143
f 141 143 144
f 141 145 146
f 141 147 145
f 141 144 147
f 141 146 142
f 143 155 144
f 144 155 156
f 144 157 147
f 144 156 157
f 145 148 149
f 145 150 148
f 145 147 150
f 145 149 146
f 147 158 150
f 147 157 158
f 148 151 152
f 148 153 151
f 148 150 153
f 148 152 149
f 150 159 153
f 150 158 159
f 151 154 152
f 155 160 156
f 156 160 161
f 156 162 157
f 156 161 162
f 157 163 158
f 157 162 163
f 158 164 159
f 158 163 164
f 160 165 161
f 161 165 166
f 161 167 162
f 161 166 167
f 162 168 163
f 162 167 168
f 163 169 164
f 163 168 169
f 165 170 166
f 166 170 171
f 166 172 167
f 166 171 172
f 167 173 168
f 167 172 173
f 168 174 169
f 168 173 174
f 170 175 171
f 171 175 176
f 171 177 172
f 171 176 177
f 172 178 173
f 172 177 178
f 173 179 174
f 173 178 179
f 175 180 176
f 176 180 181
f 176 182 177
f 176 181 182
f 177 183 178
f 177 182 183
f 178 184 179
f 178 183 184
f 180 185 181
f 181 185 186
f 181 187 182
f 181 186 187
f 182 188 183
f 182 187 188
f 183 189 184
f 183 188 189
f 185 190 186
f 186 190 191
f 186 192 187
f 186 191 192
f 187 193 188
f 187 192 193
f 188 194 189
f 188 193 194
f 190 195 191
f 191 195 196
f 191 197 192
f 191 196 197
f 192 198 193
f 192 197 198
f 193 199 194
f 193 198 199
f 195 200 196
f 196 1116 197
f 196 1117 1116
f 196 200 1117
f 197 1115 198
f 197 1116 1115
f 198 1114 199
f 198 1115 1114
f 199 1114 1113
f 200 1118 1117
f 201 202 203
f 201 203 204
f 201 210 202
f 201 205 210
f 201 204 240
f 202 232 203
f 202 231 232
f 202 210 231
f 203 232 233
f 203 233 204
f 204 239 240
f 204 233 241
f 204 241 239
f 205 206 207
f 205 207 208
f 205 209 210
f 205 211 206
f 205 267 209
f 205 208 267
f 206 224 225
f 206 225 207
f 207 225 286
f 207 286 208
f 208 292 267
f 208 286 292
f 209 230 210
f 209 268 230
f 209 267 268
f 210 230 231
f 212 213 214
f 212 214 215
f 212 220 213
f 212 216 220
f 213 226 214
f 213 229 226
f 213 220 229
f 214 226 227
f 214 227 273
f 216 217 218
f 216 218 219
f 216 219 220
f 216 221 217
f 217 221 223
f 217 223 234
f 217 234 235
f 217 235 218
f 218 235 265
f 218 265 219
f 219 228 220
f 219 265 228
f 220 228 229
f 221 222 223
f 221 1129 222
f 222 236 237
f 222 238 223
f 222 237 238
f 222 1129 236
f 223 238 234
f 225 284 286
f 225 287 284
f 226 274 227
f 226 288 274
f 226 229 288
f 227 274 275
f 227 275 276
f 228 265 262
f 228 262 272
f 228 272 229
f 229 272 288
f 230 253 231
f 230 269 253
f 230 268 269
f 231 253 254
f 231 254 232
f 232 254 255
f 232 255 233
f 233 255 266
f 233 266 241
f 234 264 235
f 234 251 264
f 234 238 251
f 235 263 265
f 235 264 263
f 236 252 237
f 236 1129 252
f 237 252 250
f 237 250 249
f 237 249 238
f 238 249 251
f 239 241 242
f 241 243 242
f 241 266 243
f 242 243 244
f 242 244 247
f 243 245 244
f 243 266 245
f 244 246 247
f 244 248 246
f 244 245 248
f 245 258 261
f 245 261 248
f 245 266 258
f 246 249 250
f 246 251 249
f 246 248 251
f 246 250 247
f 248 261 264
f 248 264 251
f 253 256 254
f 253 270 256
f 253 269 270
f 254 256 257
f 254 257 255
f 255 257 258
f 255 258 266
f 256 259 257
f 256 271 259
f 256 270 271
f 257 259 260
f 257 260 258
f 258 260 261
f 259 262 260
f 259 272 262
f 259 271 272
f 260 262 263
f 260 263 261
f 261 263 264
f 262 265 263
f 267 292 268
f 268 291 269
f 268 292 291
f 269 290 270
f 269 291 290
f 270 289 271
f 270 290 289
f 271 288 272
f 271 289 288
f 274 277 275
f 274 289 277
f 274 288 289
f 275 277 278
f 275 278 279
f 277 280 278
f 277 290 280
f 277 289 290
f 278 280 281
f 278 281 282
f 280 283 281
f 280 291 283
f 280 290 291
f 281 283 284
f 281 284 285
f 283 286 284
f 283 292 286
f 283 291 292
f 293 294 295
f 293 295 296
f 293 297 294
f 293 296 316
f 294 297 299
f 294 299 321
f 294 321 322
f 294 322 295
f 295 317 296
f 295 322 317
f 296 315 316
f 296 317 318
f 296 318 315
f 297 298 299
f 297 300 298
f 298 300 302
f 298 302 325
f 298 325 326
f 298 326 299
f 299 326 321
f 300 301 302
f 300 1130 301
f 301 354 355
f 301 355 302
f 302 355 325
f 303 304 305
f 303 305 306
f 303 306 307
f 303 307 308
f 303 309 304
f 303 308 1131
f 304 309 312
f 304 319 320
f 304 320 305
f 304 312 319
f 305 346 306
f 305 320 346
f 306 323 307
f 306 346 323
f 307 323 324
f 307 324 308
f 308 365 367
f 308 324 365
f 309 310 311
f 309 311 312
f 310 313 311
f 311 313 314
f 311 314 312
f 312 314 319
f 313 336 314
f 314 336 335
f 314 335 319
f 315 318 327
f 315 327 330
f 317 322 338
f 317 328 318
f 317 338 328
f 318 328 327
f 319 335 337
f 319 337 320
f 320 337 344
f 320 344 346
f 321 326 347
f 321 339 322
f 321 347 339
f 322 339 338
f 323 346 345
f 323 345 353
f 323 353 324
f 324 366 365
f 324 353 366
f 325 355 356
f 325 348 326
f 325 356 348
f 326 348 347
f 327 329 330
f 327 331 329
f 327 328 331
f 328 338 340
f 328 340 331
f 329 332 333
f 329 334 332
f 329 331 334
f 329 333 330
f 331 340 342
f 331 342 334
f 332 335 333
f 332 337 335
f 332 334 337
f 333 335 336
f 334 342 344
f 334 344 337
f 338 341 340
f 338 339 341
f 339 347 349
f 339 349 341
f 340 343 342
f 340 341 343
f 341 349 351
f 341 351 343
f 342 345 344
f 342 343 345
f 343 353 345
f 343 351 353
f 344 345 346
f 347 350 349
f 347 348 350
f 348 356 358
f 348 358 350
f 349 352 351
f 349 350 352
f 350 358 360
f 350 360 352
f 351 366 353
f 351 352 366
f 352 363 366
f 352 360 363
f 355 357 356
f 356 359 358
f 358 361 360
f 360 362 363
f 363 364 365
f 363 365 366
f 368 369 370
f 369 371 372
f 369 372 370
f 370 372 394
f 371 373 374
f 371 374 372
f 372 392 394
f 372 374 392
f 373 375 376
f 373 376 374
f 374 376 390
f 374 390 392
f 375 377 378
f 375 378 376
f 376 378 388
f 376 388 390
f 377 379 380
f 377 380 378
f 378 380 386
f 378 386 388
f 379 395 380
f 380 395 382
f 380 382 386
f 381 382 383
f 381 383 384
f 381 385 382
f 382 385 386
f 382 395 383
f 385 387 386
f 386 387 388
f 387 389 388
f 388 389 390
f 389 391 390
f 390 391 392
f 391 393 392
f 392 393 394
f 396 397 398
f 396 398 399
f 396 405 397
f 396 400 405
f 396 399 435
f 397 427 398
f 397 426 427
f 397 405 426
f 398 427 428
f 398 428 399
f 399 434 435
f 399 428 436
f 399 436 434
f 400 401 402
f 400 402 403
f 400 404 405
f 400 406 401
f 400 462 404
f 400 403 462
f 401 419 420
f 401 420 402
f 402 420 481
f 402 481 403
f 403 487 462
f 403 481 487
f 404 425 405
f 404 463 425
f 404 462 463
f 405 425 426
f 407 408 409
f 407 409 410
f 407 415 408
f 407 411 415
f 408 421 409
f 408 424 421
f 408 415 424
f 409 421 422
f 409 422 468
f 411 412 413
f 411 413 414
f 411 414 415
f 411 416 412
f 412 416 418
f 412 418 429
f 412 429 430
f 412 430 413
f 413 430 460
f 413 460 414
f 414 423 415
f 414 460 423
f 415 423 424
f 416 417 418
f 416 1132 417
f 417 431 432
f 417 433 418
f 417 432 433
f 417 1132 431
f 418 433 429
f 420 479 481
f 420 482 479
f 421 469 422
f 421 483 469
f 421 424 483
f 422 469 470
f 422 470 471
f 423 460 457
f 423 457 467
f 423 467 424
f 424 467 483
f 425 448 426
f 425 464 448
f 425 463 464
f 426 448 449
f 426 449 427
f 427 449 450
f 427 450 428
f 428 450 461
f 428 461 436
f 429 459 430
f 429 446 459
f 429 433 446
f 430 458 460
f 430 459 458
f 431 447 432
f 431 1132 447
f 432 447 445
f 432 445 444
f 432 444 433
f 433 444 446
f 434 436 437
f 436 438 437
f 436 461 438
f 437 438 439
f 437 439 442
f 438 440 439
f 438 461 440
f 439 441 442
f 439 443 441
f 439 440 443
f 440 453 456
f 440 456 443
f 440 461 453
f 441 444 445
f 441 446 444
f 441 443 446
f 441 445 442
f 443 456 459
f 443 459 446
f 448 451 449
f 448 465 451
f 448 464 465
f 449 451 452
f 449 452 450
f 450 452 453
f 450 453 461
f 451 454 452
f 451 466 454
f 451 465 466
f 452 454 455
f 452 455 453
f 453 455 456
f 454 457 455
f 454 467 457
f 454 466 467
f 455 457 458
f 455 458 456
f 456 458 459
f 457 460 458
f 462 487 463
f 463 486 464
f 463 487 486
f 464 485 465
f 464 486 485
f 465 484 466
f 465 485 484
f 466 483 467
f 466 484 483
f 469 472 470
f 469 484 472
f 469 483 484
f 470 472 473
f 470 473 474
f 472 475 473
f 472 485 475
f 472 484 485
f 473 475 476
f 473 476 477
f 475 478 476
f 475 486 478
f 475 485 486
f 476 478 479
f 476 479 480
f 478 481 479
f 478 487 481
f 478 486 487
f 488 489 490
f 488 490 491
f 488 492 489
f 488 491 511
f 489 492 494
f 489 494 516
f 489 516 517
f 489 517 490
f 490 512 491
f 490 517 512
f 491 510 511
f 491 512 513
f 491 513 510
f 492 493 494
f 492 495 493
f 493 495 497
f 493 497 520
f 493 520 521
f 493 521 494
f 494 521 516
f 495 496 497
f 495 1133 496
f 496 549 550
f 496 550 497
f 497 550 520
f 498 499 500
f 498 500 501
f 498 501 502
f 498 502 503
f 498 504 499
f 498 503 1134
f 499 504 507
f 499 514 515
f 499 515 500
f 499 507 514
f 500 541 501
f 500 515 541
f 501 518 502
f 501 541 518
f 502 518 519
f 502 519 503
f 503 560 562
f 503 519 560
f 504 505 506
f 504 506 507
f 505 508 506
f 506 508 509
f 506 509 507
f 507 509 514
f 508 531 509
f 509 531 530
f 509 530 514
f 510 513 522
f 510 522 525
f 512 517 533
f 512 523 513
f 512 533 523
f 513 523 522
f 514 530 532
f 514 532 515
f 515 532 539
f 515 539 541
f 516 521 542
f 516 534 517
f 516 542 534
f 517 534 533
f 518 541 540
f 518 540 548
f 518 548 519
f 519 561 560
f 519 548 561
f 520 550 551
f 520 543 521
f 520 551 543
f 521 543 542
f 522 524 525
f 522 526 524
f 522 523 526
f 523 533 535
f 523 535 526
f 524 527 528
f 524 529 527
f 524 526 529
f 524 528 525
f 526 535 537
f 526 537 529
f 527 530 528
f 527 532 530
f 527 529 532
f 528 530 531
f 529 537 539
f 529 539 532
f 533 536 535
f 533 534 536
f 534 542 544
f 534 544 536
f 535 538 537
f 535 536 538
f 536 544 546
f 536 546 538
f 537 540 539
f 537 538 540
f 538 548 540
f 538 546 548
f 539 540 541
f 542 545 544
f 542 543 545
f 543 551 553
f 543 553 545
f 544 547 546
f 544 545 547
f 545 553 555
f 545 555 547
f 546 561 548
f 546 547 561
f 547 558 561
f 547 555 558
f 550 552 551
f 551 554 553
f 553 556 555
f 555 557 558
f 558 559 560
f 558 560 561
f 563 564 565
f 564 566 567
f 564 567 565
f 565 567 589
f 566 568 569
f 566 569 567
f 567 587 589
f 567 569 587
f 568 570 571
f 568 571 569
f 569 571 585
f 569 585 587
f 570 572 573
f 570 573 571
f 571 573 583
f 571 583 585
f 572 574 575
f 572 575 573
f 573 575 581
f 573 581 583
f 574 590 575
f 575 590 577
f 575 577 581
f 576 577 578
f 576 578 579
f 576 580 577
f 577 580 581
f 577 590 578
f 580 582 581
f 581 582 583
f 582 584 583
f 583 584 585
f 584 586 585
f 585 586 587
f 586 588 587
f 587 588 589
f 591 592 593
f 591 593 594
f 591 600 592
f 591 595 600
f 591 594 629
f 592 621 593
f 592 620 621
f 592 600 620
f 593 621 622
f 593 622 594
f 594 628 629
f 594 622 630
f 594 630 628
f 595 596 597
f 595 597 598
f 595 599 600
f 595 656 599
f 595 598 656
f 595 1136 596
f 596 613 614
f 596 614 597
f 597 614 675
f 597 675 598
f 598 681 656
f 598 675 681
f 599 619 600
f 599 657 619
f 599 656 657
f 600 619 620
f 601 602 603
f 601 603 604
f 601 609 602
f 601 605 609
f 602 615 603
f 602 618 615
f 602 609 618
f 603 615 616
f 603 616 662
f 605 606 607
f 605 607 608
f 605 608 609
f 605 610 606
f 606 610 612
f 606 612 623
f 606 623 624
f 606 624 607
f 607 624 654
f 607 654 608
f 608 617 609
f 608 654 617
f 609 617 618
f 610 611 612
f 610 1135 611
f 611 625 626
f 611 627 612
f 611 626 627
f 611 1135 625
f 612 627 623
f 614 673 675
f 614 676 673
f 615 663 616
f 615 677 663
f 615 618 677
f 616 663 664
f 616 664 665
f 617 654 651
f 617 651 661
f 617 661 618
f 618 661 677
f 619 642 620
f 619 658 642
f 619 657 658
f 620 642 643
f 620 643 621
f 621 643 644
f 621 644 622
f 622 644 655
f 622 655 630
f 623 653 624
f 623 640 653
f 623 627 640
f 624 652 654
f 624 653 652
f 625 641 626
f 625 1135 641
f 626 641 639
f 626 639 638
f 626 638 627
f 627 638 640
f 628 630 631
f 630 632 631
f 630 655 632
f 631 632 633
f 631 633 636
f 632 634 633
f 632 655 634
f 633 635 636
f 633 637 635
f 633 634 637
f 634 647 650
f 634 650 637
f 634 655 647
f 635 638 639
f 635 640 638
f 635 637 640
f 635 639 636
f 637 650 653
f 637 653 640
f 642 645 643
f 642 659 645
f 642 658 659
f 643 645 646
f 643 646 644
f 644 646 647
f 644 647 655
f 645 648 646
f 645 660 648
f 645 659 660
f 646 648 649
f 646 649 647
f 647 649 650
f 648 651 649
f 648 661 651
f 648 660 661
f 649 651 652
f 649 652 650
f 650 652 653
f 651 654 652
f 656 681 657
f 657 680 658
f 657 681 680
f 658 679 659
f 658 680 679
f 659 678 660
f 659 679 678
f 660 677 661
f 660 678 677
f 663 666 664
f 663 678 666
f 663 677 678
f 664 666 667
f 664 667 668
f 666 669 667
f 666 679 669
f 666 678 679
f 667 669 670
f 667 670 671
f 669 672 670
f 669 680 672
f 669 679 680
f 670 672 673
f 670 673 674
f 672 675 673
f 672 681 675
f 672 680 681
f 682 683 684
f 682 684 685
f 682 686 683
f 682 685 705
f 683 686 688
f 683 688 710
f 683 710 711
f 683 711 684
f 684 706 685
f 684 711 706
f 685 704 705
f 685 706 707
f 685 707 704
f 686 687 688
f 686 689 687
f 687 689 691
f 687 691 714
f 687 714 715
f 687 715 688
f 688 715 710
f 689 690 691
f 689 1137 690
f 690 743 744
f 690 744 691
f 691 744 714
f 692 693 694
f 692 694 695
f 692 695 696
f 692 696 697
f 692 698 693
f 692 697 1138
f 693 698 701
f 693 708 709
f 693 709 694
f 693 701 708
f 694 735 695
f 694 709 735
f 695 712 696
f 695 735 712
f 696 712 713
f 696 713 697
f 697 754 756
f 697 713 754
f 698 699 700
f 698 700 701
f 699 702 700
f 700 702 703
f 700 703 701
f 701 703 708
f 702 725 703
f 703 725 724
f 703 724 708
f 704 707 716
f 704 716 719
f 706 711 727
f 706 717 707
f 706 727 717
f 707 717 716
f 708 724 726
f 708 726 709
f 709 726 733
f 709 733 735
f 710 715 736
f 710 728 711
f 710 736 728
f 711 728 727
f 712 735 734
f 712 734 742
f 712 742 713
f 713 755 754
f 713 742 755
f 714 744 745
f 714 737 715
f 714 745 737
f 715 737 736
f 716 718 719
f 716 720 718
f 716 717 720
f 717 727 729
f 717 729 720
f 718 721 722
f 718 723 721
f 718 720 723
f 718 722 719
f 720 729 731
f 720 731 723
f 721 724 722
f 721 726 724
f 721 723 726
f 722 724 725
f 723 731 733
f 723 733 726
f 727 730 729
f 727 728 730
f 728 736 738
f 728 738 730
f 729 732 731
f 729 730 732
f 730 738 740
f 730 740 732
f 731 734 733
f 731 732 734
f 732 742 734
f 732 740 742
f 733 734 735
f 736 739 738
f 736 737 739
f 737 745 747
f 737 747 739
f 738 741 740
f 738 739 741
f 739 747 749
f 739 749 741
f 740 755 742
f 740 741 755
f 741 752 755
f 741 749 752
f 744 746 745
f 745 748 747
f 747 750 749
f 749 751 752
f 752 753 754
f 752 754 755
f 757 758 759
f 757 759 760
f 757 761 762
f 757 762 763
f 757 764 765
f 757 765 766
f 757 767 768
f 757 769 764
f 757 766 767
f 757 768 758
f 757 760 761
f 757 763 1142
f 758 768 771
f 761 1141 762
f 768 770 771
f 768 772 770
f 770 772 774
f 772 773 774
f 772 775 776
f 772 776 773
f 773 776 783
f 775 784 776
f 776 777 778
f 776 779 780
f 776 780 781
f 776 782 783
f 776 784 777
f 776 778 785
f 776 1139 779
f 776 781 782
f 780 1140 781
f 786 787 788
f 786 788 789
f 786 790 787
f 787 790 792
f 788 1145 789
f 790 791 792
f 790 793 791
f 791 793 794
f 793 795 794
f 794 795 797
f 795 796 797
f 795 798 796
f 796 798 800
f 798 799 800
f 798 801 799
f 799 801 803
f 801 802 803
f 801 804 802
f 802 804 805
f 804 806 805
f 805 806 808
f 806 807 808
f 806 809 807
f 807 809 810
f 809 811 810
f 810 811 813
f 811 812 813
f 811 814 812
f 812 814 816
f 814 815 816
f 814 817 815
f 815 817 819
f 817 818 819
f 817 820 818
f 818 820 821
f 820 822 821
f 821 822 824
f 822 823 824
f 822 825 823
f 823 825 826
f 825 827 826
f 826 827 829
f 827 828 829
f 827 830 828
f 828 830 831
f 830 832 831
f 831 832 834
f 832 833 834
f 832 835 833
f 833 835 837
f 835 836 837
f 835 838 836
f 836 838 840
f 838 839 840
f 838 841 839
f 839 841 842
f 841 1144 842
f 842 1144 1143
f 843 844 845
f 843 846 844
f 844 846 847
f 846 848 847
f 847 848 849
f 848 850 849
f 849 850 851
f 850 852 851
f 851 852 853
f 852 854 853
f 853 854 855
f 854 856 855
f 857 858 859
f 858 1156 859
f 859 860 861
f 859 888 893
f 859 893 894
f 859 894 895
f 859 895 896
f 859 896 897
f 859 899 1154
f 859 897 899
f 859 1156 860
f 859 861 1157
f 859 1157 888
f 862 863 864
f 862 864 882
f 862 882 883
f 862 883 884
f 862 884 885
f 862 885 886
f 862 887 888
f 862 886 887
f 863 867 864
f 864 865 866
f 864 867 865
f 864 866 868
f 864 868 869
f 864 870 871
f 864 871 878
f 864 878 879
f 864 879 880
f 864 880 881
f 864 881 882
f 870 874 871
f 871 872 873
f 871 874 872
f 871 873 875
f 871 877 876
f 871 876 878
f 887 889 888
f 888 889 890
f 888 890 891
f 888 891 892
f 888 892 893
f 897 898 899
f 898 1155 899
f 899 1150 1151
f 899 1151 1152
f 899 1152 1153
f 899 1153 1154
f 900 901 902
f 900 903 901
f 901 903 904
f 903 905 904
f 904 905 906
f 905 907 906
f 906 907 908
f 907 909 908
f 908 909 910
f 909 911 910
f 910 911 912
f 911 913 912
f 914 915 916
f 914 917 915
f 915 917 918
f 917 919 918
f 918 919 920
f 919 921 920
f 920 921 922
f 921 923 922
f 922 923 924
f 923 925 924
f 924 925 926
f 925 927 926
f 928 929 930
f 928 930 931
f 928 932 929
f 928 1163 1162
f 928 1164 1163
f 928 931 1164
f 930 933 934
f 930 1166 931
f 930 1167 1166
f 930 934 1167
f 931 1165 1164
f 933 935 934
f 934 1168 1167
f 934 1169 1168
f 934 1170 1169
f 934 1171 1170
f 934 1172 1171
f 936 937 938
f 937 1177 938
f 938 941 1173
f 938 1173 1174
f 938 1174 1175
f 938 1175 1176
f 938 1177 941
f 938 1176 1182
f 939 940 941
f 939 941 1177
f 940 1178 941
f 941 944 974
f 941 975 976
f 941 1178 971
f 941 971 944
f 941 974 1179
f 941 1179 975
f 941 976 1180
f 941 1180 1181
f 942 943 944
f 942 944 972
f 943 973 944
f 944 971 972
f 944 973 968
f 944 968 947
f 945 946 947
f 945 947 969
f 946 970 947
f 947 950 966
f 947 968 969
f 947 970 960
f 947 960 950
f 948 949 950
f 948 950 961
f 949 952 950
f 950 951 958
f 950 960 961
f 950 952 951
f 950 962 963
f 950 963 964
f 950 965 966
f 950 967 962
f 950 964 965
f 951 952 953
f 951 953 954
f 951 955 956
f 951 956 957
f 951 959 955
f 951 957 958
f 977 978 979
f 977 980 978
f 978 980 981
f 980 982 981
f 981 982 983
f 982 984 983
f 983 984 985
f 984 986 985
f 985 986 987
f 986 988 987
f 987 988 989
f 988 990 989
f 991 992 993
f 991 993 994
f 991 994 995
f 991 996 997
f 991 998 999
f 991 1000 998
f 991 999 992
f 991 995 996
f 992 999 1001
f 992 1001 1185
f 994 1186 995
f 995 1186 1187
f 995 1188 1189
f 995 1189 1190
f 995 1187 1188
f 999 1184 1001
f 1001 1184 1183
f 1002 1003 1004
f 1002 1005 1003
f 1003 1005 1006
f 1005 1007 1006
f 1006 1007 1008
f 1007 1009 1008
f 1008 1009 1010
f 1009 1011 1010
f 1010 1011 1012
f 1011 1013 1012
f 1012 1013 1014
f 1013 1191 1014
f 1015 1016 1017
f 1015 1018 1016
f 1016 1018 1019
f 1016 1019 1020
f 1016 1020 1021
f 1016 1021 1193
f 1021 1035 1193
f 1021 1022 1035
f 1022 1023 1024
f 1022 1024 1025
f 1022 1026 1023
f 1022 1025 1035
f 1023 1026 1027
f 1023 1028 1029
f 1023 1027 1198
f 1023 1198 1028
f 1024 1031 1030
f 1024 1030 1032
f 1024 1032 1033
f 1024 1033 1034
f 1024 1034 1025
f 1035 1192 1193
f 1036 1037 1038
f 1036 1038 1039
f 1036 1040 1037
f 1037 1040 1041
f 1038 1213 1039
f 1040 1042 1041
f 1041 1042 1043
f 1042 1044 1043
f 1043 1044 1045
f 1044 1046 1045
f 1045 1046 1047
f 1046 1048 1047
f 1049 1050 1051
f 1049 1051 1052
f 1049 1053 1050
f 1050 1053 1054
f 1051 1232 1052
f 1053 1055 1054
f 1054 1055 1056
f 1055 1057 1056
f 1056 1057 1058
f 1057 1059 1058
f 1058 1059 1060
f 1059 1061 1060
f 1062 1063 1064
f 1062 1065 1063
f 1063 1065 1066
f 1065 1067 1066
f 1066 1067 1068
f 1067 1069 1068
f 1068 1069 1070
f 1069 1071 1070
f 1070 1071 1072
f 1071 1073 1072
f 1072 1073 1074
f 1073 1233 1074
f 1075 1076 1077
f 1076 1387 1077
f 1078 1079 1080
f 1078 1081 1079
f 1079 1081 1082
f 1079 1082 1083
f 1079 1083 1084
f 1079 1084 1085
f 1079 1085 1086
f 1079 1086 1087
f 1079 1087 1088
f 1079 1088 1089
f 1079 1476 1475
f 1079 1089 1476
f 1102 1103 1104
f 1103 1105 1104
f 1104 1105 1106
f 1105 1107 1106
f 1106 1107 1108
f 1107 1109 1108
f 1108 1109 1110
f 1109 1111 1110
f 1119 1120 1121
f 1120 1122 1121
f 1121 1122 1123
f 1122 1124 1123
f 1123 1124 1125
f 1124 1126 1125
f 1125 1126 1127
f 1126 1128 1127
f 1146 1147 1148
f 1147 1149 1148
f 1158 1159 1160
f 1159 1161 1160
f 1192 1194 1193
f 1193 1194 1195
f 1193 1195 1196
f 1193 1196 1197
f 1199 1200 1201
f 1200 1202 1201
f 1201 1202 1203
f 1202 1204 1203
f 1203 1204 1205
f 1204 1206 1205
f 1205 1206 1207
f 1206 1208 1207
f 1207 1208 1209
f 1208 1210 1209
f 1209 1210 1211
f 1210 1212 1211
f 1214 1215 1216
f 1215 1217 1216
f 1218 1219 1220
f 1219 1221 1220
f 1220 1221 1222
f 1221 1223 1222
f 1222 1223 1224
f 1223 1225 1224
f 1224 1225 1226
f 1225 1227 1226
f 1226 1227 1228
f 1227 1229 1228
f 1228 1229 1230
f 1229 1231 1230
f 1234 1235 1236
f 1235 1237 1236
f 1236 1237 1238
f 1237 1239 1238
f 1238 1239 1240
f 1239 1241 1240
f 1240 1241 1242
f 1241 1243 1242
f 1242 1243 1244
f 1243 1245 1244
f 1244 1245 1246
f 1245 1247 1246
f 1248 1249 1250
f 1249 1251 1250
f 1250 1251 1252
f 1250 1253 1254
f 1250 1252 1253
f 1253 1255 1254
f 1254 1255 1256
f 1254 1257 1258
f 1254 1256 1257
f 1259 1260 1261
f 1260 1262 1261
f 1260 1263 1262
f 1260 1264 1263
f 1260 1265 1264
f 1264 1265 1266
f 1265 1267 1266
f 1265 1268 1267
f 1265 1269 1268
f 1270 1271 1272
f 1271 1273 1272
f 1272 1273 1274
f 1273 1275 1274
f 1274 1275 1276
f 1275 1277 1276
f 1276 1277 1278
f 1277 1279 1278
f 1278 1279 1280
f 1279 1281 1280
f 1280 1281 1282
f 1281 1283 1282
f 1284 1285 1286
f 1285 1287 1286
f 1285 1288 1287
f 1285 1289 1288
f 1285 1290 1289
f 1289 1290 1291
f 1290 1292 1291
f 1290 1293 1292
f 1290 1294 1293
f 1295 1296 1297
f 1296 1298 1297
f 1299 1300 1301
f 1300 1302 1301
f 1301 1302 1303
f 1302 1304 1303
f 1303 1304 1305
f 1304 1306 1305
f 1305 1306 1307
f 1306 1308 1307
f 1307 1308 1309
f 1308 1310 1309
f 1309 1310 1311
f 1310 1312 1311
f 1311 1312 1313
f 1312 1314 1313
f 1313 1314 1315
f 1314 1316 1315
f 1315 1316 1317
f 1316 1318 1317
f 1317 1318 1319
f 1318 1320 1319
f 1319 1320 1321
f 1320 1322 1321
f 1321 1322 1323
f 1322 1324 1323
f 1323 1324 1325
f 1324 1326 1325
f 1325 1326 1327
f 1326 1328 1327
f 1327 1328 1329
f 1328 1330 1329
f 1329 1330 1331
f 1330 1332 1331
f 1331 1332 1333
f 1332 1334 1333
f 1333 1334 1335
f 1334 1336 1335
f 1335 1336 1337
f 1336 1338 1337
f 1337 1338 1339
f 1338 1340 1339
f 1341 1342 1343
f 1342 1344 1343
f 1345 1346 1347
f 1346 1348 1347
f 1347 1348 1349
f 1348 1350 1349
f 1349 1350 1351
f 1350 1352 1351
f 1351 1352 1353
f 1352 1354 1353
f 1353 1354 1355
f 1354 1356 1355
f 1355 1356 1357
f 1356 1358 1357
f 1357 1358 1359
f 1358 1360 1359
f 1359 1360 1361
f 1360 1362 1361
f 1361 1362 1363
f 1362 1364 1363
f 1363 1364 1365
f 1364 1366 1365
f 1365 1366 1367
f 1366 1368 1367
f 1367 1368 1369
f 1368 1370 1369
f 1369 1370 1371
f 1370 1372 1371
f 1371 1372 1373
f 1372 1374 1373
f 1373 1374 1375
f 1374 1376 1375
f 1375 1376 1377
f 1376 1378 1377
f 1377 1378 1379
f 1378 1380 1379
f 1379 1380 1381
f 1380 1382 1381
f 1381 1382 1383
f 1382 1384 1383
f 1383 1384 1385
f 1384 1386 1385
f 1388 1389 1390
f 1389 1391 1390
f 1392 1393 1394
f 1393 1395 1394
f 1394 1395 1396
f 1394 1397 1398
f 1394 1398 1399
f 1394 1400 1401
f 1394 1396 1397
f 1394 1399 1400
f 1398 1402 1403
f 1398 1403 1404
f 1398 1405 1406
f 1398 1406 1407
f 1398 1408 1399
f 1398 1409 1408
f 1398 1410 1409
f 1398 1411 1410
f 1398 1407 1411
f 1398 1442 1402
f 1398 1404 1405
f 1407 1412 1411
f 1407 1413 1412
f 1407 1414 1413
f 1407 1415 1414
f 1407 1416 1415
f 1407 1417 1416
f 1416 1417 1418
f 1417 1419 1420
f 1417 1421 1418
f 1417 1422 1421
f 1417 1423 1422
f 1417 1424 1423
f 1417 1420 1424
f 1419 1426 1420
f 1420 1425 1424
f 1420 1426 1427
f 1420 1428 1429
f 1420 1429 1430
f 1420 1431 1432
f 1420 1433 1425
f 1420 1434 1433
f 1420 1435 1434
f 1420 1432 1435
f 1420 1427 1428
f 1431 1437 1432
f 1432 1436 1435
f 1432 1437 1438
f 1432 1439 1440
f 1432 1441 1436
f 1432 1438 1439
f 1443 1444 1445
f 1444 1446 1445
f 1447 1448 1449
f 1447 1450 1448
f 1447 1466 1450
f 1448 1451 1449
f 1449 1451 1452
f 1449 1453 1454
f 1449 1454 1455
f 1449 1456 1457
f 1449 1457 1458
f 1449 1459 1460
f 1449 1460 1461
f 1449 1462 1463
f 1449 1463 1464
f 1449 1464 1465
f 1449 1452 1453
f 1449 1455 1456
f 1449 1458 1459
f 1449 1461 1462
f 1450 1466 1467
f 1464 1471 1465
f 1465 1471 1472
f 1466 1468 1467
f 1467 1468 1469
f 1468 1470 1469
f 1471 1473 1472
f 1472 1473 1474
f 1473 1475 1474
f 1474 1475 1476
f 1477 1478 1479
f 1478 1480 1479
f 1479 1480 1481
f 1480 1482 1481
f 1481 1482 1483
f 1482 1484 1483
f 1483 1484 1485
f 1484 1486 1485
f 1485 1486 1487
f 1486 1488 1487
f 1487 1488 1489
f 1488 1490 1489
f 1489 1490 1491
f 1490 1492 1491
f 1491 1492 1493
f 1492 1494 1493
f 1493 1494 1495
f 1494 1496 1495
f 1495 1496 1497
f 1496 1498 1497
f 1497 1498 1499
f 1498 1500 1499
f 1499 1500 1501
f 1500 1502 1501
f 1503 1504 1505
f 1504 1506 1505
f 1507 1508 1509
f 1507 1510 1508
f 1508 1510 1511
f 1508 1511 1512
f 1508 1513 1514
f 1508 1514 1509
f 1508 1512 1526
f 1508 1527 1513
f 1509 1514 1515
f 1509 1516 1517
f 1509 1517 1518
f 1509 1518 1519
f 1509 1520 1521
f 1509 1521 1522
f 1509 1523 1524
f 1509 1524 1525
f 1509 1515 1516
f 1509 1519 1520
f 1509 1522 1523
f 1518 1528 1519
f 1519 1528 1529
f 1519 1530 1531
f 1519 1531 1532
f 1519 1532 1533
f 1519 1529 1530
f 1532 1534 1533
f 1533 1534 1535
f 1533 1536 1537
f 1533 1537 1538
f 1533 1538 1539
f 1533 1535 1536
f 1533 1539 1549
f 1538 1540 1539
f 1539 1540 1541
f 1539 1542 1543
f 1539 1543 1544
f 1539 1545 1546
f 1539 1546 1547
f 1539 1548 1549
f 1539 1541 1542
f 1539 1544 1555
f 1539 1557 1545
f 1539 1547 1548
f 1543 1550 1544
f 1544 1550 1551
f 1544 1552 1553
f 1544 1553 1554
f 1544 1556 1552
f 1544 1554 1555
f 1558 1559 1560
f 1559 1561 1560
f 1562 1563 1564
f 1563 1565 1564
f 1566 1567 1568
f 1566 1569 1570
f 1566 1568 1569
f 1569 1571 1570
f 1570 1571 1572
f 1571 1573 1572
f 1572 1573 1574
f 1573 1575 1574
f 1574 1575 1576
f 1575 1577 1576
f 1576 1577 1578
f 1577 1579 1578
f 1578 1579 1580
f 1579 1581 1580
f 1580 1581 1582
f 1581 1583 1582
f 1582 1583 1584
f 1583 1585 1584
f 1584 1585 1587
f 1585 1586 1587
f 1585 1588 1586
f 1586 1588 1589
f 1588 1590 1589
f 1589 1590 1591
f 1590 1592 1591
f 1591 1592 1593
f 1592 1594 1593
f 1593 1594 1595
f 1594 1596 1595
f 1595 1596 1597
f 1596 1598 1597
f 1597 1598 1599
f 1598 1600 1599
f 1599 1600 1601
f 1600 1602 1601
f 1601 1602 1603
f 1602 1604 1603
f 1603 1604 1606
f 1604 1605 1606
f 1604 1607 1605
f 1605 1607 1608
f 1607 1609 1608
f 1608 1609 1610
f 1609 1611 1610
f 1610 1611 1612
f 1611 1613 1612
f 1612 1613 1614
f 1613 1615 1614
f 1614 1615 1616
f 1615 1617 1616
f 1616 1617 1618
f 1617 1619 1618
f 1618 1619 1620
f 1619 1621 1620
f 1620 1621 1622
f 1621 1623 1622
f 1622 1623 1625
f 1623 1624 1625
f 1623 1626 1624
f 1624 1626 1627
f 1626 1628 1627
f 1627 1628 1629
f 1628 1630 1629
f 1629 1630 1631
f 1630 1632 1631
f 1631 1632 1633
f 1632 1634 1633
f 1633 1634 1635
f 1634 1636 1635
f 1635 1636 1637
f 1636 1638 1637
f 1637 1638 1639
f 1638 1640 1639
f 1639 1640 1641
f 1640 1723 1641
f 1641 1723 1724
f 1642 1643 1644
f 1642 1645 1643
f 1643 1645 1646
f 1645 1647 1646
f 1646 1647 1648
f 1647 1649 1648
f 1648 1649 1650
f 1649 1651 1650
f 1650 1651 1652
f 1651 1653 1652
f 1652 1653 1654
f 1653 1655 1654
f 1654 1655 1656
f 1655 1657 1656
f 1656 1657 1658
f 1657 1659 1658
f 1658 1659 1660
f 1659 1661 1660
f 1660 1661 1662
f 1661 1663 1662
f 1662 1663 1664
f 1663 1665 1664
f 1664 1665 1666
f 1665 1667 1666
f 1666 1667 1668
f 1667 1669 1668
f 1668 1669 1670
f 1669 1671 1670
f 1670 1671 1672
f 1671 1673 1672
f 1672 1673 1674
f 1673 1675 1674
f 1674 1675 1676
f 1675 1677 1676
f 1676 1677 1678
f 1677 1679 1678
f 1678 1679 1680
f 1679 1681 1680
f 1680 1681 1682
f 1681 1683 1682
f 1682 1683 1684
f 1683 1685 1684
f 1684 1685 1686
f 1685 1687 1686
f 1686 1687 1688
f 1687 1689 1688
f 1688 1689 1690
f 1689 1691 1690
f 1690 1691 1692
f 1691 1693 1692
f 1692 1693 1694
f 1693 1695 1694
f 1694 1695 1696
f 1695 1697 1696
f 1696 1697 1698
f 1697 1699 1698
f 1698 1699 1700
f 1699 1701 1700
f 1700 1701 1702
f 1701 1703 1702
f 1702 1703 1704
f 1703 1705 1704
f 1704 1705 1706
f 1705 1707 1706
f 1706 1707 1708
f 1707 1709 1708
f 1708 1709 1710
f 1709 1711 1710
f 1710 1711 1712
f 1711 1713 1712
f 1712 1713 1714
f 1713 1715 1714
f 1714 1715 1716
f 1715 1717 1716
f 1716 1717 1718
f 1717 1719 1718
f 1718 1719 1720
f 1719 1721 1720
f 1720 1721 1722
f 1721 1725 1722
f 1726 1727 1728
f 1727 1729 1728
f 1727 1730 1729
f 1729 1730 1731
f 1730 1732 1731
f 1731 1732 1733
f 1732 1734 1733
f 1733 1734 1735
f 1734 1736 1735
f 1735 1736 1737
f 1736 1738 1737
f 1737 1738 1739
f 1738 1740 1739
f 1739 1740 1741
f 1740 1742 1741
f 1741 1742 1743
f 1742 1744 1743
f 1743 1744 1745
f 1744 1746 1745
f 1745 1746 1747
f 1746 1748 1747
f 1747 1748 1749
f 1748 1750 1749
f 1749 1750 1751
f 1750 1752 1751
f 1751 1752 1753
f 1752 1754 1753
f 1753 1754 1755
f 1754 1756 1755
f 1755 1756 1757
f 1756 1758 1757
f 1757 1758 1759
f 1758 1760 1759
f 1759 1760 1761
f 1762 1763 1764
f 1763 1765 1764
f 1763 1766 1765
f 1765 1766 1767
f 1766 1768 1767
f 1767 1768 1769
f 1768 1770 1769
f 1769 1770 1771
f 1770 1772 1771
f 1771 1772 1773
f 1772 1774 1773
f 1773 1774 1775
f 1774 1776 1775
f 1775 1776 1777
f 1776 1778 1777
f 1777 1778 1779
f 1778 1780 1779
f 1779 1780 1781
f 1780 1782 1781
f 1781 1782 1783
f 1782 1784 1783
f 1783 1784 1785
f 1784 1786 1785
f 1785 1786 1787
f 1786 1788 1787
f 1787 1788 1789
f 1788 1790 1789
f 1789 1790 1791
f 1790 1792 1791
f 1791 1792 1793
f 1792 1794 1793
f 1793 1794 1795
f 1794 1796 1795
f 1795 1796 1797
f 1796 1798 1797
f 1797 1798 1799
f 1798 1800 1799
f 1799 1800 1801
f 1802 1803 1804
f 1803 1850 1804
f 1804 1850 1849
f 1805 1806 1807
f 1805 1807 1808
f 1805 1809 1806
f 1806 1809 1810
f 1807 1851 1808
f 1809 1811 1810
f 1810 1811 1812
f 1811 1813 1812
f 1812 1813 1814
f 1813 1815 1814
f 1814 1815 1816
f 1815 1817 1816
f 1816 1817 1818
f 1817 1819 1818
f 1818 1819 1820
f 1819 1821 1820
f 1820 1821 1822
f 1821 1823 1822
f 1822 1823 1824
f 1823 1825 1824
f 1824 1825 1826
f 1825 1827 1826
f 1826 1827 1828
f 1827 1829 1828
f 1828 1829 1830
f 1829 1831 1830
f 1830 1831 1832
f 1831 1833 1832
f 1832 1833 1834
f 1833 1835 1834
f 1834 1835 1836
f 1835 1837 1836
f 1836 1837 1838
f 1837 1839 1838
f 1838 1839 1840
f 1839 1841 1840
f 1840 1841 1842
f 1841 1843 1842
f 1842 1843 1844
f 1843 1845 1844
f 1844 1845 1846
f 1845 1847 1846
f 1846 1847 1848
f 1847 1849 1848
f 1848 1849 1850
f 1852 1853 1854
f 1852 1855 1853
f 1852 1868 1855
f 1853 1856 1854
f 1854 1856 1857
f 1855 1868 1869
f 1856 1858 1857
f 1857 1858 1859
f 1858 1860 1859
f 1859 1860 1861
f 1860 1862 1861
f 1861 1862 1863
f 1862 1864 1863
f 1863 1864 1865
f 1864 1866 1865
f 1865 1866 1867
f 1868 1870 1869
f 1869 1870 1871
f 1870 1872 1871
f 1871 1872 1873
f 1872 1874 1873
f 1873 1874 1875
f 1968 1969 1970
f 1968 1971 1969
f 1968 1972 1971
f 1969 2016 1970
f 1970 2016 2015
f 1971 1972 1973
f 1972 1974 1973
f 1973 1974 1975
f 1974 1976 1975
f 1975 1976 1977
f 1976 1978 1977
f 1977 1978 1979
f 1978 1980 1979
f 1979 1980 1981
f 1980 1982 1981
f 1981 1982 1983
f 1982 1984 1983
f 1983 1984 1985
f 1984 1986 1985
f 1985 1986 1987
f 1986 1988 1987
f 1987 1988 1989
f 1988 1990 1989
f 1989 1990 1991
f 1990 1992 1991
f 1991 1992 1993
f 1992 2017 1993
f 1994 1995 1996
f 1994 1997 1995
f 1995 1997 1998
f 1997 1999 1998
f 1998 1999 2000
f 1999 2001 2000
f 2000 2001 2002
f 2001 2003 2002
f 2002 2003 2004
f 2003 2005 2004
f 2004 2005 2006
f 2005 2007 2006
f 2006 2007 2008
f 2007 2009 2008
f 2008 2009 2010
f 2009 2011 2010
f 2010 2011 2012
f 2011 2013 2012
f 2012 2013 2014
f 2013 2015 2014
f 2014 2015 2016
f 2018 2019 2020
f 2018 2021 2019
f 2018 2034 2021
f 2019 2022 2020
f 2020 2022 2023
f 2021 2034 2035
f 2022 2024 2023
f 2023 2024 2025
f 2024 2026 2025
f 2025 2026 2027
f 2026 2028 2027
f 2027 2028 2029
f 2028 2030 2029
f 2029 2030 2031
f 2030 2032 2031
f 2031 2032 2033
f 2034 2036 2035
f 2035 2036 2037
f 2036 2038 2037
f 2037 2038 2039
f 2038 2040 2039
f 2039 2040 2041
f 2042 2043 2044
f 2042 2045 2043
f 2042 2068 2045
f 2044 2091 2090
f 2044 2090 2089
f 2045 2068 2067
f 2046 2047 2048
f 2046 2049 2047
f 2047 2049 2050
f 2049 2051 2050
f 2050 2051 2052
f 2051 2053 2052
f 2052 2053 2054
f 2053 2055 2054
f 2054 2055 2056
f 2055 2057 2056
f 2056 2057 2058
f 2057 2059 2058
f 2058 2059 2060
f 2059 2061 2060
f 2060 2061 2062
f 2061 2063 2062
f 2062 2063 2064
f 2063 2065 2064
f 2064 2065 2066
f 2065 2067 2066
f 2066 2067 2068
f 2069 2070 2071
f 2069 2071 2072
f 2069 2073 2070
f 2070 2073 2074
f 2071 2092 2072
f 2073 2075 2074
f 2074 2075 2076
f 2075 2077 2076
f 2076 2077 2078
f 2077 2079 2078
f 2078 2079 2080
f 2079 2081 2080
f 2080 2081 2082
f 2081 2083 2082
f 2082 2083 2084
f 2083 2085 2084
f 2084 2085 2086
f 2085 2087 2086
f 2086 2087 2088
f 2087 2089 2088
f 2088 2089 2090
f 2093 2094 2095
f 2093 2096 2094
f 2093 2109 2096
f 2094 2097 2095
f 2095 2097 2098
f 2096 2109 2110
f 2097 2099 2098
f 2098 2099 2100
f 2099 2101 2100
f 2100 2101 2102
f 2101 2103 2102
f 2102 2103 2104
f 2103 2105 2104
f 2104 2105 2106
f 2105 2107 2106
f 2106 2107 2108
f 2109 2111 2110
f 2110 2111 2112
f 2111 2113 2112
f 2112 2113 2114
f 2113 2115 2114
f 2114 2115 2116
f 2117 2118 2119
f 2117 2119 2120
f 2117 2131 2118
f 2118 2131 2132
f 2119 2121 2120
f 2120 2121 2122
f 2121 2123 2122
f 2122 2123 2124
f 2123 2125 2124
f 2124 2125 2126
f 2125 2127 2126
f 2126 2127 2128
f 2127 2129 2128
f 2128 2129 2130
f 2131 2133 2132
f 2132 2133 2134
f 2133 2135 2134
f 2134 2135 2136
f 2135 2137 2136
f 2136 2137 2138
f 2137 2139 2138
f 2138 2139 2140
f 2141 2142 2143
f 2141 2152 2142
f 2141 2153 2152
f 2142 2144 2143
f 2143 2144 2145
f 2144 2146 2145
f 2145 2146 2147
f 2146 2148 2147
f 2147 2148 2149
f 2148 2150 2149
f 2149 2150 2151
f 2152 2153 2154
f 2153 2155 2154
f 2154 2155 2156
f 2155 2157 2156
f 2156 2157 2158
f 2157 2159 2158
f 2158 2159 2160
f 2159 2161 2160
f 2160 2161 2162
f 2161 2163 2162
f 2162 2163 2164
f 2165 2166 2167
f 2165 2167 2168
f 2165 2188 2166
f 2166 2188 2177
f 2167 2169 2168
f 2168 2169 2170
f 2169 2171 2170
f 2170 2171 2172
f 2171 2173 2172
f 2172 2173 2174
f 2173 2175 2174
f 2174 2175 2176
f 2177 2178 2179
f 2177 2188 2178
f 2178 2180 2179
f 2179 2180 2181
f 2180 2182 2181
f 2181 2182 2183
f 2182 2184 2183
f 2183 2184 2185
f 2184 2186 2185
f 2185 2186 2187